talhao,date,t_mean,t_max,t_min,precipitacao_total,evapotranspiracao_total,umidade_solo_mean,radiacao_solar_mean,ndvi_medio,chuva_acumulada_30d,chuva_acumulada_60d,chuva_acumulada_90d,gdd_diario,GDA_mensal,ndvi_target
RP_Talhao_Central,2021-08-12,21.52916666666667,30.0,14.8,0.0,4.47,0.28,220.20833333333334,0.1653728686395618,0.0,0.0,0.0,6.529166666666669,6.529166666666669,0.1653728686395618
RP_Talhao_Central,2021-08-13,22.53333333333333,30.7,16.2,0.0,4.89,0.28,223.41666666666666,0.1653728686395618,0.0,0.0,0.0,7.533333333333331,14.0625,0.1653728686395618
RP_Talhao_Central,2021-08-14,23.254166666666666,30.5,17.4,0.0,4.9,0.28,208.75,0.1653728686395618,0.0,0.0,0.0,8.254166666666666,22.316666666666666,0.1653728686395618
RP_Talhao_Central,2021-08-15,23.59583333333333,31.1,16.8,0.0,4.61,0.28,214.04166666666666,0.1653728686395618,0.0,0.0,0.0,8.595833333333331,30.912499999999998,0.1653728686395618
RP_Talhao_Central,2021-08-16,24.633333333333336,32.7,18.1,0.0,5.4799999999999995,0.28,207.04166666666666,0.1653728686395618,0.0,0.0,0.0,9.633333333333336,40.545833333333334,0.1653728686395618
RP_Talhao_Central,2021-08-17,24.295833333333334,31.3,18.3,0.0,4.68,0.2805416666666667,190.04166666666666,0.1653728686395618,0.0,0.0,0.0,9.295833333333334,49.84166666666667,0.1653728686395618
RP_Talhao_Central,2021-08-18,25.55,32.7,18.9,0.0,5.72,0.2805,232.58333333333334,0.1653728686395618,0.0,0.0,0.0,10.55,60.391666666666666,0.1653728686395618
RP_Talhao_Central,2021-08-19,24.775000000000002,31.7,19.1,0.0,6.17,0.279,237.25,0.1653728686395618,0.0,0.0,0.0,9.775000000000002,70.16666666666667,0.1653728686395618
RP_Talhao_Central,2021-08-20,23.875,30.4,16.9,0.0,5.34,0.279,238.41666666666666,0.1653728686395618,0.0,0.0,0.0,8.875,79.04166666666667,0.1653728686395618
RP_Talhao_Central,2021-08-21,23.666666666666668,30.9,17.0,0.0,5.58,0.279,236.29166666666666,0.1653728686395618,0.0,0.0,0.0,8.666666666666668,87.70833333333334,0.1653728686395618
RP_Talhao_Central,2021-08-22,23.90416666666667,31.2,17.3,0.0,5.53,0.279,239.91666666666666,0.1653728686395618,0.0,0.0,0.0,8.904166666666669,96.61250000000001,0.1653728686395618
RP_Talhao_Central,2021-08-23,25.087500000000002,32.3,18.0,0.0,5.54,0.280625,237.125,0.1653728686395618,0.0,0.0,0.0,10.087500000000002,106.70000000000002,0.1653728686395618
RP_Talhao_Central,2021-08-24,26.433333333333334,33.8,19.7,0.0,5.57,0.279,217.0,0.1653728686395618,0.0,0.0,0.0,11.433333333333334,118.13333333333334,0.1653728686395618
RP_Talhao_Central,2021-08-25,26.858333333333334,34.3,20.4,0.0,5.69,0.279,239.45833333333334,0.1653728686395618,0.0,0.0,0.0,11.858333333333334,129.99166666666667,0.1653728686395618
RP_Talhao_Central,2021-08-26,26.808333333333334,34.4,19.5,0.0,6.04,0.279,225.45833333333334,0.1653728686395618,0.0,0.0,0.0,11.808333333333334,141.8,0.1653728686395618
RP_Talhao_Central,2021-08-27,24.945833333333336,31.7,19.1,0.0,5.21,0.279,192.375,0.1653728686395618,0.0,0.0,0.0,9.945833333333336,151.74583333333334,0.1653728686395618
RP_Talhao_Central,2021-08-28,21.216666666666665,25.1,18.7,0.8999999999999999,3.67,0.279,167.83333333333334,0.1653728686395618,0.8999999999999999,0.8999999999999999,0.8999999999999999,6.216666666666665,157.9625,0.1653728686395618
RP_Talhao_Central,2021-08-29,21.979166666666668,27.6,17.8,0.0,3.52,0.279,141.20833333333334,0.1653728686395618,0.8999999999999999,0.8999999999999999,0.8999999999999999,6.979166666666668,164.9416666666667,0.1653728686395618
RP_Talhao_Central,2021-08-30,22.34583333333333,27.6,16.6,0.2,4.63,0.279125,203.70833333333334,0.1653728686395618,1.0999999999999999,1.0999999999999999,1.0999999999999999,7.345833333333331,172.28750000000002,0.1653728686395618
RP_Talhao_Central,2021-08-31,22.758333333333336,29.1,17.0,0.0,5.91,0.27875,233.66666666666666,0.1653728686395618,1.0999999999999999,1.0999999999999999,1.0999999999999999,7.758333333333336,180.04583333333335,0.1653728686395618
RP_Talhao_Central,2021-09-01,22.337500000000002,28.8,16.2,0.0,5.56,0.27675,237.33333333333334,0.1296162015402646,1.0999999999999999,1.0999999999999999,1.0999999999999999,7.337500000000002,187.38333333333335,0.1296162015402646
RP_Talhao_Central,2021-09-02,23.5625,30.6,17.6,0.0,5.14,0.276,229.79166666666666,0.1296162015402646,1.0999999999999999,1.0999999999999999,1.0999999999999999,8.5625,195.94583333333335,0.1296162015402646
RP_Talhao_Central,2021-09-03,24.833333333333332,32.2,19.2,0.0,5.24,0.276,231.875,0.1296162015402646,1.0999999999999999,1.0999999999999999,1.0999999999999999,9.833333333333332,205.7791666666667,0.1296162015402646
RP_Talhao_Central,2021-09-04,26.037499999999998,33.9,18.6,0.0,5.36,0.2765,248.0,0.1296162015402646,1.0999999999999999,1.0999999999999999,1.0999999999999999,11.037499999999998,216.8166666666667,0.1296162015402646
RP_Talhao_Central,2021-09-05,27.770833333333332,36.0,20.0,0.0,6.36,0.276,228.54166666666666,0.1296162015402646,1.0999999999999999,1.0999999999999999,1.0999999999999999,12.770833333333332,229.5875,0.1296162015402646
RP_Talhao_Central,2021-09-06,27.537499999999998,35.7,20.5,0.0,6.53,0.276,252.66666666666666,0.1296162015402646,1.0999999999999999,1.0999999999999999,1.0999999999999999,12.537499999999998,242.125,0.1296162015402646
RP_Talhao_Central,2021-09-07,28.208333333333332,36.9,19.9,0.0,6.54,0.2755,223.16666666666666,0.1296162015402646,1.0999999999999999,1.0999999999999999,1.0999999999999999,13.208333333333332,255.33333333333334,0.1296162015402646
RP_Talhao_Central,2021-09-08,29.979166666666668,37.9,23.4,0.0,7.12,0.276,211.66666666666666,0.1296162015402646,1.0999999999999999,1.0999999999999999,1.0999999999999999,14.979166666666668,270.3125,0.1296162015402646
RP_Talhao_Central,2021-09-09,28.412499999999998,35.2,23.7,0.1,5.91,0.276,183.125,0.1296162015402646,1.2,1.2,1.2,13.412499999999998,283.725,0.1296162015402646
RP_Talhao_Central,2021-09-10,25.45,30.4,21.2,0.5,3.61,0.27375,160.54166666666666,0.1296162015402646,1.7,1.7,1.7,10.45,294.175,0.1296162015402646
RP_Talhao_Central,2021-09-11,25.7625,33.5,20.4,1.1,5.13,0.271,210.0,0.1296162015402646,2.8,2.8,2.8,10.7625,298.40833333333336,0.1296162015402646
RP_Talhao_Central,2021-09-12,27.670833333333334,34.9,20.0,0.1,5.94,0.27575,216.375,0.1296162015402646,2.9,2.9,2.9,12.670833333333334,303.54583333333335,0.1296162015402646
RP_Talhao_Central,2021-09-13,29.191666666666666,36.6,23.3,0.0,6.92,0.277,228.5,0.1296162015402646,2.9,2.9,2.9,14.191666666666666,309.48333333333335,0.1296162015402646
RP_Talhao_Central,2021-09-14,28.6375,36.3,21.0,0.0,6.89,0.27725000000000005,237.45833333333334,0.1296162015402646,2.9,2.9,2.9,13.6375,314.525,0.1296162015402646
RP_Talhao_Central,2021-09-15,27.9875,33.9,21.9,0.0,5.11,0.2810416666666667,180.29166666666666,0.1296162015402646,2.9,2.9,2.9,12.9875,317.87916666666666,0.1296162015402646
RP_Talhao_Central,2021-09-16,28.1125,35.3,22.9,0.0,6.2,0.27975,224.875,0.1296162015402646,2.9,2.9,2.9,13.1125,321.6958333333334,0.1296162015402646
RP_Talhao_Central,2021-09-17,27.900000000000002,34.5,22.7,0.0,6.07,0.28154166666666663,229.125,0.1296162015402646,2.9,2.9,2.9,12.900000000000002,324.04583333333335,0.1296162015402646
RP_Talhao_Central,2021-09-18,28.8625,36.0,21.7,0.0,5.87,0.27937500000000004,254.25,0.1296162015402646,2.9,2.9,2.9,13.8625,328.1333333333333,0.1296162015402646
RP_Talhao_Central,2021-09-19,29.65416666666667,36.1,21.7,0.0,6.12,0.28,232.0,0.1296162015402646,2.9,2.9,2.9,14.654166666666669,333.9125,0.1296162015402646
RP_Talhao_Central,2021-09-20,30.9375,37.2,24.4,0.0,6.13,0.28,216.91666666666666,0.1296162015402646,2.9,2.9,2.9,15.9375,341.1833333333334,0.1296162015402646
RP_Talhao_Central,2021-09-21,30.870833333333334,38.1,23.3,0.0,6.83,0.27987500000000004,220.625,0.1296162015402646,2.9,2.9,2.9,15.870833333333334,348.15,0.1296162015402646
RP_Talhao_Central,2021-09-22,23.224999999999998,30.6,17.2,0.0,6.86,0.279,267.125,0.1296162015402646,2.9,2.9,2.9,8.224999999999998,346.2875,0.1296162015402646
RP_Talhao_Central,2021-09-23,24.541666666666668,32.9,17.2,0.0,6.57,0.27975,266.3333333333333,0.1296162015402646,2.9,2.9,2.9,9.541666666666668,344.39583333333337,0.1296162015402646
RP_Talhao_Central,2021-09-24,26.870833333333334,34.9,19.4,0.0,6.7,0.279,254.20833333333334,0.1296162015402646,2.9,2.9,2.9,11.870833333333334,344.40833333333336,0.1296162015402646
RP_Talhao_Central,2021-09-25,26.5,34.4,20.0,0.0,5.59,0.279,236.16666666666666,0.1296162015402646,2.9,2.9,2.9,11.5,344.1,0.1296162015402646
RP_Talhao_Central,2021-09-26,24.84583333333333,33.3,19.7,5.7,4.95,0.28054166666666663,217.29166666666666,0.1296162015402646,8.6,8.6,8.6,9.845833333333331,344.0,0.1296162015402646
RP_Talhao_Central,2021-09-27,24.766666666666666,32.5,18.3,0.2,4.75,0.277625,237.83333333333334,0.1296162015402646,7.9,8.8,8.8,9.766666666666666,347.54999999999995,0.1296162015402646
RP_Talhao_Central,2021-09-28,27.21666666666667,33.6,21.1,0.0,5.65,0.27829166666666666,244.625,0.1296162015402646,7.9,8.8,8.8,12.216666666666669,352.7875,0.1296162015402646
RP_Talhao_Central,2021-09-29,28.02916666666667,35.1,20.8,0.0,6.29,0.2805,223.45833333333334,0.1296162015402646,7.700000000000001,8.8,8.8,13.029166666666669,358.4708333333333,0.1296162015402646
RP_Talhao_Central,2021-09-30,26.754166666666666,33.5,20.0,0.0,5.75,0.2856666666666667,245.83333333333334,0.1296162015402646,7.700000000000001,8.8,8.8,11.754166666666666,362.46666666666664,0.1296162015402646
RP_Talhao_Central,2021-10-01,27.066666666666666,36.5,20.6,4.6,6.08,0.29162499999999997,233.25,0.1474616900526334,12.3,13.4,13.4,12.066666666666666,367.1958333333333,0.1474616900526334
RP_Talhao_Central,2021-10-02,24.9875,31.5,20.4,1.8,3.94,0.29104166666666664,193.125,0.1474616900526334,14.100000000000001,15.200000000000001,15.200000000000001,9.9875,368.62083333333334,0.1474616900526334
RP_Talhao_Central,2021-10-03,26.625,35.7,21.3,3.7,5.88,0.28424999999999995,250.08333333333334,0.1474616900526334,17.8,18.9,18.9,11.625,370.41249999999997,0.1474616900526334
RP_Talhao_Central,2021-10-04,25.28333333333333,33.1,20.5,2.4,4.58,0.28954166666666664,215.70833333333334,0.1474616900526334,20.2,21.3,21.3,10.283333333333331,369.65833333333336,0.1474616900526334
RP_Talhao_Central,2021-10-05,25.912499999999998,33.0,21.3,1.1,4.89,0.28724999999999995,245.91666666666666,0.1474616900526334,21.3,22.4,22.4,10.912499999999998,367.79999999999995,0.1474616900526334
RP_Talhao_Central,2021-10-06,26.933333333333334,34.9,21.0,0.1,5.35,0.27937500000000004,252.66666666666666,0.1474616900526334,21.400000000000002,22.5,22.5,11.933333333333334,367.1958333333333,0.1474616900526334
RP_Talhao_Central,2021-10-07,22.954166666666666,27.0,20.9,17.0,1.76,0.28875,83.66666666666667,0.1474616900526334,38.400000000000006,39.5,39.5,7.954166666666666,361.94166666666666,0.1474616900526334
RP_Talhao_Central,2021-10-08,24.1875,31.5,18.4,0.1,4.67,0.282375,227.25,0.1474616900526334,38.5,39.6,39.6,9.1875,356.15000000000003,0.1474616900526334
RP_Talhao_Central,2021-10-09,24.516666666666666,32.9,20.4,27.5,4.36,0.2900833333333333,221.41666666666666,0.1474616900526334,65.9,67.1,67.1,9.516666666666666,352.25416666666666,0.1474616900526334
RP_Talhao_Central,2021-10-10,21.416666666666668,25.4,19.3,48.1,1.97,0.3745,104.83333333333333,0.1474616900526334,113.5,115.2,115.2,6.416666666666668,348.2208333333333,0.1474616900526334
RP_Talhao_Central,2021-10-11,21.275,24.8,18.4,4.4,2.67,0.42375,149.0,0.1474616900526334,116.80000000000001,119.60000000000001,119.60000000000001,6.274999999999999,343.73333333333335,0.1474616900526334
RP_Talhao_Central,2021-10-12,22.858333333333334,29.8,17.0,0.0,5.31,0.43883333333333335,283.4583333333333,0.1474616900526334,116.7,119.60000000000001,119.60000000000001,7.858333333333334,338.92083333333335,0.1474616900526334
RP_Talhao_Central,2021-10-13,24.175,30.8,18.1,0.0,5.46,0.42395833333333327,279.5,0.1474616900526334,116.7,119.60000000000001,119.60000000000001,9.175,333.90416666666664,0.1474616900526334
RP_Talhao_Central,2021-10-14,24.108333333333334,31.1,20.9,4.199999999999999,4.06,0.4074583333333333,190.625,0.1474616900526334,120.89999999999999,123.8,123.8,9.108333333333334,329.375,0.1474616900526334
RP_Talhao_Central,2021-10-15,24.741666666666664,31.1,19.5,4.1,4.890000000000001,0.3982916666666667,239.33333333333334,0.1474616900526334,125.0,127.9,127.9,9.741666666666664,326.12916666666666,0.1474616900526334
RP_Talhao_Central,2021-10-16,23.983333333333334,29.4,20.8,4.1,4.04,0.40724999999999995,229.45833333333334,0.1474616900526334,129.1,132.0,132.0,8.983333333333334,322.0,0.1474616900526334
RP_Talhao_Central,2021-10-17,23.854166666666668,30.2,19.1,2.0,4.24,0.4061666666666666,235.33333333333334,0.1474616900526334,131.1,134.0,134.0,8.854166666666668,317.95416666666665,0.1474616900526334
RP_Talhao_Central,2021-10-18,22.84583333333333,29.2,20.0,16.599999999999998,3.82,0.40599999999999997,217.625,0.1474616900526334,147.7,150.6,150.6,7.845833333333331,311.9375,0.1474616900526334
RP_Talhao_Central,2021-10-19,21.379166666666666,26.7,17.6,10.9,3.6,0.39008333333333334,198.625,0.1474616900526334,158.6,161.5,161.5,6.379166666666666,303.66249999999997,0.1474616900526334
RP_Talhao_Central,2021-10-20,20.270833333333332,25.8,15.9,24.4,4.15,0.4219166666666667,231.41666666666666,0.1474616900526334,183.0,185.9,185.9,5.270833333333332,292.99583333333334,0.1474616900526334
RP_Talhao_Central,2021-10-21,20.908333333333335,27.2,15.4,0.0,5.48,0.39891666666666664,299.9166666666667,0.1474616900526334,183.0,185.9,185.9,5.908333333333335,283.03333333333336,0.1474616900526334
RP_Talhao_Central,2021-10-22,22.004166666666666,29.0,15.4,0.0,5.75,0.38533333333333336,321.9583333333333,0.1474616900526334,183.0,185.9,185.9,7.004166666666666,281.8125,0.1474616900526334
RP_Talhao_Central,2021-10-23,25.170833333333334,32.9,17.8,0.0,6.8100000000000005,0.36533333333333334,320.2916666666667,0.1474616900526334,183.0,185.9,185.9,10.170833333333334,282.44166666666666,0.1474616900526334
RP_Talhao_Central,2021-10-24,21.870833333333334,24.1,19.2,17.8,2.69,0.35991666666666666,141.875,0.1474616900526334,200.79999999999998,203.7,203.7,6.870833333333334,277.44166666666666,0.1474616900526334
RP_Talhao_Central,2021-10-25,23.650000000000002,30.9,17.7,0.5,5.07,0.35470833333333335,267.8333333333333,0.1474616900526334,201.29999999999998,204.2,204.2,8.650000000000002,274.59166666666664,0.1474616900526334
RP_Talhao_Central,2021-10-26,23.6875,30.6,20.3,1.9000000000000001,4.38,0.35145833333333326,238.95833333333334,0.1474616900526334,197.5,206.1,206.1,8.6875,273.43333333333334,0.1474616900526334
RP_Talhao_Central,2021-10-27,23.125,29.0,20.4,8.4,2.79,0.36024999999999996,149.04166666666666,0.1474616900526334,205.7,213.6,214.5,8.125,271.7916666666667,0.1474616900526334
RP_Talhao_Central,2021-10-28,23.525000000000002,27.8,20.3,11.7,3.22,0.40199999999999997,149.45833333333334,0.1474616900526334,217.39999999999998,225.29999999999998,226.2,8.525000000000002,268.1,0.1474616900526334
RP_Talhao_Central,2021-10-29,24.53333333333333,29.9,19.7,0.30000000000000004,5.44,0.3955416666666667,282.5,0.1474616900526334,217.7,225.4,226.5,9.533333333333331,264.60416666666663,0.1474616900526334
RP_Talhao_Central,2021-10-30,23.462500000000002,30.6,19.4,4.3,5.0,0.38245833333333334,268.125,0.1474616900526334,222.0,229.70000000000002,230.8,8.462500000000002,261.3125,0.1474616900526334
RP_Talhao_Central,2021-10-31,20.037499999999998,22.0,19.0,40.2,1.17,0.40170833333333333,63.041666666666664,0.1474616900526334,257.6,269.9,271.0,5.037499999999998,254.28333333333333,0.1474616900526334
RP_Talhao_Central,2021-11-01,21.945833333333336,26.9,18.9,2.3,3.69,0.4300833333333333,209.16666666666666,0.1855005646925566,258.1,272.2,273.3,6.945833333333336,251.24166666666665,0.1855005646925566
RP_Talhao_Central,2021-11-02,22.641666666666666,28.4,16.9,0.2,5.12,0.41862499999999997,282.0833333333333,0.1855005646925566,254.6,272.4,273.5,7.641666666666666,247.25833333333333,0.1855005646925566
RP_Talhao_Central,2021-11-03,24.133333333333336,30.8,17.5,0.1,5.74,0.4027083333333333,298.5,0.1855005646925566,252.29999999999998,272.5,273.6,9.133333333333336,246.10833333333332,0.1855005646925566
RP_Talhao_Central,2021-11-04,25.483333333333334,32.6,18.5,0.0,6.8,0.3759166666666667,335.4583333333333,0.1855005646925566,251.2,272.5,273.6,10.483333333333334,245.67916666666667,0.1855005646925566
RP_Talhao_Central,2021-11-05,26.758333333333336,33.5,20.0,0.0,6.56,0.34725,293.125,0.1855005646925566,251.1,272.5,273.6,11.758333333333336,245.50416666666666,0.1855005646925566
RP_Talhao_Central,2021-11-06,27.52916666666667,33.9,20.9,0.1,6.34,0.32579166666666665,291.9166666666667,0.1855005646925566,234.2,272.6,273.7,12.529166666666669,250.07916666666668,0.1855005646925566
RP_Talhao_Central,2021-11-07,28.037499999999998,34.7,21.8,0.0,7.17,0.31175,308.0833333333333,0.1855005646925566,234.1,272.6,273.7,13.037499999999998,253.92916666666667,0.1855005646925566
RP_Talhao_Central,2021-11-08,26.620833333333334,35.1,21.1,0.0,6.13,0.3036666666666667,276.625,0.1855005646925566,206.6,272.5,273.7,11.620833333333334,256.03333333333336,0.1855005646925566
RP_Talhao_Central,2021-11-09,25.95,33.7,20.5,3.2,5.3500000000000005,0.296125,267.3333333333333,0.1855005646925566,161.70000000000002,275.2,276.9,10.95,260.56666666666666,0.1855005646925566
RP_Talhao_Central,2021-11-10,24.3625,30.7,21.0,5.7,4.35,0.2830416666666667,223.08333333333334,0.1855005646925566,163.0,279.8,282.6,9.3625,263.6541666666667,0.1855005646925566
RP_Talhao_Central,2021-11-11,21.708333333333332,26.4,20.1,11.2,2.49,0.32841666666666663,144.25,0.1855005646925566,174.20000000000002,290.9,293.8,6.708333333333332,262.50416666666666,0.1855005646925566
RP_Talhao_Central,2021-11-12,22.02916666666667,25.9,18.2,0.4,4.46,0.39283333333333337,225.20833333333334,0.1855005646925566,174.6,291.3,294.2,7.029166666666669,260.35833333333335,0.1855005646925566
RP_Talhao_Central,2021-11-13,21.55,28.0,15.8,0.0,6.18,0.38775000000000004,339.5416666666667,0.1855005646925566,170.39999999999998,291.3,294.2,6.550000000000001,257.8,0.1855005646925566
RP_Talhao_Central,2021-11-14,22.7375,29.1,16.7,0.0,6.43,0.37704166666666666,347.2916666666667,0.1855005646925566,166.29999999999998,291.3,294.2,7.737500000000001,255.79583333333335,0.1855005646925566
RP_Talhao_Central,2021-11-15,23.945833333333336,29.6,17.7,0.0,6.76,0.36516666666666664,324.7083333333333,0.1855005646925566,162.2,291.3,294.2,8.945833333333336,255.75833333333333,0.1855005646925566
RP_Talhao_Central,2021-11-16,24.758333333333336,30.9,18.9,0.0,6.72,0.353875,324.625,0.1855005646925566,160.2,291.3,294.2,9.758333333333336,256.6625,0.1855005646925566
RP_Talhao_Central,2021-11-17,26.229166666666668,31.9,20.4,0.1,6.09,0.34170833333333334,295.0833333333333,0.1855005646925566,143.70000000000002,291.4,294.3,11.229166666666668,260.04583333333335,0.1855005646925566
RP_Talhao_Central,2021-11-18,22.929166666666664,28.3,20.6,19.3,3.06,0.33395833333333336,164.58333333333334,0.1855005646925566,152.1,310.7,313.6,7.929166666666664,261.59583333333336,0.1855005646925566
RP_Talhao_Central,2021-11-19,21.691666666666666,25.1,20.4,45.9,1.83,0.43625,111.29166666666667,0.1855005646925566,173.6,356.6,359.5,6.691666666666666,263.0166666666667,0.1855005646925566
RP_Talhao_Central,2021-11-20,23.554166666666664,29.2,18.7,0.30000000000000004,5.49,0.47741666666666666,288.0833333333333,0.1855005646925566,173.9,356.9,359.8,8.554166666666664,265.6625,0.1855005646925566
RP_Talhao_Central,2021-11-21,23.558333333333334,29.5,17.3,0.0,5.96,0.453,314.7083333333333,0.1855005646925566,173.9,356.9,359.8,8.558333333333334,267.2166666666667,0.1855005646925566
RP_Talhao_Central,2021-11-22,24.854166666666668,31.6,18.7,0.0,6.640000000000001,0.4286666666666667,352.0,0.1855005646925566,173.9,356.9,359.8,9.854166666666668,266.9,0.1855005646925566
RP_Talhao_Central,2021-11-23,25.983333333333334,34.1,18.5,0.0,7.22,0.3977916666666667,354.6666666666667,0.1855005646925566,156.10000000000002,356.9,359.8,10.983333333333334,271.0125,0.1855005646925566
RP_Talhao_Central,2021-11-24,26.599999999999998,34.0,20.2,0.0,7.26,0.3760833333333333,334.9166666666667,0.1855005646925566,155.60000000000002,356.9,359.8,11.599999999999998,273.96250000000003,0.1855005646925566
RP_Talhao_Central,2021-11-25,27.058333333333334,33.3,19.8,0.1,6.4799999999999995,0.360875,304.4583333333333,0.1855005646925566,153.8,351.3,359.9,12.058333333333334,277.33333333333337,0.1855005646925566
RP_Talhao_Central,2021-11-26,22.724999999999998,27.4,20.7,32.8,2.6,0.35804166666666665,140.125,0.1855005646925566,178.2,383.90000000000003,391.8,7.724999999999998,276.93333333333334,0.1855005646925566
RP_Talhao_Central,2021-11-27,24.883333333333336,31.3,20.1,1.0,6.13,0.36366666666666664,317.4583333333333,0.1855005646925566,167.5,384.90000000000003,392.8,9.883333333333336,278.29166666666663,0.1855005646925566
RP_Talhao_Central,2021-11-28,25.783333333333335,32.6,18.6,0.0,7.1,0.35545833333333327,353.75,0.1855005646925566,167.2,384.90000000000003,392.59999999999997,10.783333333333335,279.5416666666667,0.1855005646925566
RP_Talhao_Central,2021-11-29,25.59166666666667,30.1,20.4,2.2,5.08,0.34570833333333334,249.54166666666666,0.1855005646925566,165.1,387.1,394.79999999999995,10.591666666666669,281.67083333333335,0.1855005646925566
RP_Talhao_Central,2021-11-30,22.8625,26.0,20.4,17.9,2.71,0.34970833333333334,157.875,0.1855005646925566,142.79999999999998,400.4,412.7,7.862500000000001,284.49583333333334,0.1855005646925566
RP_Talhao_Central,2021-12-01,24.508333333333336,30.9,19.2,0.8,5.2,0.40091666666666664,281.25,0.2305654798637997,141.29999999999998,399.4,413.49999999999994,9.508333333333336,287.05833333333334,0.2305654798637997
RP_Talhao_Central,2021-12-02,25.204166666666666,31.7,19.4,0.0,5.66,0.39395833333333335,293.6666666666667,0.2305654798637997,141.1,395.7,413.49999999999994,10.204166666666666,289.6208333333334,0.2305654798637997
RP_Talhao_Central,2021-12-03,25.416666666666668,30.7,20.6,0.7,6.12,0.37995833333333334,307.7083333333333,0.2305654798637997,141.7,394.0,414.2,10.416666666666668,290.90416666666664,0.2305654798637997
RP_Talhao_Central,2021-12-04,25.537499999999998,31.0,20.6,0.30000000000000004,6.12,0.36445833333333333,311.2083333333333,0.2305654798637997,142.0,393.2,414.49999999999994,10.537499999999998,290.95833333333337,0.2305654798637997
RP_Talhao_Central,2021-12-05,23.629166666666666,28.3,20.6,24.2,4.38,0.36516666666666664,247.04166666666666,0.2305654798637997,166.2,417.29999999999995,438.7,8.629166666666666,287.82916666666665,0.2305654798637997
RP_Talhao_Central,2021-12-06,23.370833333333334,28.4,19.4,17.7,4.63,0.449625,260.875,0.2305654798637997,183.8,417.99999999999994,456.4,8.370833333333334,283.67083333333335,0.2305654798637997
RP_Talhao_Central,2021-12-07,22.21666666666667,26.2,18.4,1.9000000000000004,4.63,0.4422916666666667,239.75,0.2305654798637997,185.70000000000002,419.8,458.29999999999995,7.216666666666669,277.84999999999997,0.2305654798637997
RP_Talhao_Central,2021-12-08,20.945833333333333,26.8,15.9,0.0,5.12,0.43216666666666664,279.2083333333333,0.2305654798637997,185.70000000000002,392.3,458.2,5.945833333333333,272.175,0.2305654798637997
RP_Talhao_Central,2021-12-09,21.9375,29.2,15.7,0.0,6.18,0.4157916666666666,348.5,0.2305654798637997,182.5,344.2,457.7,6.9375,268.1625,0.2305654798637997
RP_Talhao_Central,2021-12-10,23.133333333333336,30.3,15.7,0.0,6.760000000000001,0.3975,361.9166666666667,0.2305654798637997,176.8,339.8,456.59999999999997,8.133333333333336,266.93333333333334,0.2305654798637997
RP_Talhao_Central,2021-12-11,25.125,32.0,17.5,0.0,6.78,0.3799166666666667,337.9166666666667,0.2305654798637997,165.6,339.8,456.5,10.125,270.35,0.2305654798637997
RP_Talhao_Central,2021-12-12,25.495833333333334,31.6,20.8,7.2,5.03,0.36466666666666664,273.75,0.2305654798637997,172.4,347.0,463.7,10.495833333333334,273.8166666666667,0.2305654798637997
RP_Talhao_Central,2021-12-13,23.629166666666666,27.7,20.9,3.7,2.9,0.36141666666666666,155.25,0.2305654798637997,176.1,346.5,467.40000000000003,8.629166666666666,275.89583333333337,0.2305654798637997
RP_Talhao_Central,2021-12-14,23.462500000000002,28.9,20.5,13.5,3.51,0.3864166666666667,195.45833333333334,0.2305654798637997,189.6,355.9,480.90000000000003,8.462500000000002,276.62083333333334,0.2305654798637997
RP_Talhao_Central,2021-12-15,22.270833333333332,23.6,21.6,25.1,1.58,0.4389166666666667,91.625,0.2305654798637997,214.70000000000002,376.9,506.0,7.270833333333332,274.9458333333333,0.2305654798637997
RP_Talhao_Central,2021-12-16,24.183333333333334,28.6,21.3,6.0,3.8800000000000003,0.4784583333333334,219.20833333333334,0.2305654798637997,220.70000000000002,380.9,512.0,9.183333333333334,274.37083333333334,0.2305654798637997
RP_Talhao_Central,2021-12-17,23.441666666666666,28.0,20.6,20.9,3.17,0.4905833333333333,183.79166666666666,0.2305654798637997,241.49999999999997,385.2,532.9,8.441666666666666,271.58333333333337,0.2305654798637997
RP_Talhao_Central,2021-12-18,23.59166666666667,27.4,20.3,6.800000000000001,4.41,0.4796666666666667,258.4166666666667,0.2305654798637997,229.0,381.09999999999997,539.7,8.591666666666669,272.24583333333334,0.2305654798637997
RP_Talhao_Central,2021-12-19,23.8,28.7,19.5,0.0,5.39,0.46525,285.5833333333333,0.2305654798637997,183.1,356.7,539.7,8.8,274.3541666666667,0.2305654798637997
RP_Talhao_Central,2021-12-20,24.004166666666666,29.3,19.0,0.1,5.99,0.443,336.375,0.2305654798637997,182.89999999999998,356.8,539.8000000000001,9.004166666666666,274.8041666666667,0.2305654798637997
RP_Talhao_Central,2021-12-21,25.133333333333336,30.9,19.4,0.0,6.0,0.4234583333333333,329.2916666666667,0.2305654798637997,182.89999999999998,356.8,539.8000000000001,10.133333333333336,276.37916666666666,0.2305654798637997
RP_Talhao_Central,2021-12-22,25.958333333333332,31.5,19.9,0.5,6.05,0.40770833333333334,322.0416666666667,0.2305654798637997,183.39999999999998,357.3,540.3000000000001,10.958333333333332,277.48333333333335,0.2305654798637997
RP_Talhao_Central,2021-12-23,24.295833333333334,30.3,19.7,9.8,5.39,0.42483333333333334,285.5833333333333,0.2305654798637997,193.2,349.29999999999995,550.1,9.295833333333334,275.79583333333335,0.2305654798637997
RP_Talhao_Central,2021-12-24,22.141666666666666,28.5,15.6,0.0,6.760000000000001,0.45012500000000005,371.6666666666667,0.2305654798637997,193.2,348.79999999999995,550.1,7.141666666666666,271.3375,0.2305654798637997
RP_Talhao_Central,2021-12-25,23.0125,28.7,17.5,0.2,5.76,0.431625,321.7916666666667,0.2305654798637997,193.29999999999998,347.1,544.6,8.0125,267.2916666666667,0.2305654798637997
RP_Talhao_Central,2021-12-26,23.97083333333333,29.7,18.8,0.7,5.68,0.4141666666666666,319.4583333333333,0.2305654798637997,161.20000000000002,339.40000000000003,545.1,8.970833333333331,268.5375,0.2305654798637997
RP_Talhao_Central,2021-12-27,25.650000000000002,31.3,19.6,0.0,6.03,0.3954166666666667,314.25,0.2305654798637997,160.20000000000002,327.7,545.1,10.650000000000002,269.3041666666667,0.2305654798637997
RP_Talhao_Central,2021-12-28,24.445833333333336,31.9,20.8,10.0,5.29,0.38529166666666664,275.5416666666667,0.2305654798637997,170.20000000000002,337.40000000000003,555.1,9.445833333333336,267.9666666666667,0.2305654798637997
RP_Talhao_Central,2021-12-29,23.604166666666668,29.7,20.1,6.5,4.8,0.40066666666666667,275.125,0.2305654798637997,174.5,339.6,561.6,8.604166666666668,265.9791666666667,0.2305654798637997
RP_Talhao_Central,2021-12-30,21.645833333333332,25.0,19.8,6.7,2.35,0.4229583333333333,138.33333333333334,0.2305654798637997,163.3,306.09999999999997,563.7,6.645833333333332,264.76250000000005,0.2305654798637997
RP_Talhao_Central,2021-12-31,21.033333333333335,26.6,18.7,12.2,2.64,0.44616666666666666,160.91666666666666,0.2305654798637997,174.7,316.0,574.0999999999999,6.033333333333335,261.2875,0.2305654798637997
RP_Talhao_Central,2022-01-01,21.6875,27.0,18.9,15.700000000000001,2.59,0.4609166666666667,154.08333333333334,0.2241811766191683,190.4,331.5,586.1,6.6875,257.77083333333337,0.2241811766191683
RP_Talhao_Central,2022-01-02,22.675,27.9,19.9,7.0,3.81,0.453625,226.95833333333334,0.2241811766191683,196.70000000000002,338.4,590.7,7.675000000000001,255.02916666666667,0.2241811766191683
RP_Talhao_Central,2022-01-03,22.900000000000002,27.2,19.4,6.8,3.65,0.47279166666666667,220.625,0.2241811766191683,203.2,345.2,596.4,7.900000000000002,252.39166666666668,0.2241811766191683
RP_Talhao_Central,2022-01-04,22.954166666666666,27.5,20.2,14.200000000000001,3.38,0.47362499999999996,200.04166666666666,0.2241811766191683,193.20000000000002,359.4,610.5,7.954166666666666,251.7166666666667,0.2241811766191683
RP_Talhao_Central,2022-01-05,22.75,26.5,20.5,22.2,2.74,0.4882916666666666,161.29166666666666,0.2241811766191683,197.7,381.5,615.7,7.75,251.09583333333336,0.2241811766191683
RP_Talhao_Central,2022-01-06,22.433333333333334,28.0,20.2,24.3,3.12,0.49604166666666666,182.375,0.2241811766191683,220.1,405.79999999999995,639.9,7.433333333333334,251.3125,0.2241811766191683
RP_Talhao_Central,2022-01-07,21.9375,25.0,20.4,16.9,2.3200000000000003,0.501625,131.04166666666666,0.2241811766191683,237.0,422.7,629.3,6.9375,252.30416666666667,0.2241811766191683
RP_Talhao_Central,2022-01-08,22.712500000000002,28.5,18.4,0.6000000000000001,4.9,0.47841666666666666,276.4166666666667,0.2241811766191683,237.6,420.09999999999997,581.8,7.712500000000002,253.07916666666668,0.2241811766191683
RP_Talhao_Central,2022-01-09,21.745833333333334,25.6,18.3,4.4,4.04,0.4620416666666667,234.95833333333334,0.2241811766191683,242.0,418.8,581.8,6.745833333333334,251.69166666666666,0.2241811766191683
RP_Talhao_Central,2022-01-10,21.645833333333332,24.9,18.4,0.4,2.18,0.46,119.08333333333333,0.2241811766191683,242.39999999999998,408.0,582.1999999999999,6.645833333333332,248.2125,0.2241811766191683
RP_Talhao_Central,2022-01-11,21.816666666666666,25.4,19.2,6.4,3.17,0.451625,195.95833333333334,0.2241811766191683,241.6,414.0,588.6,6.816666666666666,244.53333333333336,0.2241811766191683
RP_Talhao_Central,2022-01-12,22.758333333333336,27.3,18.6,3.5,4.21,0.4539166666666667,249.375,0.2241811766191683,241.4,417.5,587.9000000000001,7.758333333333336,243.66250000000002,0.2241811766191683
RP_Talhao_Central,2022-01-13,23.833333333333332,29.4,19.5,3.3,4.9,0.4539166666666667,282.7083333333333,0.2241811766191683,231.20000000000002,420.79999999999995,587.1,8.833333333333332,244.03333333333336,0.2241811766191683
RP_Talhao_Central,2022-01-14,25.59166666666667,31.6,20.3,0.1,5.9,0.4349166666666667,321.4583333333333,0.2241811766191683,206.2,420.9,583.1,10.591666666666669,247.35416666666669,0.2241811766191683
RP_Talhao_Central,2022-01-15,25.183333333333334,32.3,21.3,4.1,5.53,0.4170833333333333,296.2083333333333,0.2241811766191683,204.29999999999998,425.0,585.2,10.183333333333334,248.35416666666669,0.2241811766191683
RP_Talhao_Central,2022-01-16,22.495833333333334,24.7,20.3,6.3,2.14,0.40975,112.45833333333333,0.2241811766191683,189.70000000000002,431.2,574.9,7.495833333333334,247.40833333333336,0.2241811766191683
RP_Talhao_Central,2022-01-17,23.4375,30.5,18.0,2.4,4.95,0.40370833333333334,281.4166666666667,0.2241811766191683,185.3,414.3,566.4,8.4375,247.2541666666667,0.2241811766191683
RP_Talhao_Central,2022-01-18,23.433333333333334,29.3,19.0,7.3,4.93,0.39245833333333335,284.8333333333333,0.2241811766191683,192.6,375.7,549.3000000000001,8.433333333333334,246.8875,0.2241811766191683
RP_Talhao_Central,2022-01-19,23.391666666666666,30.6,19.3,3.2,5.05,0.37804166666666666,288.25,0.2241811766191683,195.70000000000002,378.6,552.5,8.391666666666666,246.275,0.2241811766191683
RP_Talhao_Central,2022-01-20,24.708333333333332,31.0,19.5,0.1,5.47,0.3725416666666667,311.75,0.2241811766191683,195.8,378.7,552.6,9.708333333333332,245.85000000000002,0.2241811766191683
RP_Talhao_Central,2022-01-21,25.7,31.7,19.7,0.4,5.88,0.36554166666666665,327.0833333333333,0.2241811766191683,195.70000000000002,379.1,553.0,10.7,245.59166666666667,0.2241811766191683
RP_Talhao_Central,2022-01-22,26.662499999999998,32.7,21.2,0.2,5.78,0.35325,316.1666666666667,0.2241811766191683,186.1,379.3,535.4,11.662499999999998,247.95833333333334,0.2241811766191683
RP_Talhao_Central,2022-01-23,27.0625,32.9,22.1,0.0,5.44,0.34070833333333334,288.5416666666667,0.2241811766191683,186.1,379.3,534.9,12.0625,252.87916666666666,0.2241811766191683
RP_Talhao_Central,2022-01-24,26.704166666666666,32.2,22.0,1.5,5.84,0.33358333333333334,310.9583333333333,0.2241811766191683,187.4,380.7,534.5,11.704166666666666,256.5708333333333,0.2241811766191683
RP_Talhao_Central,2022-01-25,25.833333333333332,31.7,20.8,6.3,5.58,0.3287083333333333,302.25,0.2241811766191683,193.0,354.2,532.4,10.833333333333332,258.43333333333334,0.2241811766191683
RP_Talhao_Central,2022-01-26,25.0125,30.1,20.3,6.2,4.8500000000000005,0.32416666666666666,266.0,0.2241811766191683,199.2,359.4,526.9,10.0125,257.79583333333335,0.2241811766191683
RP_Talhao_Central,2022-01-27,25.695833333333336,31.1,20.7,0.8999999999999999,5.18,0.3175,266.5416666666667,0.2241811766191683,190.1,360.29999999999995,527.5,10.695833333333336,259.04583333333335,0.2241811766191683
RP_Talhao_Central,2022-01-28,24.929166666666664,30.2,20.7,3.2,4.66,0.3152916666666667,242.29166666666666,0.2241811766191683,186.79999999999998,361.3,526.4000000000001,9.929166666666664,260.37083333333334,0.2241811766191683
RP_Talhao_Central,2022-01-29,22.170833333333334,27.4,20.0,17.1,2.5300000000000002,0.3129166666666667,149.875,0.2241811766191683,197.2,360.5,503.3,7.170833333333334,260.89583333333337,0.2241811766191683
RP_Talhao_Central,2022-01-30,22.491666666666664,26.8,20.4,9.7,2.7399999999999998,0.324375,158.08333333333334,0.2241811766191683,194.70000000000002,369.4,510.7,7.491666666666664,262.35416666666663,0.2241811766191683
RP_Talhao_Central,2022-01-31,21.995833333333334,25.9,20.2,21.7,2.41,0.435125,143.79166666666666,0.2241811766191683,200.7,391.1,532.2,6.995833333333334,262.66249999999997,0.2241811766191683
RP_Talhao_Central,2022-02-01,21.833333333333332,24.9,20.4,22.5,2.09,0.5015,126.16666666666667,0.236147197457152,216.2,412.90000000000003,554.6,6.833333333333332,261.8208333333333,0.236147197457152
RP_Talhao_Central,2022-02-02,22.379166666666666,25.5,19.9,5.1000000000000005,2.31,0.5025000000000001,135.29166666666666,0.236147197457152,214.5,417.7,559.6999999999999,7.379166666666666,261.3,0.236147197457152
RP_Talhao_Central,2022-02-03,23.625,26.8,20.5,3.6,3.6,0.4842916666666666,205.16666666666666,0.236147197457152,203.9,397.1,563.3,8.625,261.97083333333336,0.236147197457152
RP_Talhao_Central,2022-02-04,24.087500000000002,28.2,20.8,4.4,3.93,0.472375,227.5,0.236147197457152,186.10000000000002,383.8,567.5999999999999,9.087500000000002,263.30833333333334,0.236147197457152
RP_Talhao_Central,2022-02-05,24.337500000000002,29.7,20.5,11.6,4.07,0.4532083333333334,234.66666666666666,0.236147197457152,173.4,393.5,579.1999999999999,9.337500000000002,265.21250000000003,0.236147197457152
RP_Talhao_Central,2022-02-06,23.958333333333332,28.7,21.4,2.4,3.98,0.45779166666666665,231.66666666666666,0.236147197457152,158.89999999999998,395.9,581.5999999999999,8.958333333333332,267.23333333333335,0.236147197457152
RP_Talhao_Central,2022-02-07,21.933333333333334,26.5,20.1,26.8,2.7,0.4854583333333333,165.20833333333334,0.236147197457152,185.1,422.7,605.2,6.933333333333334,266.45416666666665,0.236147197457152
RP_Talhao_Central,2022-02-08,22.804166666666664,27.4,19.7,2.8,3.85,0.49016666666666664,229.625,0.236147197457152,183.5,425.5,602.3,7.804166666666664,267.5125,0.236147197457152
RP_Talhao_Central,2022-02-09,23.333333333333332,28.0,18.6,0.4,5.01,0.467875,289.375,0.236147197457152,183.50000000000003,425.9,591.5,8.333333333333332,269.2,0.236147197457152
RP_Talhao_Central,2022-02-10,23.233333333333334,28.4,18.6,4.199999999999999,4.87,0.4512083333333334,289.2083333333333,0.236147197457152,181.3,422.9,595.3,8.233333333333334,270.6166666666667,0.236147197457152
RP_Talhao_Central,2022-02-11,22.558333333333334,26.5,20.2,5.0,2.86,0.43616666666666665,163.54166666666666,0.236147197457152,182.8,424.2,600.3,7.558333333333334,270.4166666666667,0.236147197457152
RP_Talhao_Central,2022-02-12,23.520833333333332,29.0,19.1,1.4,4.83,0.4359583333333333,282.9166666666667,0.236147197457152,180.9,412.1,601.6999999999999,8.520833333333332,270.1041666666667,0.236147197457152
RP_Talhao_Central,2022-02-13,24.191666666666666,29.2,19.7,0.5,5.21,0.4286666666666667,302.0416666666667,0.236147197457152,181.3,387.5,602.1999999999999,9.191666666666666,268.70416666666665,0.236147197457152
RP_Talhao_Central,2022-02-14,24.925,29.7,19.7,0.1,5.32,0.4174166666666666,307.0,0.236147197457152,177.3,381.59999999999997,602.3,9.925,268.4458333333333,0.236147197457152
RP_Talhao_Central,2022-02-15,24.991666666666664,31.3,20.2,1.9,5.07,0.40195833333333336,282.1666666666667,0.236147197457152,172.9,362.6,604.1,9.991666666666664,270.94166666666666,0.236147197457152
RP_Talhao_Central,2022-02-16,23.829166666666666,30.8,19.9,1.4,5.12,0.3897916666666667,294.25,0.236147197457152,171.89999999999998,357.2,586.1999999999999,8.829166666666666,271.3333333333333,0.236147197457152
RP_Talhao_Central,2022-02-17,23.445833333333336,29.2,19.3,0.4,4.3,0.37483333333333335,239.5,0.236147197457152,165.0,357.6,540.7,8.445833333333336,271.3458333333333,0.236147197457152
RP_Talhao_Central,2022-02-18,22.808333333333334,27.6,18.2,0.2,3.61,0.36437499999999995,197.16666666666666,0.236147197457152,162.0,357.7,540.6,7.808333333333334,270.7625,0.236147197457152
RP_Talhao_Central,2022-02-19,23.241666666666664,29.2,17.6,0.30000000000000004,4.8,0.35920833333333335,270.5416666666667,0.236147197457152,162.2,358.0,540.9000000000001,8.241666666666664,269.29583333333335,0.236147197457152
RP_Talhao_Central,2022-02-20,23.1875,29.0,17.6,0.4,4.94,0.350875,287.2916666666667,0.236147197457152,162.2,357.9,541.3000000000001,8.1875,266.7833333333333,0.236147197457152
RP_Talhao_Central,2022-02-21,24.545833333333334,30.7,19.1,0.3,4.9,0.341875,269.7916666666667,0.236147197457152,162.3,348.40000000000003,541.6,9.545833333333334,264.6666666666667,0.236147197457152
RP_Talhao_Central,2022-02-22,25.400000000000002,31.1,19.5,0.30000000000000004,5.03,0.33266666666666667,275.2916666666667,0.236147197457152,162.6,348.70000000000005,541.9000000000001,10.400000000000002,263.00416666666666,0.236147197457152
RP_Talhao_Central,2022-02-23,26.395833333333332,32.6,20.4,0.4,5.58,0.32308333333333333,304.7916666666667,0.236147197457152,161.5,348.9,542.2,11.395833333333332,262.6958333333333,0.236147197457152
RP_Talhao_Central,2022-02-24,26.425,32.6,21.4,1.7,5.7,0.31379166666666664,301.625,0.236147197457152,156.89999999999998,349.9,511.1,11.425,263.2875,0.236147197457152
RP_Talhao_Central,2022-02-25,27.1125,33.7,21.8,1.6,5.55,0.30154166666666665,269.7916666666667,0.236147197457152,152.3,351.5,511.7,12.1125,265.3875,0.236147197457152
RP_Talhao_Central,2022-02-26,26.962500000000002,33.0,21.2,0.4,5.41,0.2973333333333333,282.6666666666667,0.236147197457152,151.8,341.9,512.1,11.962500000000002,266.65416666666664,0.236147197457152
RP_Talhao_Central,2022-02-27,27.295833333333334,33.0,21.9,0.1,5.84,0.29291666666666666,290.5416666666667,0.236147197457152,148.70000000000002,335.5,510.0,12.295833333333334,269.0208333333333,0.236147197457152
RP_Talhao_Central,2022-02-28,27.65833333333333,33.6,22.4,0.0,5.97,0.291875,292.2083333333333,0.236147197457152,131.60000000000002,328.8,492.09999999999997,12.658333333333331,274.5083333333333,0.236147197457152
RP_Talhao_Central,2022-03-01,27.34583333333333,33.9,22.4,0.1,5.53,0.29212499999999997,263.1666666666667,0.2364994106443066,122.0,316.7,491.40000000000003,12.345833333333331,279.3625,0.2364994106443066
RP_Talhao_Central,2022-03-02,27.412499999999998,33.8,20.7,0.0,6.510000000000001,0.28841666666666665,301.7083333333333,0.2364994106443066,100.30000000000001,301.0,491.40000000000003,12.412499999999998,284.7791666666667,0.2364994106443066
RP_Talhao_Central,2022-03-03,26.8875,32.3,21.0,0.8,5.71,0.28824999999999995,277.8333333333333,0.2364994106443066,78.60000000000001,294.8,491.5,11.8875,289.8333333333333,0.2364994106443066
RP_Talhao_Central,2022-03-04,26.620833333333334,32.6,20.1,0.0,5.45,0.28741666666666665,293.0416666666667,0.2364994106443066,73.5,288.0,491.20000000000005,11.620833333333334,294.075,0.2364994106443066
RP_Talhao_Central,2022-03-05,26.391666666666666,32.5,21.0,0.1,5.38,0.28783333333333333,268.125,0.2364994106443066,70.0,273.90000000000003,467.09999999999997,11.391666666666666,296.84166666666664,0.2364994106443066
RP_Talhao_Central,2022-03-06,26.9875,33.3,20.8,0.0,5.82,0.2867916666666666,290.4166666666667,0.2364994106443066,65.6,251.70000000000002,449.4,11.9875,299.7416666666667,0.2364994106443066
RP_Talhao_Central,2022-03-07,27.666666666666668,33.6,21.7,0.2,5.87,0.2857083333333333,281.125,0.2364994106443066,54.199999999999996,227.6,447.70000000000005,12.666666666666668,303.0708333333333,0.2364994106443066
RP_Talhao_Central,2022-03-08,27.758333333333336,33.2,22.3,0.5,5.47,0.28804166666666664,262.6666666666667,0.2364994106443066,52.3,211.2,448.20000000000005,12.758333333333336,306.87083333333334,0.2364994106443066
RP_Talhao_Central,2022-03-09,27.275000000000002,33.5,22.7,0.7,5.2,0.2855,250.04166666666666,0.2364994106443066,26.2,211.3,448.90000000000003,12.275000000000002,312.2125,0.2364994106443066
RP_Talhao_Central,2022-03-10,27.320833333333336,33.3,21.5,0.1,5.84,0.2871666666666666,277.3333333333333,0.2364994106443066,23.5,207.0,449.0,12.320833333333336,316.72916666666663,0.2364994106443066
RP_Talhao_Central,2022-03-11,26.666666666666668,32.5,21.1,0.1,5.06,0.289875,238.79166666666666,0.2364994106443066,23.2,206.70000000000002,449.1,11.666666666666668,320.0625,0.2364994106443066
RP_Talhao_Central,2022-03-12,24.712500000000002,31.0,20.5,17.2,4.2,0.29066666666666663,222.0,0.2364994106443066,36.2,217.5,459.1,9.712500000000002,321.54166666666663,0.2364994106443066
RP_Talhao_Central,2022-03-13,23.34166666666667,28.2,20.7,21.2,3.48,0.3125,197.41666666666666,0.2364994106443066,52.4,235.20000000000002,476.59999999999997,8.341666666666669,322.325,0.2364994106443066
RP_Talhao_Central,2022-03-14,22.979166666666668,27.3,20.1,6.6000000000000005,2.96,0.42483333333333334,172.16666666666666,0.2364994106443066,57.6,238.5,469.7,7.979166666666668,321.78333333333336,0.2364994106443066
RP_Talhao_Central,2022-03-15,23.479166666666668,27.9,20.2,8.8,3.39,0.447125,195.79166666666666,0.2364994106443066,65.9,247.2,453.40000000000003,8.479166666666668,321.0708333333333,0.2364994106443066
RP_Talhao_Central,2022-03-16,24.495833333333334,30.6,20.7,2.7,4.46,0.4495416666666667,256.25,0.2364994106443066,68.5,245.8,450.1,9.495833333333334,320.64166666666665,0.2364994106443066
RP_Talhao_Central,2022-03-17,24.6125,30.2,20.5,1.5999999999999999,4.5200000000000005,0.4455833333333334,256.7916666666667,0.2364994106443066,68.2,241.1,430.8,9.6125,320.2625,0.2364994106443066
RP_Talhao_Central,2022-03-18,25.6875,30.5,21.2,0.2,4.8100000000000005,0.42991666666666667,268.75,0.2364994106443066,67.0,238.9,424.2,10.6875,322.12083333333334,0.2364994106443066
RP_Talhao_Central,2022-03-19,24.633333333333336,30.8,20.3,7.7,4.35,0.41441666666666666,247.45833333333334,0.2364994106443066,74.30000000000001,239.3,431.90000000000003,9.633333333333336,323.30833333333334,0.2364994106443066
RP_Talhao_Central,2022-03-20,24.05,29.9,20.6,0.6,4.68,0.4141666666666666,250.83333333333334,0.2364994106443066,74.7,236.7,432.40000000000003,9.05,324.55,0.2364994106443066
RP_Talhao_Central,2022-03-21,22.829166666666666,27.9,18.7,0.0,4.45,0.40654166666666663,214.41666666666666,0.2364994106443066,74.4,236.6,432.40000000000003,7.829166666666666,324.1375,0.2364994106443066
RP_Talhao_Central,2022-03-22,23.241666666666664,29.0,18.5,0.0,5.53,0.3957916666666667,285.75,0.2364994106443066,74.0,236.2,431.90000000000003,8.241666666666664,324.19166666666666,0.2364994106443066
RP_Talhao_Central,2022-03-23,23.983333333333334,29.3,19.2,0.0,5.36,0.38433333333333336,269.9166666666667,0.2364994106443066,73.7,236.0,422.1,8.983333333333334,323.62916666666666,0.2364994106443066
RP_Talhao_Central,2022-03-24,25.141666666666666,30.8,19.9,0.0,5.22,0.37279166666666663,270.0,0.2364994106443066,73.4,236.0,422.1,10.141666666666666,323.37083333333334,0.2364994106443066
RP_Talhao_Central,2022-03-25,25.445833333333336,31.1,19.5,0.0,4.96,0.36237499999999995,256.4166666666667,0.2364994106443066,73.0,234.5,421.90000000000003,10.445833333333336,322.42083333333335,0.2364994106443066
RP_Talhao_Central,2022-03-26,24.891666666666666,31.1,20.7,1.8,4.36,0.3542083333333333,235.0,0.2364994106443066,73.1,230.0,423.0,9.891666666666666,320.88750000000005,0.2364994106443066
RP_Talhao_Central,2022-03-27,23.979166666666668,28.5,20.8,1.6,2.8000000000000003,0.34745833333333326,155.5,0.2364994106443066,73.10000000000001,225.4,424.6,8.979166666666668,317.75416666666666,0.2364994106443066
RP_Talhao_Central,2022-03-28,23.245833333333334,29.6,19.7,18.8,3.92,0.3540833333333333,222.41666666666666,0.2364994106443066,91.5,243.3,433.40000000000003,8.245833333333334,314.0375,0.2364994106443066
RP_Talhao_Central,2022-03-29,24.275000000000002,30.4,19.1,0.0,4.64,0.38325000000000004,266.4166666666667,0.2364994106443066,91.4,240.10000000000002,426.90000000000003,9.275000000000002,311.0166666666667,0.2364994106443066
RP_Talhao_Central,2022-03-30,24.745833333333334,30.2,20.1,0.7,4.43,0.37520833333333337,242.08333333333334,0.2364994106443066,92.10000000000001,223.7,420.9,9.745833333333334,308.1041666666667,0.2364994106443066
RP_Talhao_Central,2022-03-31,24.325,31.7,19.9,2.9,4.49,0.36599999999999994,238.33333333333334,0.2364994106443066,94.89999999999999,216.9,411.59999999999997,9.325,305.08333333333337,0.2364994106443066
RP_Talhao_Central,2022-04-01,21.6125,26.0,18.2,1.4,2.77,0.36274999999999996,154.29166666666666,0.2425045589863314,96.3,196.6,397.3,6.612500000000001,299.28333333333336,0.2425045589863314
RP_Talhao_Central,2022-04-02,23.6375,29.6,18.6,0.0,4.87,0.3607916666666666,258.4166666666667,0.2425045589863314,95.5,174.1,390.3,8.6375,296.03333333333336,0.2425045589863314
RP_Talhao_Central,2022-04-03,24.320833333333336,30.8,19.2,1.3,4.8,0.35204166666666664,255.95833333333334,0.2425045589863314,96.8,170.3,384.8,9.320833333333336,293.73333333333335,0.2425045589863314
RP_Talhao_Central,2022-04-04,25.691666666666666,31.6,20.6,0.0,4.9,0.3431666666666667,253.91666666666666,0.2425045589863314,96.7,166.7,370.6,10.691666666666666,293.03333333333336,0.2425045589863314
RP_Talhao_Central,2022-04-05,25.712500000000002,31.8,20.7,2.0,4.42,0.3359166666666667,228.08333333333334,0.2425045589863314,98.7,164.3,350.40000000000003,10.712500000000002,291.7583333333333,0.2425045589863314
RP_Talhao_Central,2022-04-06,25.729166666666668,31.7,20.5,0.1,4.63,0.329125,244.875,0.2425045589863314,98.6,152.79999999999998,326.2,10.729166666666668,289.8208333333333,0.2425045589863314
RP_Talhao_Central,2022-04-07,26.05,32.2,20.7,0.0,4.79,0.3224166666666667,246.29166666666666,0.2425045589863314,98.1,150.4,309.3,11.05,288.1125,0.2425045589863314
RP_Talhao_Central,2022-04-08,25.825,32.6,20.9,2.2,4.08,0.31633333333333336,192.625,0.2425045589863314,99.6,125.8,310.9,10.825,286.6625,0.2425045589863314
RP_Talhao_Central,2022-04-09,24.958333333333332,32.0,20.1,12.0,4.12,0.31075,218.66666666666666,0.2425045589863314,111.5,135.0,318.5,9.958333333333332,284.30000000000007,0.2425045589863314
RP_Talhao_Central,2022-04-10,25.583333333333332,32.1,20.0,0.0,4.67,0.30745833333333333,239.08333333333334,0.2425045589863314,111.39999999999999,134.6,318.09999999999997,10.583333333333332,283.2166666666667,0.2425045589863314
RP_Talhao_Central,2022-04-11,25.84583333333333,32.7,19.4,0.0,5.03,0.30554166666666666,241.66666666666666,0.2425045589863314,94.2,130.4,311.7,10.845833333333331,284.35,0.2425045589863314
RP_Talhao_Central,2022-04-12,24.25,30.5,21.0,18.5,3.2,0.30420833333333336,166.91666666666666,0.2425045589863314,91.5,143.9,326.7,9.25,285.2583333333333,0.2425045589863314
RP_Talhao_Central,2022-04-13,23.683333333333334,30.4,19.8,1.0,3.68,0.295875,206.04166666666666,0.2425045589863314,85.9,143.5,324.4,8.683333333333334,285.9625,0.2425045589863314
RP_Talhao_Central,2022-04-14,23.958333333333332,29.4,20.4,0.6000000000000001,3.97,0.295375,200.58333333333334,0.2425045589863314,77.69999999999999,143.6,324.9,8.958333333333332,286.4416666666667,0.2425045589863314
RP_Talhao_Central,2022-04-15,21.40833333333333,28.1,17.1,0.0,4.69,0.29354166666666665,227.83333333333334,0.2425045589863314,74.99999999999999,143.5,320.8,6.408333333333331,283.3541666666667,0.2425045589863314
RP_Talhao_Central,2022-04-16,19.154166666666665,26.7,11.9,0.0,5.03,0.29291666666666666,265.5833333333333,0.2425045589863314,73.39999999999999,141.6,314.5,4.154166666666665,277.89583333333337,0.2425045589863314
RP_Talhao_Central,2022-04-17,20.633333333333333,28.3,13.6,0.0,4.93,0.2927916666666666,257.0,0.2425045589863314,73.19999999999999,140.2,312.1,5.633333333333333,272.8416666666667,0.2425045589863314
RP_Talhao_Central,2022-04-18,21.929166666666664,29.4,15.4,0.1,4.7,0.29233333333333333,235.25,0.2425045589863314,65.6,139.9,304.90000000000003,6.929166666666664,270.1375,0.2425045589863314
RP_Talhao_Central,2022-04-19,23.15416666666667,29.7,17.3,0.1,4.62,0.29212499999999997,221.125,0.2425045589863314,65.1,139.79999999999998,301.8,8.154166666666669,269.2416666666667,0.2425045589863314
RP_Talhao_Central,2022-04-20,23.974999999999998,30.9,17.3,0.0,4.59,0.2937083333333333,234.91666666666666,0.2425045589863314,65.1,139.5,301.7,8.974999999999998,270.38750000000005,0.2425045589863314
RP_Talhao_Central,2022-04-21,23.858333333333334,30.5,18.0,0.0,4.7700000000000005,0.29641666666666666,225.33333333333334,0.2425045589863314,65.1,139.1,301.3,8.858333333333334,271.00416666666666,0.2425045589863314
RP_Talhao_Central,2022-04-22,23.599999999999998,30.5,17.1,0.0,4.68,0.2995,208.625,0.2425045589863314,65.1,138.79999999999998,301.1,8.599999999999998,270.62083333333334,0.2425045589863314
RP_Talhao_Central,2022-04-23,23.133333333333336,28.5,17.1,0.0,4.62,0.30495833333333333,214.83333333333334,0.2425045589863314,65.1,138.5,301.1,8.133333333333336,268.6125,0.2425045589863314
RP_Talhao_Central,2022-04-24,23.724999999999998,31.1,17.5,0.0,4.54,0.3075,234.66666666666666,0.2425045589863314,65.1,138.1,299.6,8.724999999999998,266.8916666666667,0.2425045589863314
RP_Talhao_Central,2022-04-25,24.587500000000002,30.8,19.0,0.1,4.88,0.30745833333333333,221.91666666666666,0.2425045589863314,63.4,136.5,293.40000000000003,9.587500000000002,266.5875,0.2425045589863314
RP_Talhao_Central,2022-04-26,24.666666666666668,30.3,20.1,0.0,4.390000000000001,0.30795833333333333,218.91666666666666,0.2425045589863314,61.8,134.9,287.20000000000005,9.666666666666668,267.27500000000003,0.2425045589863314
RP_Talhao_Central,2022-04-27,24.208333333333332,30.1,18.6,0.0,4.3,0.30820833333333336,207.875,0.2425045589863314,43.0,134.5,286.3,9.208333333333332,268.2375,0.2425045589863314
RP_Talhao_Central,2022-04-28,24.59166666666667,31.2,19.1,0.0,4.69,0.307,222.95833333333334,0.2425045589863314,43.0,134.4,283.1,9.591666666666669,268.5541666666667,0.2425045589863314
RP_Talhao_Central,2022-04-29,23.995833333333334,30.9,18.3,0.0,4.94,0.31079166666666663,232.95833333333334,0.2425045589863314,42.3,134.4,266.0,8.995833333333334,267.8041666666666,0.2425045589863314
RP_Talhao_Central,2022-04-30,23.21666666666667,29.1,18.3,0.2,3.94,0.310125,211.16666666666666,0.2425045589863314,39.6,134.5,256.5,8.216666666666669,266.6958333333333,0.2425045589863314
RP_Talhao_Central,2022-05-01,23.712500000000002,28.8,19.3,0.0,3.9699999999999998,0.311375,196.0,0.2422072146227842,38.2,134.5,234.8,8.712500000000002,268.7958333333333,0.2422072146227842
RP_Talhao_Central,2022-05-02,23.72083333333333,28.9,19.1,0.0,3.61,0.3162916666666667,189.29166666666666,0.2422072146227842,38.2,133.7,212.3,8.720833333333331,268.87916666666666,0.2422072146227842
RP_Talhao_Central,2022-05-03,24.2375,30.9,18.8,0.0,4.67,0.31604166666666667,209.91666666666666,0.2422072146227842,36.9,133.7,207.20000000000002,9.2375,268.79583333333335,0.2422072146227842
RP_Talhao_Central,2022-05-04,19.175,21.3,15.2,0.8999999999999999,1.98,0.3164166666666667,97.45833333333333,0.2422072146227842,37.8,134.5,204.5,4.175000000000001,262.2791666666667,0.2422072146227842
RP_Talhao_Central,2022-05-05,16.345833333333335,22.2,11.0,0.0,3.4,0.318,232.0,0.2422072146227842,35.8,134.5,200.10000000000002,1.345833333333335,252.9125,0.2422072146227842
RP_Talhao_Central,2022-05-06,19.054166666666667,26.6,12.4,0.0,3.8200000000000003,0.3187083333333333,228.75,0.2422072146227842,35.699999999999996,134.3,188.5,4.054166666666667,246.2375,0.2422072146227842
RP_Talhao_Central,2022-05-07,20.720833333333335,27.8,14.7,0.0,3.8400000000000003,0.318125,210.33333333333334,0.2422072146227842,35.699999999999996,133.8,186.10000000000002,5.720833333333335,240.90833333333333,0.2422072146227842
RP_Talhao_Central,2022-05-08,21.65416666666667,27.6,16.7,0.1,3.71,0.31616666666666665,193.79166666666666,0.2422072146227842,33.6,133.2,159.4,6.654166666666669,236.7375,0.2422072146227842
RP_Talhao_Central,2022-05-09,22.245833333333334,27.7,17.6,0.0,3.85,0.31379166666666664,195.375,0.2422072146227842,21.6,133.1,156.6,7.245833333333334,234.025,0.2422072146227842
RP_Talhao_Central,2022-05-10,21.608333333333334,27.6,16.5,0.0,4.05,0.31283333333333335,211.58333333333334,0.2422072146227842,21.6,133.0,156.2,6.608333333333334,230.04999999999998,0.2422072146227842
RP_Talhao_Central,2022-05-11,19.483333333333334,23.7,16.3,2.1,1.84,0.31620833333333337,97.5,0.2422072146227842,23.7,117.9,154.1,4.483333333333334,223.6875,0.2422072146227842
RP_Talhao_Central,2022-05-12,20.941666666666666,26.2,16.6,0.6000000000000001,3.27,0.3217083333333333,185.95833333333334,0.2422072146227842,5.800000000000001,97.30000000000001,149.7,5.941666666666666,220.37916666666666,0.2422072146227842
RP_Talhao_Central,2022-05-13,20.095833333333335,26.9,14.3,0.0,3.66,0.32075000000000004,217.54166666666666,0.2422072146227842,4.800000000000001,90.7,148.29999999999998,5.095833333333335,216.79166666666666,0.2422072146227842
RP_Talhao_Central,2022-05-14,21.604166666666668,29.1,15.2,0.0,3.92,0.31916666666666665,206.16666666666666,0.2422072146227842,4.200000000000001,81.9,147.79999999999998,6.604166666666668,214.4375,0.2422072146227842
RP_Talhao_Central,2022-05-15,19.579166666666666,23.4,17.9,21.499999999999996,1.77,0.32308333333333333,107.5,0.2422072146227842,25.699999999999996,100.69999999999999,169.2,4.579166666666666,212.60833333333335,0.2422072146227842
RP_Talhao_Central,2022-05-16,19.054166666666667,22.4,17.3,8.1,1.68,0.35175,92.33333333333333,0.2422072146227842,33.8,107.2,175.39999999999998,4.054166666666667,212.50833333333335,0.2422072146227842
RP_Talhao_Central,2022-05-17,14.704166666666666,18.2,9.9,0.0,3.36,0.378875,213.70833333333334,0.2422072146227842,33.8,107.0,174.0,0.0,206.87500000000003,0.2422072146227842
RP_Talhao_Central,2022-05-18,10.879166666666668,15.6,7.5,0.0,2.77,0.379875,186.70833333333334,0.2422072146227842,33.699999999999996,99.3,173.6,0.0,199.94583333333335,0.2422072146227842
RP_Talhao_Central,2022-05-19,10.941666666666668,17.3,6.0,0.0,2.34,0.38083333333333336,171.95833333333334,0.2422072146227842,33.599999999999994,98.7,173.39999999999998,0.0,191.79166666666669,0.2422072146227842
RP_Talhao_Central,2022-05-20,11.866666666666667,18.9,5.9,0.0,3.04,0.37929166666666664,216.625,0.2422072146227842,33.599999999999994,98.7,173.1,0.0,182.8166666666667,0.2422072146227842
RP_Talhao_Central,2022-05-21,14.075000000000001,21.8,7.6,0.0,3.34,0.37375,213.41666666666666,0.2422072146227842,33.599999999999994,98.7,172.7,0.0,173.95833333333337,0.2422072146227842
RP_Talhao_Central,2022-05-22,16.2625,24.3,10.3,0.0,3.48,0.366875,209.45833333333334,0.2422072146227842,33.599999999999994,98.7,172.39999999999998,1.2624999999999993,166.62083333333334,0.2422072146227842
RP_Talhao_Central,2022-05-23,17.841666666666665,25.5,12.3,0.0,3.58,0.3602916666666667,199.125,0.2422072146227842,33.599999999999994,98.7,172.1,2.841666666666665,161.32916666666668,0.2422072146227842
RP_Talhao_Central,2022-05-24,18.854166666666668,26.1,14.1,0.0,3.87,0.35474999999999995,201.20833333333334,0.2422072146227842,33.599999999999994,98.7,171.7,3.854166666666668,156.45833333333334,0.2422072146227842
RP_Talhao_Central,2022-05-25,18.566666666666666,24.9,13.9,0.0,3.92,0.35012499999999996,206.0,0.2422072146227842,33.5,96.9,170.0,3.5666666666666664,150.4375,0.2422072146227842
RP_Talhao_Central,2022-05-26,18.979166666666668,25.8,13.6,0.0,3.5,0.3459583333333333,197.66666666666666,0.2422072146227842,33.5,95.3,168.39999999999998,3.979166666666668,144.75000000000003,0.2422072146227842
RP_Talhao_Central,2022-05-27,19.383333333333333,26.1,14.2,0.0,3.55,0.3433333333333333,193.83333333333334,0.2422072146227842,33.5,76.5,167.99999999999997,4.383333333333333,139.925,0.2422072146227842
RP_Talhao_Central,2022-05-28,19.566666666666666,26.3,15.0,0.0,3.42,0.34241666666666665,185.83333333333334,0.2422072146227842,33.5,76.5,167.89999999999998,4.566666666666666,134.9,0.2422072146227842
RP_Talhao_Central,2022-05-29,20.2,27.5,14.4,0.0,3.81,0.34149999999999997,198.66666666666666,0.2422072146227842,33.5,75.8,167.89999999999998,5.199999999999999,131.10416666666669,0.2422072146227842
RP_Talhao_Central,2022-05-30,21.645833333333332,28.7,15.1,0.0,4.01,0.34037500000000004,190.70833333333334,0.2422072146227842,33.3,72.9,167.79999999999998,6.645833333333332,129.53333333333333,0.2422072146227842
RP_Talhao_Central,2022-05-31,21.95,27.2,17.0,0.8,3.0100000000000002,0.34087500000000004,164.83333333333334,0.2422072146227842,34.1,72.3,168.6,6.949999999999999,127.77083333333333,0.2422072146227842
RP_Talhao_Central,2022-06-01,22.058333333333334,28.9,17.1,0.0,3.26,0.3389166666666667,182.79166666666666,0.2222980287829193,34.1,72.3,167.79999999999998,7.058333333333334,126.10833333333335,0.2222980287829193
RP_Talhao_Central,2022-06-02,21.900000000000002,28.8,16.7,0.0,3.44,0.337875,171.91666666666666,0.2222980287829193,34.1,71.0,167.79999999999998,6.900000000000002,123.77083333333334,0.2222980287829193
RP_Talhao_Central,2022-06-03,20.337500000000002,25.9,15.5,1.6,3.02,0.33770833333333333,163.66666666666666,0.2222980287829193,34.8,72.6,169.29999999999998,5.337500000000002,124.93333333333334,0.2222980287829193
RP_Talhao_Central,2022-06-04,19.245833333333334,26.1,13.4,0.0,3.39,0.33558333333333334,193.58333333333334,0.2222980287829193,34.8,70.6,169.29999999999998,4.245833333333334,127.83333333333334,0.2222980287829193
RP_Talhao_Central,2022-06-05,19.608333333333334,26.3,14.3,0.0,3.5,0.333125,191.41666666666666,0.2222980287829193,34.8,70.49999999999999,169.1,4.608333333333334,128.38750000000002,0.2222980287829193
RP_Talhao_Central,2022-06-06,19.474999999999998,26.2,14.4,0.0,3.3,0.33183333333333337,188.08333333333334,0.2222980287829193,34.8,70.49999999999999,168.6,4.474999999999998,127.14166666666668,0.2222980287829193
RP_Talhao_Central,2022-06-07,20.099999999999998,27.3,13.3,0.0,3.5500000000000003,0.333,187.33333333333334,0.2222980287829193,34.699999999999996,68.3,167.89999999999998,5.099999999999998,125.5875,0.2222980287829193
RP_Talhao_Central,2022-06-08,19.912499999999998,24.7,16.3,0.30000000000000004,2.56,0.33158333333333334,152.54166666666666,0.2222980287829193,35.0,56.599999999999994,168.1,4.912499999999998,123.25416666666666,0.2222980287829193
RP_Talhao_Central,2022-06-09,19.625,24.0,15.9,2.8000000000000003,1.97,0.3292916666666667,115.875,0.2222980287829193,37.8,59.4,170.79999999999998,4.625,121.27083333333333,0.2222980287829193
RP_Talhao_Central,2022-06-10,19.945833333333333,24.5,17.1,1.5,2.54,0.32825,149.0,0.2222980287829193,37.199999999999996,60.9,155.1,4.945833333333333,121.73333333333332,0.2222980287829193
RP_Talhao_Central,2022-06-11,18.733333333333334,23.3,15.3,0.1,2.44,0.3262916666666667,138.83333333333334,0.2222980287829193,36.699999999999996,42.5,134.0,3.7333333333333343,119.525,0.2222980287829193
RP_Talhao_Central,2022-06-12,15.879166666666668,20.9,12.2,0.0,2.66,0.32808333333333334,153.45833333333334,0.2222980287829193,36.699999999999996,41.5,127.39999999999999,0.8791666666666682,115.30833333333334,0.2222980287829193
RP_Talhao_Central,2022-06-13,14.1,21.1,8.6,0.0,3.08,0.33116666666666666,188.58333333333334,0.2222980287829193,36.699999999999996,40.9,118.6,0.0,108.70416666666667,0.2222980287829193
RP_Talhao_Central,2022-06-14,15.804166666666667,24.0,9.5,0.0,3.43,0.328125,185.20833333333334,0.2222980287829193,15.200000000000003,40.9,115.89999999999999,0.8041666666666671,104.92916666666666,0.2222980287829193
RP_Talhao_Central,2022-06-15,19.020833333333332,25.9,14.0,0.0,3.73,0.3237083333333333,177.25,0.2222980287829193,7.100000000000004,40.9,114.3,4.020833333333332,104.89583333333334,0.2222980287829193
RP_Talhao_Central,2022-06-16,19.275000000000002,27.2,13.3,0.0,3.64,0.319875,192.54166666666666,0.2222980287829193,7.100000000000004,40.9,114.1,4.275000000000002,109.17083333333333,0.2222980287829193
RP_Talhao_Central,2022-06-17,19.579166666666666,27.6,12.6,0.0,3.83,0.3173333333333333,193.25,0.2222980287829193,7.100000000000004,40.8,106.39999999999999,4.579166666666666,113.74999999999999,0.2222980287829193
RP_Talhao_Central,2022-06-18,18.016666666666666,21.8,15.3,1.0,1.6600000000000001,0.32495833333333335,87.91666666666667,0.2222980287829193,8.100000000000003,41.7,106.8,3.0166666666666657,116.76666666666667,0.2222980287829193
RP_Talhao_Central,2022-06-19,17.8125,23.8,13.4,0.0,2.41,0.33145833333333335,160.75,0.2222980287829193,8.100000000000003,41.7,106.8,2.8125,119.57916666666665,0.2222980287829193
RP_Talhao_Central,2022-06-20,19.349999999999998,25.1,14.7,0.0,2.84,0.33295833333333336,171.20833333333334,0.2222980287829193,8.100000000000003,41.7,106.8,4.349999999999998,123.92916666666666,0.2222980287829193
RP_Talhao_Central,2022-06-21,20.804166666666667,27.7,15.8,0.0,3.51,0.33308333333333334,186.625,0.2222980287829193,8.100000000000003,41.7,106.8,5.804166666666667,128.47083333333333,0.2222980287829193
RP_Talhao_Central,2022-06-22,20.095833333333335,26.5,13.5,0.0,3.34,0.32983333333333337,188.625,0.2222980287829193,8.100000000000003,41.7,106.8,5.095833333333335,130.725,0.2222980287829193
RP_Talhao_Central,2022-06-23,19.291666666666668,26.7,13.8,0.0,3.47,0.32508333333333334,192.54166666666666,0.2222980287829193,8.100000000000003,41.7,106.8,4.291666666666668,131.1625,0.2222980287829193
RP_Talhao_Central,2022-06-24,19.1125,26.8,13.3,0.0,3.53,0.3205,192.16666666666666,0.2222980287829193,8.100000000000003,41.6,105.0,4.112500000000001,131.70833333333334,0.2222980287829193
RP_Talhao_Central,2022-06-25,18.829166666666666,26.4,12.1,0.0,3.79,0.31666666666666665,192.91666666666666,0.2222980287829193,8.100000000000003,41.6,103.39999999999999,3.8291666666666657,131.55833333333334,0.2222980287829193
RP_Talhao_Central,2022-06-26,18.358333333333334,24.7,13.4,0.0,3.33,0.3116666666666667,188.58333333333334,0.2222980287829193,8.100000000000003,41.6,84.6,3.3583333333333343,130.53333333333333,0.2222980287829193
RP_Talhao_Central,2022-06-27,18.704166666666666,25.8,13.2,0.0,3.37,0.3084166666666667,188.875,0.2222980287829193,8.100000000000003,41.6,84.6,3.7041666666666657,129.67083333333335,0.2222980287829193
RP_Talhao_Central,2022-06-28,19.5,26.1,14.1,0.0,3.55,0.30816666666666664,190.08333333333334,0.2222980287829193,8.100000000000003,41.6,83.89999999999999,4.5,128.97083333333333,0.2222980287829193
RP_Talhao_Central,2022-06-29,19.458333333333332,26.5,12.1,0.0,3.4499999999999997,0.31054166666666666,188.45833333333334,0.2222980287829193,8.100000000000003,41.4,81.0,4.458333333333332,126.78333333333333,0.2222980287829193
RP_Talhao_Central,2022-06-30,18.808333333333334,25.8,12.6,0.0,3.25,0.308375,193.29166666666666,0.2222980287829193,7.300000000000004,41.4,79.6,3.8083333333333336,123.64166666666667,0.2222980287829193
RP_Talhao_Central,2022-07-01,18.849999999999998,26.9,11.7,0.0,3.41,0.30754166666666666,191.25,0.2081429950881624,7.300000000000004,41.4,79.6,3.849999999999998,120.43333333333334,0.2081429950881624
RP_Talhao_Central,2022-07-02,21.075,28.7,15.4,0.0,4.01,0.309625,192.41666666666666,0.2081429950881624,7.300000000000004,41.4,78.3,6.074999999999999,119.60833333333332,0.2081429950881624
RP_Talhao_Central,2022-07-03,20.808333333333334,28.2,15.2,0.0,3.92,0.30524999999999997,193.70833333333334,0.2081429950881624,5.700000000000004,40.5,78.3,5.808333333333334,120.07916666666665,0.2081429950881624
RP_Talhao_Central,2022-07-04,19.795833333333334,27.5,13.9,0.0,4.08,0.303375,197.08333333333334,0.2081429950881624,5.700000000000004,40.5,76.3,4.795833333333334,120.62916666666666,0.2081429950881624
RP_Talhao_Central,2022-07-05,19.087500000000002,26.3,13.0,0.0,3.6799999999999997,0.30183333333333334,197.91666666666666,0.2081429950881624,5.700000000000004,40.5,76.19999999999999,4.087500000000002,120.10833333333333,0.2081429950881624
RP_Talhao_Central,2022-07-06,19.229166666666668,26.6,13.5,0.0,3.8,0.30116666666666664,195.58333333333334,0.2081429950881624,5.700000000000004,40.5,76.19999999999999,4.229166666666668,119.8625,0.2081429950881624
RP_Talhao_Central,2022-07-07,19.766666666666666,27.3,13.8,0.0,3.8000000000000003,0.299,193.54166666666666,0.2081429950881624,5.700000000000004,40.4,74.0,4.766666666666666,119.52916666666667,0.2081429950881624
RP_Talhao_Central,2022-07-08,20.308333333333334,27.3,14.5,0.0,4.1000000000000005,0.2965833333333333,191.375,0.2081429950881624,5.400000000000004,40.4,62.0,5.308333333333334,119.925,0.2081429950881624
RP_Talhao_Central,2022-07-09,19.712500000000002,26.0,14.1,0.0,4.39,0.29683333333333334,197.79166666666666,0.2081429950881624,2.6000000000000036,40.4,62.0,4.712500000000002,120.0125,0.2081429950881624
RP_Talhao_Central,2022-07-10,20.141666666666666,27.0,14.5,0.0,4.09,0.296375,196.33333333333334,0.2081429950881624,1.1000000000000036,38.3,62.0,5.141666666666666,120.20833333333333,0.2081429950881624
RP_Talhao_Central,2022-07-11,20.391666666666666,27.0,15.0,0.0,4.42,0.2945,197.125,0.2081429950881624,1.0000000000000036,37.7,43.5,5.391666666666666,121.86666666666666,0.2081429950881624
RP_Talhao_Central,2022-07-12,21.091666666666665,27.5,14.3,0.0,4.3,0.29654166666666665,180.70833333333334,0.2081429950881624,1.0000000000000036,37.7,42.5,6.091666666666665,127.07916666666667,0.2081429950881624
RP_Talhao_Central,2022-07-13,21.525000000000002,28.9,15.7,0.0,4.14,0.29604166666666665,189.125,0.2081429950881624,1.0000000000000036,37.7,41.9,6.525000000000002,133.60416666666666,0.2081429950881624
RP_Talhao_Central,2022-07-14,21.3,27.2,16.8,0.0,4.58,0.2945833333333333,193.66666666666666,0.2081429950881624,1.0000000000000036,16.2,41.9,6.300000000000001,139.1,0.2081429950881624
RP_Talhao_Central,2022-07-15,21.945833333333336,29.2,16.2,0.0,4.49,0.29312499999999997,192.54166666666666,0.2081429950881624,1.0000000000000036,8.1,41.9,6.945833333333336,142.025,0.2081429950881624
RP_Talhao_Central,2022-07-16,21.633333333333336,29.8,15.2,0.0,4.21,0.2915833333333333,188.375,0.2081429950881624,1.0000000000000036,8.1,41.9,6.633333333333336,144.38333333333335,0.2081429950881624
RP_Talhao_Central,2022-07-17,23.133333333333336,31.0,15.9,0.0,4.07,0.2905,194.25,0.2081429950881624,1.0000000000000036,8.1,41.8,8.133333333333336,147.9375,0.2081429950881624
RP_Talhao_Central,2022-07-18,22.90416666666667,30.1,17.1,0.0,4.53,0.2894583333333333,196.41666666666666,0.2081429950881624,0.0,8.1,41.7,7.904166666666669,152.82500000000002,0.2081429950881624
RP_Talhao_Central,2022-07-19,21.729166666666668,29.0,15.9,0.0,4.21,0.28841666666666665,198.66666666666666,0.2081429950881624,0.0,8.1,41.7,6.729166666666668,156.74166666666667,0.2081429950881624
RP_Talhao_Central,2022-07-20,21.84583333333333,29.1,16.0,0.0,4.34,0.28741666666666665,197.70833333333334,0.2081429950881624,0.0,8.1,41.7,6.845833333333331,159.2375,0.2081429950881624
RP_Talhao_Central,2022-07-21,21.370833333333334,28.3,16.0,0.0,4.3500000000000005,0.2864583333333333,203.79166666666666,0.2081429950881624,0.0,8.1,41.7,6.370833333333334,159.80416666666667,0.2081429950881624
RP_Talhao_Central,2022-07-22,21.025000000000002,28.2,14.6,0.0,4.29,0.2855833333333333,204.83333333333334,0.2081429950881624,0.0,8.1,41.7,6.025000000000002,160.73333333333335,0.2081429950881624
RP_Talhao_Central,2022-07-23,21.0,28.3,14.4,0.0,3.99,0.2847083333333333,204.45833333333334,0.2081429950881624,0.0,8.1,41.7,6.0,162.44166666666666,0.2081429950881624
RP_Talhao_Central,2022-07-24,21.8,29.0,15.7,0.0,4.53,0.284,204.625,0.2081429950881624,0.0,8.1,41.6,6.800000000000001,165.1291666666667,0.2081429950881624
RP_Talhao_Central,2022-07-25,21.537499999999998,28.8,15.2,0.0,4.42,0.28354166666666664,206.0,0.2081429950881624,0.0,8.1,41.6,6.537499999999998,167.8375,0.2081429950881624
RP_Talhao_Central,2022-07-26,21.354166666666668,28.8,14.4,0.0,4.42,0.283,208.04166666666666,0.2081429950881624,0.0,8.1,41.6,6.354166666666668,170.83333333333334,0.2081429950881624
RP_Talhao_Central,2022-07-27,21.40833333333333,28.5,15.0,0.0,4.17,0.2843333333333333,209.16666666666666,0.2081429950881624,0.0,8.1,41.6,6.408333333333331,173.5375,0.2081429950881624
RP_Talhao_Central,2022-07-28,20.8125,28.2,13.9,0.0,4.4,0.28524999999999995,208.5,0.2081429950881624,0.0,8.1,41.6,5.8125,174.85,0.2081429950881624
RP_Talhao_Central,2022-07-29,22.004166666666666,29.8,14.6,0.0,5.0,0.2855,185.16666666666666,0.2081429950881624,0.0,8.1,41.4,7.004166666666666,177.39583333333334,0.2081429950881624
RP_Talhao_Central,2022-07-30,19.895833333333332,27.1,14.1,0.0,3.99,0.282125,212.25,0.2081429950881624,0.0,7.300000000000001,41.4,4.895833333333332,178.48333333333335,0.2081429950881624
RP_Talhao_Central,2022-07-31,20.508333333333333,29.4,12.9,0.0,4.7,0.28158333333333335,213.45833333333334,0.2081429950881624,0.0,7.300000000000001,41.4,5.508333333333333,180.14166666666668,0.2081429950881624
RP_Talhao_Central,2022-08-01,22.150000000000002,30.1,15.1,0.0,4.64,0.281625,195.375,0.1969572150306575,0.0,7.300000000000001,41.4,7.150000000000002,181.21666666666667,0.1969572150306575
RP_Talhao_Central,2022-08-02,23.125,31.1,16.4,0.0,4.72,0.28037500000000004,199.625,0.1969572150306575,0.0,5.7,40.5,8.125,183.53333333333333,0.1969572150306575
RP_Talhao_Central,2022-08-03,23.054166666666664,30.5,16.7,0.0,4.99,0.27987500000000004,212.70833333333334,0.1969572150306575,0.0,5.7,40.5,8.054166666666664,186.79166666666669,0.1969572150306575
RP_Talhao_Central,2022-08-04,23.59583333333333,30.4,16.7,0.0,4.64,0.28404166666666664,185.375,0.1969572150306575,0.0,5.7,40.5,8.595833333333331,191.3,0.1969572150306575
RP_Talhao_Central,2022-08-05,23.787499999999998,31.6,16.3,0.0,4.98,0.293,203.75,0.1969572150306575,0.0,5.7,40.5,8.787499999999998,195.85833333333335,0.1969572150306575
RP_Talhao_Central,2022-08-06,24.133333333333336,32.6,17.4,0.0,4.42,0.2940833333333333,196.54166666666666,0.1969572150306575,0.0,5.7,40.4,9.133333333333336,200.225,0.1969572150306575
RP_Talhao_Central,2022-08-07,24.808333333333334,32.4,17.6,0.0,5.22,0.29220833333333335,179.70833333333334,0.1969572150306575,0.0,5.4,40.4,9.808333333333334,204.725,0.1969572150306575
RP_Talhao_Central,2022-08-08,19.666666666666668,21.8,17.7,3.7,1.47,0.2905,51.875,0.1969572150306575,3.7000000000000037,6.300000000000001,44.099999999999994,4.666666666666668,204.67916666666667,0.1969572150306575
RP_Talhao_Central,2022-08-09,18.6875,22.8,15.7,2.1,1.19,0.291,60.791666666666664,0.1969572150306575,5.800000000000004,6.9,44.099999999999994,3.6875,203.22500000000002,0.1969572150306575
RP_Talhao_Central,2022-08-10,15.704166666666666,18.8,10.7,10.5,2.86,0.2890833333333333,158.75,0.1969572150306575,16.300000000000004,17.3,54.0,0.7041666666666657,198.5375,0.1969572150306575
RP_Talhao_Central,2022-08-11,14.495833333333332,20.4,9.1,0.0,3.35,0.3165,190.5,0.1969572150306575,16.300000000000004,17.3,54.0,0.0,192.44583333333335,0.1969572150306575
RP_Talhao_Central,2022-08-12,17.033333333333335,24.7,10.3,0.0,4.2,0.31804166666666667,229.16666666666666,0.1969572150306575,16.300000000000004,17.3,54.0,2.033333333333335,187.95416666666668,0.1969572150306575
RP_Talhao_Central,2022-08-13,20.166666666666668,28.4,13.9,0.0,4.68,0.308125,228.08333333333334,0.1969572150306575,16.300000000000004,17.3,32.5,5.166666666666668,186.82083333333335,0.1969572150306575
RP_Talhao_Central,2022-08-14,21.433333333333334,28.8,15.8,0.0,4.87,0.2949583333333333,227.5,0.1969572150306575,16.300000000000004,17.3,24.4,6.433333333333334,186.30833333333334,0.1969572150306575
RP_Talhao_Central,2022-08-15,21.9875,29.6,15.2,0.0,5.24,0.2857916666666666,231.91666666666666,0.1969572150306575,16.300000000000004,17.3,24.4,6.987500000000001,186.6625,0.1969572150306575
RP_Talhao_Central,2022-08-16,24.170833333333334,32.5,16.4,0.0,5.38,0.2825,202.29166666666666,0.1969572150306575,16.300000000000004,17.3,24.4,9.170833333333334,187.70000000000002,0.1969572150306575
RP_Talhao_Central,2022-08-17,22.8125,29.4,17.1,0.0,3.9,0.286875,150.66666666666666,0.1969572150306575,16.300000000000004,16.3,24.4,7.8125,187.60833333333335,0.1969572150306575
RP_Talhao_Central,2022-08-18,23.916666666666668,31.8,17.7,0.0,5.79,0.30324999999999996,213.91666666666666,0.1969572150306575,16.300000000000004,16.3,24.4,8.916666666666668,189.79583333333335,0.1969572150306575
RP_Talhao_Central,2022-08-19,16.9375,20.6,12.5,0.1,2.71,0.31804166666666667,131.79166666666666,0.1969572150306575,16.400000000000006,16.400000000000002,24.5,1.9375,184.88750000000002,0.1969572150306575
RP_Talhao_Central,2022-08-20,17.941666666666666,28.0,11.4,0.0,4.1,0.31916666666666665,185.625,0.1969572150306575,16.400000000000006,16.400000000000002,24.5,2.9416666666666664,181.45833333333334,0.1969572150306575
RP_Talhao_Central,2022-08-21,19.120833333333334,23.4,15.6,0.0,3.69,0.31666666666666665,155.16666666666666,0.1969572150306575,16.400000000000006,16.400000000000002,24.5,4.120833333333334,179.55416666666667,0.1969572150306575
RP_Talhao_Central,2022-08-22,19.787499999999998,26.8,13.8,0.0,4.73,0.31220833333333337,229.66666666666666,0.1969572150306575,16.400000000000006,16.400000000000002,24.5,4.787499999999998,178.34166666666667,0.1969572150306575
RP_Talhao_Central,2022-08-23,20.879166666666666,28.0,14.1,0.0,4.91,0.30920833333333336,231.58333333333334,0.1969572150306575,16.400000000000006,16.400000000000002,24.5,5.879166666666666,177.42083333333332,0.1969572150306575
RP_Talhao_Central,2022-08-24,21.695833333333336,28.1,15.4,0.0,4.55,0.307125,200.33333333333334,0.1969572150306575,16.400000000000006,16.400000000000002,24.5,6.695833333333336,177.57916666666668,0.1969572150306575
RP_Talhao_Central,2022-08-25,23.15416666666667,28.9,17.4,0.0,4.58,0.30466666666666664,169.41666666666666,0.1969572150306575,16.400000000000006,16.400000000000002,24.5,8.154166666666669,179.3791666666667,0.1969572150306575
RP_Talhao_Central,2022-08-26,23.583333333333332,29.4,17.8,0.0,4.66,0.30241666666666667,181.08333333333334,0.1969572150306575,16.400000000000006,16.400000000000002,24.5,8.583333333333332,181.55416666666667,0.1969572150306575
RP_Talhao_Central,2022-08-27,23.929166666666664,30.7,17.2,0.0,5.28,0.2997083333333333,234.66666666666666,0.1969572150306575,16.400000000000006,16.400000000000002,24.5,8.929166666666664,184.67083333333335,0.1969572150306575
RP_Talhao_Central,2022-08-28,24.6875,32.1,17.1,0.0,5.51,0.297875,241.66666666666666,0.1969572150306575,16.400000000000006,16.400000000000002,24.5,9.6875,187.35416666666669,0.1969572150306575
RP_Talhao_Central,2022-08-29,19.76666666666667,26.6,13.9,0.0,5.13,0.29620833333333335,228.66666666666666,0.1969572150306575,16.400000000000006,16.400000000000002,23.700000000000003,4.766666666666669,187.225,0.1969572150306575
RP_Talhao_Central,2022-08-30,18.358333333333334,25.0,12.1,0.0,4.69,0.29462499999999997,205.0,0.1969572150306575,16.400000000000006,16.400000000000002,23.700000000000003,3.3583333333333343,185.07500000000002,0.1969572150306575
RP_Talhao_Central,2022-08-31,20.404166666666665,27.4,14.5,0.0,5.53,0.29320833333333335,240.83333333333334,0.1969572150306575,16.400000000000006,16.400000000000002,23.700000000000003,5.404166666666665,183.32916666666668,0.1969572150306575
RP_Talhao_Central,2022-09-01,21.212500000000002,28.3,15.3,0.0,5.73,0.2915833333333333,244.25,0.1640266556126995,16.400000000000006,16.400000000000002,22.1,6.212500000000002,181.41666666666669,0.1640266556126995
RP_Talhao_Central,2022-09-02,22.224999999999998,30.7,15.3,0.0,5.78,0.29041666666666666,247.58333333333334,0.1640266556126995,16.400000000000006,16.400000000000002,22.1,7.224999999999998,180.5875,0.1640266556126995
RP_Talhao_Central,2022-09-03,24.495833333333334,33.1,16.2,0.0,5.93,0.28854166666666664,235.875,0.1640266556126995,16.400000000000006,16.400000000000002,22.1,9.495833333333334,181.4875,0.1640266556126995
RP_Talhao_Central,2022-09-04,21.508333333333336,29.4,16.3,0.0,5.17,0.2875,220.45833333333334,0.1640266556126995,16.400000000000006,16.400000000000002,22.1,6.508333333333336,179.20833333333334,0.1640266556126995
RP_Talhao_Central,2022-09-05,22.045833333333334,30.4,15.2,0.8999999999999999,4.91,0.2865,219.5,0.1640266556126995,17.300000000000004,17.3,23.0,7.045833333333334,177.12083333333337,0.1640266556126995
RP_Talhao_Central,2022-09-06,22.837500000000002,30.4,18.6,18.200000000000003,4.44,0.28641666666666665,169.08333333333334,0.1640266556126995,35.50000000000001,35.5,40.900000000000006,7.837500000000002,175.15,0.1640266556126995
RP_Talhao_Central,2022-09-07,22.458333333333332,28.8,17.8,2.8,5.17,0.2950833333333333,218.58333333333334,0.1640266556126995,34.60000000000001,38.300000000000004,40.900000000000006,7.458333333333332,177.94166666666666,0.1640266556126995
RP_Talhao_Central,2022-09-08,24.816666666666666,33.3,17.6,0.0,5.1,0.286375,205.33333333333334,0.1640266556126995,32.50000000000001,38.300000000000004,39.400000000000006,9.816666666666666,184.07083333333333,0.1640266556126995
RP_Talhao_Central,2022-09-09,26.59583333333333,35.0,19.7,0.0,5.41,0.2875,212.08333333333334,0.1640266556126995,22.000000000000007,38.300000000000004,39.300000000000004,11.595833333333331,194.9625,0.1640266556126995
RP_Talhao_Central,2022-09-10,27.641666666666666,35.1,19.4,0.0,6.45,0.28520833333333334,238.125,0.1640266556126995,22.000000000000007,38.300000000000004,39.300000000000004,12.641666666666666,207.60416666666669,0.1640266556126995
RP_Talhao_Central,2022-09-11,25.741666666666664,33.7,18.5,0.0,5.57,0.28462499999999996,234.16666666666666,0.1640266556126995,22.000000000000007,38.300000000000004,39.300000000000004,10.741666666666664,216.3125,0.1640266556126995
RP_Talhao_Central,2022-09-12,25.96666666666667,36.1,18.9,0.0,5.82,0.2891666666666666,209.5,0.1640266556126995,22.000000000000007,38.300000000000004,39.300000000000004,10.966666666666669,222.11249999999998,0.1640266556126995
RP_Talhao_Central,2022-09-13,27.287499999999998,35.1,20.6,0.0,6.61,0.28791666666666665,247.04166666666666,0.1640266556126995,22.000000000000007,38.300000000000004,39.300000000000004,12.287499999999998,227.96666666666667,0.1640266556126995
RP_Talhao_Central,2022-09-14,23.02916666666667,26.7,20.1,0.0,4.36,0.2960833333333333,178.33333333333334,0.1640266556126995,22.000000000000007,38.300000000000004,39.300000000000004,8.029166666666669,229.00833333333333,0.1640266556126995
RP_Talhao_Central,2022-09-15,21.1125,25.2,17.6,5.2,2.9699999999999998,0.28462499999999996,127.41666666666667,0.1640266556126995,27.200000000000006,43.5,44.5,6.112500000000001,225.95,0.1640266556126995
RP_Talhao_Central,2022-09-16,19.837500000000002,25.0,16.0,6.4,3.49,0.2795416666666667,168.04166666666666,0.1640266556126995,33.60000000000001,49.900000000000006,49.900000000000006,4.837500000000002,222.975,0.1640266556126995
RP_Talhao_Central,2022-09-17,19.233333333333334,26.9,12.9,0.0,5.3100000000000005,0.2796666666666667,261.5416666666667,0.1640266556126995,33.60000000000001,49.900000000000006,49.900000000000006,4.233333333333334,218.29166666666666,0.1640266556126995
RP_Talhao_Central,2022-09-18,21.3125,29.4,14.0,0.0,5.87,0.27675,262.0833333333333,0.1640266556126995,33.50000000000001,49.900000000000006,49.900000000000006,6.3125,222.66666666666666,0.1640266556126995
RP_Talhao_Central,2022-09-19,24.34166666666667,33.4,16.5,0.0,5.84,0.27875,254.45833333333334,0.1640266556126995,33.50000000000001,49.900000000000006,49.900000000000006,9.341666666666669,229.06666666666666,0.1640266556126995
RP_Talhao_Central,2022-09-20,23.895833333333332,29.1,19.4,0.2,4.14,0.2794583333333333,193.08333333333334,0.1640266556126995,33.7,50.1,50.1,8.895833333333332,233.84166666666667,0.1640266556126995
RP_Talhao_Central,2022-09-21,23.933333333333334,31.4,19.6,1.2,3.75,0.2840833333333333,195.08333333333334,0.1640266556126995,34.900000000000006,51.300000000000004,51.300000000000004,8.933333333333334,237.9875,0.1640266556126995
RP_Talhao_Central,2022-09-22,21.308333333333334,25.4,19.1,31.3,1.95,0.31554166666666666,112.625,0.1640266556126995,66.2,82.60000000000001,82.60000000000001,6.308333333333334,238.41666666666669,0.1640266556126995
RP_Talhao_Central,2022-09-23,18.912499999999998,24.0,14.5,0.0,4.68,0.3276666666666667,275.9583333333333,0.1640266556126995,66.2,82.60000000000001,82.60000000000001,3.912499999999998,235.63333333333333,0.1640266556126995
RP_Talhao_Central,2022-09-24,19.816666666666666,27.9,12.5,0.0,5.4,0.323625,273.7916666666667,0.1640266556126995,66.2,82.60000000000001,82.60000000000001,4.816666666666666,232.29583333333332,0.1640266556126995
RP_Talhao_Central,2022-09-25,24.045833333333334,32.5,16.5,0.0,5.67,0.314125,262.9166666666667,0.1640266556126995,66.2,82.60000000000001,82.60000000000001,9.045833333333334,232.75833333333335,0.1640266556126995
RP_Talhao_Central,2022-09-26,23.295833333333334,30.4,18.4,8.600000000000001,3.78,0.31683333333333336,180.79166666666666,0.1640266556126995,74.80000000000001,91.2,91.2,8.295833333333334,232.125,0.1640266556126995
RP_Talhao_Central,2022-09-27,21.079166666666666,27.6,18.2,40.8,2.69,0.4379583333333333,152.08333333333334,0.1640266556126995,115.60000000000001,132.0,132.0,6.079166666666666,228.51666666666668,0.1640266556126995
RP_Talhao_Central,2022-09-28,19.529166666666665,22.3,16.2,28.1,1.86,0.4682916666666667,101.45833333333333,0.1640266556126995,143.70000000000002,160.1,160.1,4.529166666666665,228.27916666666667,0.1640266556126995
RP_Talhao_Central,2022-09-29,20.2,27.0,14.4,3.0,3.93,0.46779166666666666,207.08333333333334,0.1640266556126995,146.70000000000002,163.1,163.1,5.199999999999999,230.12083333333334,0.1640266556126995
RP_Talhao_Central,2022-09-30,20.341666666666665,25.3,17.4,5.6,3.5300000000000002,0.4662916666666667,202.45833333333334,0.1640266556126995,152.3,168.7,168.7,5.341666666666665,230.05833333333334,0.1640266556126995
RP_Talhao_Central,2022-10-01,22.333333333333332,28.1,17.8,0.6,4.33,0.485125,248.08333333333334,0.202702833931263,152.9,169.3,169.3,7.333333333333332,231.17916666666665,0.202702833931263
RP_Talhao_Central,2022-10-02,23.520833333333332,29.6,17.7,0.0,5.01,0.45895833333333336,266.7083333333333,0.202702833931263,152.9,169.3,169.3,8.520833333333332,232.475,0.202702833931263
RP_Talhao_Central,2022-10-03,22.337500000000002,29.7,17.4,3.6999999999999997,4.73,0.4374166666666666,256.2916666666667,0.202702833931263,156.60000000000002,173.0,173.0,7.337500000000002,230.31666666666666,0.202702833931263
RP_Talhao_Central,2022-10-04,22.412499999999998,28.0,18.0,2.7,4.28,0.42004166666666665,242.45833333333334,0.202702833931263,159.3,175.7,175.7,7.412499999999998,231.22083333333333,0.202702833931263
RP_Talhao_Central,2022-10-05,24.066666666666666,30.5,17.6,0.0,5.12,0.404625,271.6666666666667,0.202702833931263,158.4,175.7,175.7,9.066666666666666,233.24166666666665,0.202702833931263
RP_Talhao_Central,2022-10-06,25.129166666666666,33.5,18.8,4.3,5.79,0.387375,276.0833333333333,0.202702833931263,144.50000000000003,180.0,180.0,10.129166666666666,235.53333333333333,0.202702833931263
RP_Talhao_Central,2022-10-07,21.78333333333333,25.9,19.7,31.9,2.81,0.4222916666666667,143.41666666666666,0.202702833931263,173.6,208.20000000000002,211.9,6.783333333333331,234.85833333333332,0.202702833931263
RP_Talhao_Central,2022-10-08,21.683333333333334,27.7,16.0,0.0,4.81,0.4294166666666666,270.5416666666667,0.202702833931263,173.6,206.1,211.9,6.683333333333334,231.725,0.202702833931263
RP_Talhao_Central,2022-10-09,22.59166666666667,30.0,19.1,1.4,3.84,0.422625,198.20833333333334,0.202702833931263,175.0,197.0,213.3,7.591666666666669,227.72083333333333,0.202702833931263
RP_Talhao_Central,2022-10-10,21.541666666666668,25.3,19.5,13.8,2.03,0.476625,94.16666666666667,0.202702833931263,188.8,210.79999999999998,227.1,6.541666666666668,221.6208333333333,0.202702833931263
RP_Talhao_Central,2022-10-11,24.25,29.7,19.8,0.5,3.68,0.46950000000000003,163.875,0.202702833931263,189.3,211.29999999999998,227.6,9.25,220.12916666666666,0.202702833931263
RP_Talhao_Central,2022-10-12,24.15833333333333,29.9,19.5,0.0,5.33,0.450375,256.5,0.202702833931263,189.3,211.29999999999998,227.6,9.158333333333331,218.32083333333333,0.202702833931263
RP_Talhao_Central,2022-10-13,24.9375,32.3,18.9,0.0,5.9,0.4339166666666667,273.7083333333333,0.202702833931263,189.3,211.29999999999998,227.6,9.9375,215.97083333333333,0.202702833931263
RP_Talhao_Central,2022-10-14,24.870833333333334,32.9,18.3,0.0,6.44,0.41591666666666666,307.0416666666667,0.202702833931263,189.3,211.29999999999998,227.6,9.870833333333334,217.8125,0.202702833931263
RP_Talhao_Central,2022-10-15,24.03333333333333,31.0,18.2,0.0,5.91,0.3990833333333334,270.2916666666667,0.202702833931263,184.10000000000002,211.29999999999998,227.6,9.033333333333331,220.73333333333332,0.202702833931263
RP_Talhao_Central,2022-10-16,25.108333333333334,31.3,19.6,0.0,5.72,0.3852083333333334,276.25,0.202702833931263,177.70000000000002,211.29999999999998,227.6,10.108333333333334,226.00416666666666,0.202702833931263
RP_Talhao_Central,2022-10-17,25.483333333333334,31.4,19.8,0.0,5.48,0.3746666666666667,254.125,0.202702833931263,177.70000000000002,211.29999999999998,227.6,10.483333333333334,232.25416666666666,0.202702833931263
RP_Talhao_Central,2022-10-18,24.78333333333333,31.8,20.6,0.6,5.09,0.3642916666666667,206.25,0.202702833931263,178.3,211.79999999999998,228.2,9.783333333333331,235.725,0.202702833931263
RP_Talhao_Central,2022-10-19,22.650000000000002,26.5,20.7,1.9,2.94,0.36116666666666664,131.66666666666666,0.202702833931263,180.20000000000002,213.7,230.1,7.650000000000002,234.03333333333333,0.202702833931263
RP_Talhao_Central,2022-10-20,24.0625,32.1,19.5,2.5,5.08,0.35120833333333334,255.58333333333334,0.202702833931263,182.50000000000003,216.2,232.6,9.0625,234.2,0.202702833931263
RP_Talhao_Central,2022-10-21,22.625,27.0,20.4,4.7,3.0,0.35154166666666664,156.54166666666666,0.202702833931263,186.0,220.9,237.3,7.625,232.89166666666665,0.202702833931263
RP_Talhao_Central,2022-10-22,23.962500000000002,29.8,18.9,1.0,4.89,0.35624999999999996,248.16666666666666,0.202702833931263,155.7,221.9,238.3,8.962500000000002,235.54583333333332,0.202702833931263
RP_Talhao_Central,2022-10-23,24.566666666666666,31.6,18.0,0.0,6.05,0.3460833333333333,298.4166666666667,0.202702833931263,155.7,221.9,238.3,9.566666666666666,241.2,0.202702833931263
RP_Talhao_Central,2022-10-24,25.041666666666668,32.0,17.8,0.0,6.38,0.3361666666666667,302.75,0.202702833931263,155.7,221.9,238.3,10.041666666666668,246.425,0.202702833931263
RP_Talhao_Central,2022-10-25,25.287499999999998,32.1,19.4,0.0,6.42,0.325,299.1666666666667,0.202702833931263,155.7,221.9,238.3,10.287499999999998,247.66666666666666,0.202702833931263
RP_Talhao_Central,2022-10-26,26.104166666666668,33.7,19.0,0.0,6.8,0.317625,309.8333333333333,0.202702833931263,147.1,221.9,238.3,11.104166666666668,250.475,0.202702833931263
RP_Talhao_Central,2022-10-27,26.224999999999998,34.1,20.7,0.6,5.93,0.31204166666666666,267.4166666666667,0.202702833931263,106.90000000000002,222.5,238.9,11.224999999999998,255.6208333333333,0.202702833931263
RP_Talhao_Central,2022-10-28,24.712500000000002,31.0,19.9,0.8999999999999999,5.1,0.31120833333333336,261.8333333333333,0.202702833931263,79.7,223.4,239.8,9.712500000000002,260.8041666666667,0.202702833931263
RP_Talhao_Central,2022-10-29,25.554166666666664,33.6,20.7,5.8,5.64,0.30595833333333333,277.625,0.202702833931263,82.5,229.2,245.6,10.554166666666664,266.1583333333333,0.202702833931263
RP_Talhao_Central,2022-10-30,25.462500000000002,32.7,19.3,2.5,5.81,0.30591666666666667,281.1666666666667,0.202702833931263,79.4,231.7,248.1,10.462500000000002,271.2791666666667,0.202702833931263
RP_Talhao_Central,2022-10-31,24.116666666666664,29.9,21.4,12.6,4.25,0.30441666666666667,228.25,0.202702833931263,91.4,244.29999999999998,260.7,9.116666666666664,273.0625,0.202702833931263
RP_Talhao_Central,2022-11-01,22.25,26.6,17.4,2.4,4.2700000000000005,0.316,200.29166666666666,0.2034584091968571,93.8,246.7,263.1,7.25,271.7916666666667,0.2034584091968571
RP_Talhao_Central,2022-11-02,18.116666666666667,22.2,15.5,0.8,3.3400000000000003,0.32125,135.25,0.2034584091968571,90.9,247.5,263.9,3.116666666666667,267.5708333333333,0.2034584091968571
RP_Talhao_Central,2022-11-03,17.779166666666665,21.8,14.4,1.2,3.68,0.32254166666666667,161.54166666666666,0.2034584091968571,89.4,248.7,265.1,2.779166666666665,262.9375,0.2034584091968571
RP_Talhao_Central,2022-11-04,18.7875,25.1,12.3,0.0,5.08,0.32108333333333333,270.5833333333333,0.2034584091968571,89.4,247.79999999999998,265.1,3.7875000000000014,257.65833333333336,0.2034584091968571
RP_Talhao_Central,2022-11-05,20.183333333333334,27.1,13.2,0.0,5.71,0.3153333333333333,286.375,0.2034584091968571,85.1,229.6,265.1,5.183333333333334,252.7125,0.2034584091968571
RP_Talhao_Central,2022-11-06,20.95,27.3,16.6,0.3,5.35,0.30820833333333336,256.4166666666667,0.2034584091968571,53.50000000000001,227.1,261.7,5.949999999999999,251.87916666666666,0.2034584091968571
RP_Talhao_Central,2022-11-07,21.554166666666664,28.1,15.5,0.6,5.97,0.30245833333333333,302.4583333333333,0.2034584091968571,54.10000000000001,227.7,260.2,6.554166666666664,251.75,0.2034584091968571
RP_Talhao_Central,2022-11-08,22.0625,29.6,15.3,0.0,5.54,0.2955,287.875,0.2034584091968571,52.70000000000001,227.7,249.7,7.0625,251.22083333333333,0.2034584091968571
RP_Talhao_Central,2022-11-09,23.3,30.9,16.8,0.30000000000000004,5.24,0.294375,271.0416666666667,0.2034584091968571,39.2,228.0,250.0,8.3,252.97916666666669,0.2034584091968571
RP_Talhao_Central,2022-11-10,25.6875,33.2,18.4,0.0,6.28,0.29412499999999997,308.0,0.2034584091968571,38.7,228.0,250.0,10.6875,254.41666666666669,0.2034584091968571
RP_Talhao_Central,2022-11-11,24.870833333333334,33.5,20.3,1.0,4.92,0.2940833333333333,250.29166666666666,0.2034584091968571,39.7,229.0,251.0,9.870833333333334,255.12916666666666,0.2034584091968571
RP_Talhao_Central,2022-11-12,25.704166666666666,31.6,19.1,0.5,5.8999999999999995,0.29316666666666663,287.0833333333333,0.2034584091968571,40.2,229.5,251.5,10.704166666666666,255.89583333333334,0.2034584091968571
RP_Talhao_Central,2022-11-13,26.829166666666666,33.9,20.4,0.1,6.31,0.2895833333333333,283.7083333333333,0.2034584091968571,40.300000000000004,229.6,251.6,11.829166666666666,257.8541666666667,0.2034584091968571
RP_Talhao_Central,2022-11-14,26.508333333333336,33.9,21.3,0.6,5.69,0.2896666666666667,256.5833333333333,0.2034584091968571,40.900000000000006,225.0,252.2,11.508333333333336,260.32916666666665,0.2034584091968571
RP_Talhao_Central,2022-11-15,26.28333333333333,31.8,20.8,0.2,5.83,0.29783333333333334,279.2916666666667,0.2034584091968571,41.1,218.79999999999998,252.39999999999998,11.283333333333331,261.50416666666666,0.2034584091968571
RP_Talhao_Central,2022-11-16,26.537499999999998,33.2,19.6,0.0,6.78,0.29254166666666664,308.1666666666667,0.2034584091968571,41.1,218.79999999999998,252.39999999999998,11.537499999999998,262.55833333333334,0.2034584091968571
RP_Talhao_Central,2022-11-17,25.974999999999998,33.7,19.3,0.0,7.28,0.2870833333333333,332.1666666666667,0.2034584091968571,40.5,218.79999999999998,252.29999999999998,10.974999999999998,263.75,0.2034584091968571
RP_Talhao_Central,2022-11-18,26.15833333333333,33.5,19.3,0.0,7.2,0.28591666666666665,314.125,0.2034584091968571,38.6,218.79999999999998,252.29999999999998,11.158333333333331,267.2583333333333,0.2034584091968571
RP_Talhao_Central,2022-11-19,23.616666666666664,29.5,20.4,1.6,5.58,0.28691666666666665,272.125,0.2034584091968571,37.7,220.20000000000002,253.9,8.616666666666664,266.81249999999994,0.2034584091968571
RP_Talhao_Central,2022-11-20,24.429166666666664,30.6,18.1,0.8,5.63,0.29054166666666664,305.5833333333333,0.2034584091968571,33.80000000000001,219.79999999999998,254.7,9.429166666666664,268.6166666666666,0.2034584091968571
RP_Talhao_Central,2022-11-21,26.025000000000002,32.3,19.9,0.1,6.2299999999999995,0.2939583333333333,299.0,0.2034584091968571,32.900000000000006,188.6,254.79999999999998,11.025000000000002,270.6791666666667,0.2034584091968571
RP_Talhao_Central,2022-11-22,24.65833333333333,32.2,20.2,5.9,4.93,0.30016666666666664,245.54166666666666,0.2034584091968571,38.80000000000001,194.5,260.7,9.658333333333331,270.7708333333333,0.2034584091968571
RP_Talhao_Central,2022-11-23,22.504166666666666,28.3,19.8,23.8,3.98,0.35000000000000003,231.58333333333334,0.2034584091968571,62.60000000000001,218.3,284.5,7.504166666666666,268.2333333333333,0.2034584091968571
RP_Talhao_Central,2022-11-24,22.458333333333332,28.2,18.8,8.9,4.6,0.3954583333333333,263.0833333333333,0.2034584091968571,71.50000000000001,227.20000000000002,293.4,7.458333333333332,265.40416666666664,0.2034584091968571
RP_Talhao_Central,2022-11-25,22.183333333333334,28.5,17.8,1.0,5.22,0.40054166666666674,292.625,0.2034584091968571,72.50000000000001,219.6,294.4,7.183333333333334,261.4833333333333,0.2034584091968571
RP_Talhao_Central,2022-11-26,22.379166666666666,28.7,15.9,0.0,6.0200000000000005,0.38916666666666666,328.7916666666667,0.2034584091968571,71.9,178.8,294.4,7.379166666666666,257.6375,0.2034584091968571
RP_Talhao_Central,2022-11-27,23.825,30.4,17.4,0.0,5.970000000000001,0.375125,316.7916666666667,0.2034584091968571,71.00000000000001,150.70000000000002,294.4,8.825,256.75,0.2034584091968571
RP_Talhao_Central,2022-11-28,22.724999999999998,29.5,18.7,16.099999999999998,5.12,0.367125,293.4583333333333,0.2034584091968571,81.30000000000001,163.8,310.5,7.724999999999998,253.9208333333333,0.2034584091968571
RP_Talhao_Central,2022-11-29,21.837500000000002,27.2,18.2,6.6000000000000005,4.21,0.36604166666666665,250.16666666666666,0.2034584091968571,85.4,164.8,317.09999999999997,6.837500000000002,250.2958333333333,0.2034584091968571
RP_Talhao_Central,2022-11-30,22.645833333333332,28.7,18.3,2.6,4.51,0.39366666666666666,255.875,0.2034584091968571,75.4,166.79999999999998,319.7,7.645833333333332,248.825,0.2034584091968571
RP_Talhao_Central,2022-12-01,23.733333333333334,28.6,18.8,0.7000000000000001,4.84,0.39925000000000005,277.625,0.2137429023213111,73.70000000000002,167.5,320.4,8.733333333333334,250.3083333333333,0.2137429023213111
RP_Talhao_Central,2022-12-02,24.8875,30.8,20.9,1.9,5.21,0.3917083333333333,288.4583333333333,0.2137429023213111,74.8,165.7,322.3,9.8875,257.07916666666665,0.2137429023213111
RP_Talhao_Central,2022-12-03,24.166666666666668,29.4,20.7,18.4,3.93,0.40125000000000005,212.875,0.2137429023213111,92.00000000000001,181.4,340.7,9.166666666666668,263.46666666666664,0.2137429023213111
RP_Talhao_Central,2022-12-04,22.116666666666664,25.7,20.0,11.8,2.67,0.45575000000000004,157.33333333333334,0.2137429023213111,103.80000000000001,193.20000000000002,351.6,7.116666666666664,266.7958333333333,0.2137429023213111
RP_Talhao_Central,2022-12-05,22.02916666666667,26.3,20.3,18.2,2.31,0.4925833333333333,132.83333333333334,0.2137429023213111,122.00000000000001,207.1,351.59999999999997,7.029166666666669,268.64166666666665,0.2137429023213111
RP_Talhao_Central,2022-12-06,22.724999999999998,27.2,20.2,9.1,3.61,0.489875,213.04166666666666,0.2137429023213111,130.8,184.29999999999998,357.90000000000003,7.724999999999998,270.41666666666663,0.2137429023213111
RP_Talhao_Central,2022-12-07,22.40416666666667,26.3,19.8,13.4,2.96,0.498875,176.91666666666666,0.2137429023213111,143.6,197.7,371.3,7.404166666666669,271.26666666666665,0.2137429023213111
RP_Talhao_Central,2022-12-08,24.0125,30.4,17.8,0.0,5.95,0.486,333.1666666666667,0.2137429023213111,143.6,196.29999999999998,371.3,9.0125,273.2166666666667,0.2137429023213111
RP_Talhao_Central,2022-12-09,25.083333333333332,32.2,18.6,0.0,6.74,0.45929166666666665,360.3333333333333,0.2137429023213111,143.29999999999998,182.5,371.3,10.083333333333332,275.0,0.2137429023213111
RP_Talhao_Central,2022-12-10,25.2625,31.3,19.9,0.0,6.16,0.43616666666666665,330.0416666666667,0.2137429023213111,143.29999999999998,182.0,371.3,10.2625,274.575,0.2137429023213111
RP_Talhao_Central,2022-12-11,25.304166666666664,30.7,19.8,0.7,5.75,0.41533333333333333,322.5416666666667,0.2137429023213111,143.0,182.70000000000002,372.0,10.304166666666664,275.0083333333333,0.2137429023213111
RP_Talhao_Central,2022-12-12,24.09166666666667,28.8,20.6,3.5000000000000004,3.55,0.406625,184.25,0.2137429023213111,146.0,186.20000000000002,375.5,9.091666666666669,273.3958333333333,0.2137429023213111
RP_Talhao_Central,2022-12-13,21.629166666666666,23.9,20.5,31.9,1.73,0.431,108.54166666666667,0.2137429023213111,177.8,218.1,407.40000000000003,6.629166666666666,268.1958333333333,0.2137429023213111
RP_Talhao_Central,2022-12-14,22.45,28.3,18.2,1.8,4.1000000000000005,0.4698333333333333,224.75,0.2137429023213111,179.0,219.9,403.99999999999994,7.449999999999999,264.1375,0.2137429023213111
RP_Talhao_Central,2022-12-15,23.504166666666666,28.8,18.5,0.0,5.61,0.4527083333333333,320.4166666666667,0.2137429023213111,178.8,219.9,397.59999999999997,8.504166666666666,261.3583333333333,0.2137429023213111
RP_Talhao_Central,2022-12-16,23.691666666666666,28.9,18.9,0.8,5.3,0.43683333333333335,304.3333333333333,0.2137429023213111,179.60000000000002,220.7,398.4,8.691666666666666,258.5125,0.2137429023213111
RP_Talhao_Central,2022-12-17,23.883333333333336,29.0,18.6,0.2,5.76,0.42087499999999994,319.2916666666667,0.2137429023213111,179.8,220.3,398.59999999999997,8.883333333333336,256.42083333333335,0.2137429023213111
RP_Talhao_Central,2022-12-18,24.870833333333334,30.4,19.6,0.1,6.03,0.40408333333333335,322.0833333333333,0.2137429023213111,179.9,218.5,398.7,9.870833333333334,255.13333333333333,0.2137429023213111
RP_Talhao_Central,2022-12-19,22.020833333333332,25.2,20.5,17.6,2.31,0.3995,126.04166666666667,0.2137429023213111,195.89999999999998,233.6,416.1,7.020833333333332,253.5375,0.2137429023213111
RP_Talhao_Central,2022-12-20,21.9875,26.4,19.9,26.3,3.33,0.43533333333333335,200.29166666666666,0.2137429023213111,221.4,255.2,441.2,6.987500000000001,251.09583333333333,0.2137429023213111
RP_Talhao_Central,2022-12-21,21.616666666666664,26.6,17.6,1.1,4.61,0.45412500000000006,258.4583333333333,0.2137429023213111,222.4,255.29999999999998,411.0,6.616666666666664,246.6875,0.2137429023213111
RP_Talhao_Central,2022-12-22,21.804166666666664,27.4,16.2,0.4,5.61,0.4411666666666667,316.2083333333333,0.2137429023213111,216.9,255.7,411.4,6.804166666666664,243.83333333333331,0.2137429023213111
RP_Talhao_Central,2022-12-23,22.75,29.5,18.2,0.1,5.49,0.42716666666666664,309.0833333333333,0.2137429023213111,193.2,255.79999999999998,411.5,7.75,244.07916666666665,0.2137429023213111
RP_Talhao_Central,2022-12-24,24.066666666666666,29.7,19.1,0.7,5.72,0.41954166666666665,312.8333333333333,0.2137429023213111,185.0,256.5,412.2,9.066666666666666,245.6875,0.2137429023213111
RP_Talhao_Central,2022-12-25,23.625,29.8,20.1,12.2,4.91,0.4107083333333333,271.75,0.2137429023213111,196.2,268.7,415.79999999999995,8.625,247.12916666666666,0.2137429023213111
RP_Talhao_Central,2022-12-26,22.208333333333332,26.1,20.0,25.8,2.96,0.45845833333333336,178.375,0.2137429023213111,222.0,293.90000000000003,400.8,7.208333333333332,246.95833333333331,0.2137429023213111
RP_Talhao_Central,2022-12-27,22.695833333333336,26.7,20.3,44.4,4.01,0.4968333333333333,244.75,0.2137429023213111,266.4,337.4,417.1,7.695833333333336,245.82916666666668,0.2137429023213111
RP_Talhao_Central,2022-12-28,22.208333333333332,26.5,20.2,15.6,3.2399999999999998,0.5025000000000001,193.54166666666666,0.2137429023213111,265.9,347.2,429.7,7.208333333333332,245.3125,0.2137429023213111
RP_Talhao_Central,2022-12-29,22.412499999999998,26.4,19.6,8.4,3.5100000000000002,0.5017083333333333,213.45833333333334,0.2137429023213111,267.70000000000005,353.09999999999997,432.5,7.412499999999998,245.8875,0.2137429023213111
RP_Talhao_Central,2022-12-30,22.53333333333333,27.5,19.4,25.1,4.18,0.4990833333333333,253.16666666666666,0.2137429023213111,290.2,365.6,457.0,7.533333333333331,245.77499999999998,0.2137429023213111
RP_Talhao_Central,2022-12-31,23.5625,29.0,19.3,4.4,5.4,0.49395833333333333,315.25,0.2137429023213111,293.90000000000003,367.59999999999997,461.40000000000003,8.5625,245.60416666666666,0.2137429023213111
RP_Talhao_Central,2023-01-01,23.491666666666664,29.3,19.9,5.7,4.97,0.49545833333333333,289.2916666666667,0.1957523618910109,297.7,372.5,463.4,8.491666666666664,244.20833333333331,0.1957523618910109
RP_Talhao_Central,2023-01-02,23.28333333333333,29.2,19.0,2.0,4.95,0.48616666666666664,297.75,0.1957523618910109,281.3,373.29999999999995,462.7,8.283333333333331,243.325,0.1957523618910109
RP_Talhao_Central,2023-01-03,22.433333333333334,26.2,19.3,4.0,3.24,0.4734583333333333,194.5,0.1957523618910109,273.5,377.29999999999995,466.7,7.433333333333334,243.64166666666665,0.1957523618910109
RP_Talhao_Central,2023-01-04,22.0625,25.4,20.4,15.8,2.63,0.49704166666666666,160.04166666666666,0.1957523618910109,271.1,393.09999999999997,478.2,7.0625,243.67499999999998,0.1957523618910109
RP_Talhao_Central,2023-01-05,21.179166666666667,25.0,19.0,37.4,2.4699999999999998,0.5130416666666667,148.79166666666666,0.1957523618910109,299.4,430.20000000000005,483.7,6.179166666666667,242.12916666666666,0.1957523618910109
RP_Talhao_Central,2023-01-06,20.704166666666666,25.8,17.8,18.1,2.82,0.5107916666666666,162.20833333333334,0.1957523618910109,304.1,447.7,501.8,5.704166666666666,240.42916666666665,0.1957523618910109
RP_Talhao_Central,2023-01-07,20.412499999999998,24.5,16.9,6.7,2.77,0.507875,153.75,0.1957523618910109,310.8,454.4,507.1,5.412499999999998,236.82916666666665,0.1957523618910109
RP_Talhao_Central,2023-01-08,20.583333333333332,25.0,18.1,29.2,2.45,0.5117083333333333,140.25,0.1957523618910109,340.0,483.29999999999995,522.5,5.583333333333332,232.32916666666665,0.1957523618910109
RP_Talhao_Central,2023-01-09,21.25,25.8,19.3,34.1,2.41,0.5147083333333333,146.125,0.1957523618910109,374.1,517.4,556.1,6.25,228.31666666666666,0.1957523618910109
RP_Talhao_Central,2023-01-10,21.95,25.5,19.9,3.9,2.72,0.505,161.25,0.1957523618910109,377.3,520.3,560.0,6.949999999999999,224.96249999999998,0.1957523618910109
RP_Talhao_Central,2023-01-11,23.0125,26.5,20.3,4.1000000000000005,4.08,0.5062083333333334,248.20833333333334,0.1957523618910109,377.90000000000003,523.9,564.1,8.0125,223.88333333333333,0.1957523618910109
RP_Talhao_Central,2023-01-12,23.099999999999998,27.3,20.1,6.9,4.01,0.5059583333333334,236.95833333333334,0.1957523618910109,352.9,530.6999999999999,571.0,8.099999999999998,225.35416666666666,0.1957523618910109
RP_Talhao_Central,2023-01-13,22.599999999999998,27.1,19.4,7.3,3.47,0.5005000000000001,211.91666666666666,0.1957523618910109,358.40000000000003,537.4000000000001,578.3,7.599999999999998,225.50416666666666,0.1957523618910109
RP_Talhao_Central,2023-01-14,24.03333333333333,29.0,20.2,4.3,5.18,0.49654166666666666,297.0833333333333,0.1957523618910109,362.70000000000005,541.5,582.6,9.033333333333331,226.0333333333333,0.1957523618910109
RP_Talhao_Central,2023-01-15,24.579166666666666,29.4,19.8,2.6999999999999997,4.96,0.48008333333333336,289.1666666666667,0.1957523618910109,364.6,544.2,585.3,9.579166666666666,226.9208333333333,0.1957523618910109
RP_Talhao_Central,2023-01-16,23.954166666666666,29.9,20.7,5.9,4.4399999999999995,0.47816666666666663,257.8333333333333,0.1957523618910109,370.3,550.1,590.6,8.954166666666666,226.99166666666665,0.1957523618910109
RP_Talhao_Central,2023-01-17,24.454166666666666,29.8,19.8,0.7,5.59,0.47529166666666667,318.7083333333333,0.1957523618910109,370.90000000000003,550.8,589.4,9.454166666666666,226.57499999999996,0.1957523618910109
RP_Talhao_Central,2023-01-18,24.254166666666666,29.8,20.1,1.7,5.23,0.4612083333333334,298.9166666666667,0.1957523618910109,355.0,550.9,588.6,9.254166666666666,228.80833333333328,0.1957523618910109
RP_Talhao_Central,2023-01-19,23.829166666666666,28.6,19.6,0.5,4.46,0.449625,254.08333333333334,0.1957523618910109,329.20000000000005,550.6,584.4,8.829166666666666,230.64999999999998,0.1957523618910109
RP_Talhao_Central,2023-01-20,22.425,26.9,20.2,21.5,3.7800000000000002,0.45779166666666665,233.91666666666666,0.1957523618910109,349.6,572.0,604.9,7.425000000000001,231.45833333333331,0.1957523618910109
RP_Talhao_Central,2023-01-21,21.108333333333334,25.5,18.6,12.1,3.02,0.476,197.5,0.1957523618910109,361.3,578.2,617.0,6.108333333333334,230.7625,0.1957523618910109
RP_Talhao_Central,2023-01-22,22.616666666666664,27.9,19.1,27.1,4.4799999999999995,0.5024166666666666,264.9166666666667,0.1957523618910109,388.3,581.5,644.0999999999999,7.616666666666664,230.62916666666666,0.1957523618910109
RP_Talhao_Central,2023-01-23,22.34583333333333,26.7,20.0,6.9,3.38,0.501375,204.5,0.1957523618910109,394.50000000000006,579.5,651.0,7.345833333333331,228.9083333333333,0.1957523618910109
RP_Talhao_Central,2023-01-24,22.420833333333334,27.2,19.4,15.8,3.21,0.5051666666666667,184.625,0.1957523618910109,398.1,594.3,666.8,7.420833333333334,227.70416666666662,0.1957523618910109
RP_Talhao_Central,2023-01-25,24.2,30.0,19.3,0.0,6.0,0.49062500000000003,334.4166666666667,0.1957523618910109,372.3,594.3,666.2,9.2,229.69583333333333,0.1957523618910109
RP_Talhao_Central,2023-01-26,24.729166666666668,29.6,20.2,0.0,5.92,0.4739583333333333,325.7916666666667,0.1957523618910109,327.9,594.3,665.3,9.729166666666668,231.72916666666663,0.1957523618910109
RP_Talhao_Central,2023-01-27,23.891666666666666,29.0,19.9,6.2,4.9,0.462,282.6666666666667,0.1957523618910109,318.50000000000006,584.4,665.7,8.891666666666666,233.41249999999997,0.1957523618910109
RP_Talhao_Central,2023-01-28,22.474999999999998,26.9,20.1,14.799999999999999,3.73,0.496875,232.375,0.1957523618910109,324.9,592.6,678.0,7.474999999999998,233.475,0.1957523618910109
RP_Talhao_Central,2023-01-29,23.041666666666668,28.4,18.9,4.2,4.77,0.4892083333333333,280.3333333333333,0.1957523618910109,304.00000000000006,594.2,669.6,8.041666666666668,233.98333333333332,0.1957523618910109
RP_Talhao_Central,2023-01-30,22.504166666666666,28.0,19.7,10.200000000000001,4.22,0.5028750000000001,253.41666666666666,0.1957523618910109,309.8,603.7,677.4,7.504166666666666,232.92499999999998,0.1957523618910109
RP_Talhao_Central,2023-01-31,23.708333333333332,29.3,19.2,1.1,4.65,0.48216666666666663,264.25,0.1957523618910109,305.2,602.9,677.7,8.708333333333332,233.14166666666665,0.1957523618910109
RP_Talhao_Central,2023-02-01,23.59166666666667,28.2,19.7,2.5,3.36,0.4731666666666667,186.5,0.2504184830237096,305.7,587.0,679.0,8.591666666666669,233.45,0.2504184830237096
RP_Talhao_Central,2023-02-02,22.733333333333334,28.0,20.6,19.7,2.65,0.4930833333333333,150.45833333333334,0.2504184830237096,321.40000000000003,594.9,698.7,7.733333333333334,233.74999999999997,0.2504184830237096
RP_Talhao_Central,2023-02-03,23.941666666666666,29.0,19.6,0.1,4.31,0.5003333333333333,232.91666666666666,0.2504184830237096,305.7,576.8000000000001,698.8,8.941666666666666,235.62916666666663,0.2504184830237096
RP_Talhao_Central,2023-02-04,23.837500000000002,28.6,20.2,3.0,4.72,0.4849583333333333,270.125,0.2504184830237096,271.3,570.7,701.5,8.837500000000002,238.28749999999997,0.2504184830237096
RP_Talhao_Central,2023-02-05,23.579166666666666,27.8,19.9,1.5,4.03,0.47212499999999996,234.16666666666666,0.2504184830237096,254.70000000000002,558.8000000000001,702.4,8.579166666666666,241.1625,0.2504184830237096
RP_Talhao_Central,2023-02-06,24.120833333333334,28.7,20.2,0.1,4.51,0.45458333333333334,258.5,0.2504184830237096,248.10000000000002,558.9000000000001,702.5,9.120833333333334,244.87083333333334,0.2504184830237096
RP_Talhao_Central,2023-02-07,23.7375,28.6,19.6,7.199999999999999,4.77,0.43583333333333335,273.0416666666667,0.2504184830237096,226.10000000000002,566.1,709.4,8.7375,248.02499999999998,0.2504184830237096
RP_Talhao_Central,2023-02-08,24.070833333333336,30.4,20.2,14.4,5.39,0.42766666666666664,304.5833333333333,0.2504184830237096,206.40000000000003,580.5,723.8,9.070833333333336,250.84583333333333,0.2504184830237096
RP_Talhao_Central,2023-02-09,23.804166666666664,30.1,19.9,10.6,5.18,0.4126666666666667,297.9166666666667,0.2504184830237096,213.10000000000002,590.4,733.4,8.804166666666664,252.7,0.2504184830237096
RP_Talhao_Central,2023-02-10,23.349999999999998,29.1,19.4,0.7000000000000001,4.5200000000000005,0.40487500000000004,266.9583333333333,0.2504184830237096,209.70000000000002,587.6,733.5999999999999,8.349999999999998,253.03749999999997,0.2504184830237096
RP_Talhao_Central,2023-02-11,22.516666666666666,27.3,20.1,7.4,2.62,0.41204166666666664,148.25,0.2504184830237096,210.20000000000002,563.1,740.9000000000001,7.516666666666666,252.45416666666665,0.2504184830237096
RP_Talhao_Central,2023-02-12,22.441666666666666,26.4,20.4,9.1,2.5,0.44004166666666666,149.70833333333334,0.2504184830237096,212.0,570.4000000000001,749.4,7.441666666666666,252.29583333333332,0.2504184830237096
RP_Talhao_Central,2023-02-13,23.416666666666668,29.1,19.3,1.5,4.08,0.4482916666666667,235.20833333333334,0.2504184830237096,209.20000000000002,571.9000000000001,750.6999999999999,8.416666666666668,251.67916666666665,0.2504184830237096
RP_Talhao_Central,2023-02-14,24.616666666666664,30.1,19.4,0.2,5.07,0.43887499999999996,287.2083333333333,0.2504184830237096,206.70000000000002,571.3,750.9,9.616666666666664,251.71666666666667,0.2504184830237096
RP_Talhao_Central,2023-02-15,24.97083333333333,30.5,20.1,2.3,4.33,0.427875,238.125,0.2504184830237096,203.10000000000002,573.4000000000001,753.1999999999999,9.970833333333331,252.73333333333332,0.2504184830237096
RP_Talhao_Central,2023-02-16,24.854166666666668,30.0,21.2,2.2,4.85,0.422375,271.8333333333333,0.2504184830237096,204.60000000000002,575.5,755.4,9.854166666666668,253.13333333333333,0.2504184830237096
RP_Talhao_Central,2023-02-17,23.974999999999998,29.9,21.0,8.0,4.01,0.41604166666666664,233.0,0.2504184830237096,210.90000000000003,565.9,761.8,8.974999999999998,252.85416666666666,0.2504184830237096
RP_Talhao_Central,2023-02-18,22.833333333333332,27.7,20.2,13.799999999999999,3.05,0.4163333333333333,176.5,0.2504184830237096,224.20000000000002,553.4000000000001,774.8,7.833333333333332,251.85833333333332,0.2504184830237096
RP_Talhao_Central,2023-02-19,22.46666666666667,27.3,19.1,6.9,3.57,0.4539166666666667,207.04166666666666,0.2504184830237096,209.60000000000002,559.2,781.6,7.466666666666669,251.89999999999998,0.2504184830237096
RP_Talhao_Central,2023-02-20,23.5625,29.2,19.0,4.8999999999999995,5.09,0.447875,299.375,0.2504184830237096,202.40000000000003,563.7,780.6,8.5625,254.35416666666666,0.2504184830237096
RP_Talhao_Central,2023-02-21,22.425,27.3,19.5,7.3999999999999995,3.11,0.45716666666666667,176.79166666666666,0.2504184830237096,182.70000000000002,571.0,764.2,7.425000000000001,254.1625,0.2504184830237096
RP_Talhao_Central,2023-02-22,23.695833333333336,29.1,20.5,10.4,4.32,0.45083333333333336,250.5,0.2504184830237096,186.20000000000002,580.7,765.6999999999999,8.695833333333336,255.5125,0.2504184830237096
RP_Talhao_Central,2023-02-23,23.741666666666664,29.1,20.1,4.2,4.88,0.45825000000000005,279.1666666666667,0.2504184830237096,174.60000000000002,572.7,768.9,8.741666666666664,256.8333333333333,0.2504184830237096
RP_Talhao_Central,2023-02-24,23.474999999999998,28.0,19.6,3.1,4.82,0.4538333333333333,284.3333333333333,0.2504184830237096,177.70000000000002,550.0,772.0,8.474999999999998,256.1083333333333,0.2504184830237096
RP_Talhao_Central,2023-02-25,24.508333333333336,30.0,19.7,0.4,5.07,0.435125,292.9583333333333,0.2504184830237096,178.10000000000002,506.0,772.4,9.508333333333336,255.8875,0.2504184830237096
RP_Talhao_Central,2023-02-26,24.495833333333334,29.9,20.2,0.5,4.42,0.4257916666666666,244.29166666666666,0.2504184830237096,172.4,490.9,756.8000000000001,9.495833333333334,256.4916666666667,0.2504184830237096
RP_Talhao_Central,2023-02-27,25.28333333333333,31.8,20.6,1.7,5.23,0.41287499999999994,286.0416666666667,0.2504184830237096,159.3,484.2,751.9,10.283333333333331,259.3,0.2504184830237096
RP_Talhao_Central,2023-02-28,24.72083333333333,30.7,21.1,1.7000000000000002,5.24,0.402375,286.0833333333333,0.2504184830237096,156.8,460.8,751.0,9.720833333333331,260.9791666666667,0.2504184830237096
RP_Talhao_Central,2023-03-01,24.433333333333334,30.1,20.1,0.0,5.05,0.39408333333333334,283.9166666666667,0.2534904766697756,146.60000000000002,456.40000000000003,750.3,9.433333333333334,262.9083333333333,0.2534904766697756
RP_Talhao_Central,2023-03-02,24.366666666666664,30.9,19.2,0.4,4.8,0.386125,263.5416666666667,0.2534904766697756,145.90000000000003,451.1,748.8,9.366666666666664,263.56666666666666,0.2534904766697756
RP_Talhao_Central,2023-03-03,25.133333333333336,31.0,20.2,1.2999999999999998,5.2700000000000005,0.3774583333333333,289.5833333333333,0.2534904766697756,144.70000000000002,450.40000000000003,731.7,10.133333333333336,265.1083333333333,0.2534904766697756
RP_Talhao_Central,2023-03-04,24.491666666666664,30.4,20.7,12.8,4.6000000000000005,0.36962500000000004,257.7916666666667,0.2534904766697756,137.8,459.20000000000005,732.7,9.491666666666664,266.8666666666666,0.2534904766697756
RP_Talhao_Central,2023-03-05,23.28333333333333,29.4,19.5,5.6000000000000005,4.11,0.362875,235.41666666666666,0.2534904766697756,143.30000000000004,449.0,720.1,8.283333333333331,266.2083333333333,0.2534904766697756
RP_Talhao_Central,2023-03-06,23.125,29.5,19.7,11.1,4.51,0.3759166666666667,269.4583333333333,0.2534904766697756,151.40000000000003,422.70000000000005,722.1,8.125,265.49583333333334,0.2534904766697756
RP_Talhao_Central,2023-03-07,22.583333333333332,28.5,18.5,4.6,4.4799999999999995,0.4017916666666667,272.7916666666667,0.2534904766697756,154.50000000000003,409.2,713.3,7.583333333333332,264.5,0.2534904766697756
RP_Talhao_Central,2023-03-08,24.03333333333333,29.5,18.8,0.7,4.72,0.40075,271.5833333333333,0.2534904766697756,155.1,403.20000000000005,714.0,9.033333333333331,264.41249999999997,0.2534904766697756
RP_Talhao_Central,2023-03-09,23.724999999999998,29.0,21.0,16.2,3.98,0.3950416666666667,232.0,0.2534904766697756,164.10000000000002,390.2,730.2,8.724999999999998,264.4,0.2534904766697756
RP_Talhao_Central,2023-03-10,22.95,29.4,20.1,12.9,3.5100000000000002,0.3955416666666667,209.33333333333334,0.2534904766697756,162.60000000000002,369.0,743.1,7.949999999999999,263.27916666666664,0.2534904766697756
RP_Talhao_Central,2023-03-11,22.695833333333336,27.5,20.1,9.9,3.73,0.42170833333333335,221.625,0.2534904766697756,161.9,375.0,752.3,7.695833333333336,262.17083333333335,0.2534904766697756
RP_Talhao_Central,2023-03-12,23.620833333333334,28.4,20.2,0.7,4.41,0.437125,256.5833333333333,0.2534904766697756,161.90000000000003,371.6,749.5,8.620833333333334,262.44166666666666,0.2534904766697756
RP_Talhao_Central,2023-03-13,22.8125,25.6,19.7,3.1,2.9,0.4375833333333334,171.83333333333334,0.2534904766697756,157.60000000000002,367.79999999999995,720.6999999999999,7.8125,262.73749999999995,0.2534904766697756
RP_Talhao_Central,2023-03-14,22.979166666666668,27.9,20.5,9.700000000000001,3.44,0.4389166666666667,202.91666666666666,0.2534904766697756,158.20000000000002,370.20000000000005,728.6,7.979166666666668,263.275,0.2534904766697756
RP_Talhao_Central,2023-03-15,23.8,28.8,20.4,0.1,3.89,0.4542083333333333,211.625,0.2534904766697756,156.80000000000004,366.0,728.7,8.8,263.6583333333333,0.2534904766697756
RP_Talhao_Central,2023-03-16,24.020833333333332,29.1,20.2,0.0,4.6899999999999995,0.45445833333333335,265.2916666666667,0.2534904766697756,156.60000000000002,363.3,727.9,9.020833333333332,263.0625,0.2534904766697756
RP_Talhao_Central,2023-03-17,23.325,28.0,19.6,0.0,4.4,0.443875,240.91666666666666,0.2534904766697756,154.30000000000004,357.4,727.7,8.325,261.41666666666663,0.2534904766697756
RP_Talhao_Central,2023-03-18,23.695833333333336,29.1,18.7,0.0,4.93,0.43212500000000004,277.1666666666667,0.2534904766697756,152.10000000000002,356.7,727.6,8.695833333333336,260.2583333333333,0.2534904766697756
RP_Talhao_Central,2023-03-19,24.041666666666668,29.8,19.6,0.8999999999999999,4.64,0.4187083333333333,254.41666666666666,0.2534904766697756,145.0,355.90000000000003,710.9,9.041666666666668,260.325,0.2534904766697756
RP_Talhao_Central,2023-03-20,23.820833333333336,29.5,20.5,1.2999999999999998,4.61,0.403125,262.375,0.2534904766697756,132.50000000000003,356.7,685.9,8.820833333333336,261.3125,0.2534904766697756
RP_Talhao_Central,2023-03-21,23.883333333333336,30.0,18.8,0.0,4.77,0.3899166666666667,272.125,0.2534904766697756,125.60000000000002,335.2,684.8,8.883333333333336,262.7291666666667,0.2534904766697756
RP_Talhao_Central,2023-03-22,24.75,30.8,19.7,0.1,4.91,0.38066666666666665,264.9583333333333,0.2534904766697756,120.80000000000001,323.2,684.5,9.75,263.9166666666667,0.2534904766697756
RP_Talhao_Central,2023-03-23,25.037499999999998,30.7,20.5,0.0,5.12,0.37279166666666663,273.0416666666667,0.2534904766697756,113.4,296.1,684.4,10.037499999999998,266.52916666666664,0.2534904766697756
RP_Talhao_Central,2023-03-24,25.25,31.0,19.6,0.0,5.0600000000000005,0.36304166666666665,273.375,0.2534904766697756,103.00000000000001,289.2,683.6999999999999,10.25,268.0833333333333,0.2534904766697756
RP_Talhao_Central,2023-03-25,25.8,31.8,20.3,0.0,5.09,0.3535,276.75,0.2534904766697756,98.80000000000001,273.4,671.5,10.8,270.14166666666665,0.2534904766697756
RP_Talhao_Central,2023-03-26,26.020833333333332,31.9,20.1,0.0,5.1,0.345875,263.4583333333333,0.2534904766697756,95.70000000000002,273.4,645.6999999999999,11.020833333333332,272.6875,0.2534904766697756
RP_Talhao_Central,2023-03-27,25.683333333333334,31.6,21.0,0.2,4.85,0.339,251.16666666666666,0.2534904766697756,95.50000000000001,273.59999999999997,601.5,10.683333333333334,273.86249999999995,0.2534904766697756
RP_Talhao_Central,2023-03-28,24.537499999999998,31.4,20.8,10.9,4.29,0.3334166666666667,228.75,0.2534904766697756,105.90000000000002,278.3,596.8,9.537499999999998,273.90416666666664,0.2534904766697756
RP_Talhao_Central,2023-03-29,23.570833333333336,30.8,20.2,10.200000000000001,3.83,0.33516666666666667,223.41666666666666,0.2534904766697756,114.40000000000002,273.7,598.6,8.570833333333336,272.19166666666666,0.2534904766697756
RP_Talhao_Central,2023-03-30,24.120833333333334,30.2,20.3,0.7999999999999999,4.23,0.3475,242.75,0.2534904766697756,113.50000000000001,270.3,574.3,9.120833333333334,271.59166666666664,0.2534904766697756
RP_Talhao_Central,2023-03-31,24.462500000000002,30.9,19.8,0.5,4.73,0.35233333333333333,258.625,0.2534904766697756,114.00000000000001,260.6,570.4,9.462500000000002,271.62083333333334,0.2534904766697756
RP_Talhao_Central,2023-04-01,24.008333333333336,29.6,19.1,0.0,4.67,0.3507916666666666,264.625,0.2649320656333523,113.60000000000002,259.5,564.7,9.008333333333336,271.26250000000005,0.2649320656333523
RP_Talhao_Central,2023-04-02,23.47083333333333,29.4,18.6,0.0,5.13,0.34824999999999995,268.2083333333333,0.2649320656333523,112.30000000000003,257.0,562.7,8.470833333333331,269.6,0.2649320656333523
RP_Talhao_Central,2023-04-03,22.745833333333334,28.7,18.2,0.8,4.42,0.343375,245.91666666666666,0.2649320656333523,100.30000000000001,238.1,559.5,7.745833333333334,267.8541666666667,0.2649320656333523
RP_Talhao_Central,2023-04-04,23.229166666666668,29.2,18.8,0.4,4.46,0.33745833333333336,256.1666666666667,0.2649320656333523,95.10000000000002,238.4,544.1,8.229166666666668,267.8,0.2649320656333523
RP_Talhao_Central,2023-04-05,22.900000000000002,28.9,18.8,2.1,3.85,0.33279166666666665,215.95833333333334,0.2649320656333523,86.10000000000002,237.5,508.8,7.900000000000002,267.575,0.2649320656333523
RP_Talhao_Central,2023-04-06,23.266666666666666,30.3,18.8,4.2,4.2299999999999995,0.32583333333333336,229.375,0.2649320656333523,85.70000000000002,240.2,494.9,8.266666666666666,268.2583333333333,0.2649320656333523
RP_Talhao_Central,2023-04-07,21.166666666666668,25.1,19.3,26.0,1.9,0.324,111.91666666666667,0.2649320656333523,111.00000000000001,266.1,514.2,6.166666666666668,265.39166666666665,0.2649320656333523
RP_Talhao_Central,2023-04-08,22.087500000000002,27.2,18.5,7.4,3.39,0.33991666666666664,199.20833333333334,0.2649320656333523,102.20000000000002,266.3,492.40000000000003,7.087500000000002,263.7541666666667,0.2649320656333523
RP_Talhao_Central,2023-04-09,21.741666666666664,25.1,19.1,1.5,2.23,0.36375,123.08333333333333,0.2649320656333523,90.80000000000003,253.4,459.8,6.741666666666664,262.54583333333335,0.2649320656333523
RP_Talhao_Central,2023-04-10,22.1875,27.9,17.3,0.3,4.3,0.36508333333333337,252.66666666666666,0.2649320656333523,81.20000000000002,243.10000000000002,456.2,7.1875,262.0375,0.2649320656333523
RP_Talhao_Central,2023-04-11,22.641666666666666,28.2,17.8,0.4,4.17,0.3605833333333333,239.91666666666666,0.2649320656333523,80.9,242.79999999999998,452.5,7.641666666666666,261.05833333333334,0.2649320656333523
RP_Talhao_Central,2023-04-12,21.279166666666665,25.9,19.1,8.4,2.23,0.3774583333333333,134.79166666666666,0.2649320656333523,86.20000000000002,243.79999999999998,454.0,6.279166666666665,259.52500000000003,0.2649320656333523
RP_Talhao_Central,2023-04-13,22.366666666666664,28.4,17.9,0.1,3.79,0.4615833333333334,227.625,0.2649320656333523,76.60000000000001,234.79999999999998,446.8,7.366666666666664,258.9125,0.2649320656333523
RP_Talhao_Central,2023-04-14,21.245833333333334,25.3,18.1,17.9,2.36,0.45966666666666667,144.91666666666666,0.2649320656333523,94.40000000000002,251.2,460.4,6.245833333333334,256.35833333333335,0.2649320656333523
RP_Talhao_Central,2023-04-15,21.670833333333334,26.5,17.9,0.5,3.15,0.4729583333333333,186.70833333333334,0.2649320656333523,94.90000000000002,251.5,458.2,6.670833333333334,254.00833333333333,0.2649320656333523
RP_Talhao_Central,2023-04-16,22.270833333333332,28.3,17.5,0.0,4.09,0.45820833333333333,247.5,0.2649320656333523,94.90000000000002,249.2,452.3,7.270833333333332,252.95416666666668,0.2649320656333523
RP_Talhao_Central,2023-04-17,22.625,28.5,18.1,1.7,3.77,0.44495833333333334,218.58333333333334,0.2649320656333523,96.60000000000002,248.70000000000002,453.3,7.625,251.88333333333335,0.2649320656333523
RP_Talhao_Central,2023-04-18,23.441666666666666,28.3,20.0,0.6000000000000001,3.42,0.43533333333333335,186.79166666666666,0.2649320656333523,96.30000000000001,241.3,452.2,8.441666666666666,251.28333333333333,0.2649320656333523
RP_Talhao_Central,2023-04-19,22.22083333333333,26.6,17.6,15.299999999999999,3.45,0.47825,192.91666666666666,0.2649320656333523,110.30000000000001,242.79999999999998,467.0,7.220833333333331,249.68333333333334,0.2649320656333523
RP_Talhao_Central,2023-04-20,17.929166666666667,22.8,12.8,0.0,3.96,0.47583333333333333,252.04166666666666,0.2649320656333523,110.30000000000001,235.89999999999998,445.5,2.929166666666667,243.72916666666669,0.2649320656333523
RP_Talhao_Central,2023-04-21,18.270833333333332,25.2,12.1,0.0,4.13,0.45812500000000006,252.66666666666666,0.2649320656333523,110.20000000000002,231.0,433.40000000000003,3.270833333333332,237.25,0.2649320656333523
RP_Talhao_Central,2023-04-22,20.7625,26.8,16.3,0.0,3.98,0.443125,231.41666666666666,0.2649320656333523,110.20000000000002,223.6,406.3,5.762499999999999,232.975,0.2649320656333523
RP_Talhao_Central,2023-04-23,20.420833333333334,26.3,15.8,0.0,4.22,0.42975,246.04166666666666,0.2649320656333523,110.20000000000002,213.2,399.40000000000003,5.420833333333334,228.14583333333331,0.2649320656333523
RP_Talhao_Central,2023-04-24,20.329166666666666,26.8,15.2,0.0,4.37,0.4163333333333333,242.91666666666666,0.2649320656333523,110.20000000000002,209.0,383.6,5.329166666666666,222.675,0.2649320656333523
RP_Talhao_Central,2023-04-25,20.650000000000002,26.7,15.3,0.0,3.31,0.405375,184.04166666666666,0.2649320656333523,110.20000000000002,205.89999999999998,383.6,5.650000000000002,217.30416666666667,0.2649320656333523
RP_Talhao_Central,2023-04-26,19.75,22.2,17.4,5.7,1.59,0.39770833333333333,89.625,0.2649320656333523,115.70000000000002,211.20000000000002,389.3,4.75,211.37083333333334,0.2649320656333523
RP_Talhao_Central,2023-04-27,20.520833333333332,26.0,15.9,0.7000000000000001,3.15,0.39083333333333337,189.83333333333334,0.2649320656333523,105.50000000000001,211.4,383.8,5.520833333333332,207.35416666666666,0.2649320656333523
RP_Talhao_Central,2023-04-28,20.929166666666667,25.6,16.6,1.3,3.36,0.385875,205.16666666666666,0.2649320656333523,96.60000000000001,211.0,370.3,5.929166666666667,204.7125,0.2649320656333523
RP_Talhao_Central,2023-04-29,21.016666666666666,27.3,16.0,0.0,3.69,0.379375,217.83333333333334,0.2649320656333523,95.80000000000001,209.3,366.1,6.016666666666666,201.60833333333332,0.2649320656333523
RP_Talhao_Central,2023-04-30,21.179166666666667,27.3,15.7,0.0,3.72,0.37329166666666663,223.04166666666666,0.2649320656333523,95.30000000000001,209.3,355.9,6.179166666666667,198.325,0.2649320656333523
RP_Talhao_Central,2023-05-01,20.520833333333332,26.9,14.9,0.0,3.91,0.368125,230.70833333333334,0.258649393221472,95.30000000000001,208.9,354.8,5.520833333333332,194.8375,0.258649393221472
RP_Talhao_Central,2023-05-02,20.108333333333334,27.1,14.7,0.0,3.87,0.3647916666666666,228.66666666666666,0.258649393221472,95.30000000000001,207.6,352.3,5.108333333333334,191.475,0.258649393221472
RP_Talhao_Central,2023-05-03,20.283333333333335,27.3,13.8,0.0,3.97,0.360125,230.29166666666666,0.258649393221472,94.50000000000001,194.8,332.6,5.283333333333335,189.0125,0.258649393221472
RP_Talhao_Central,2023-05-04,21.566666666666666,28.9,14.9,0.0,4.0,0.3577916666666667,224.91666666666666,0.258649393221472,94.10000000000001,189.20000000000002,332.5,6.566666666666666,187.35,0.258649393221472
RP_Talhao_Central,2023-05-05,22.304166666666664,29.3,16.4,0.0,4.11,0.3517083333333333,220.33333333333334,0.258649393221472,92.00000000000001,178.1,329.5,7.304166666666664,186.75416666666666,0.258649393221472
RP_Talhao_Central,2023-05-06,22.425,29.2,16.7,0.0,4.0,0.3463333333333333,215.08333333333334,0.258649393221472,87.80000000000001,173.5,328.0,7.425000000000001,185.9125,0.258649393221472
RP_Talhao_Central,2023-05-07,22.079166666666666,27.9,17.0,0.0,4.04,0.34395833333333337,213.91666666666666,0.258649393221472,61.80000000000001,172.8,327.9,7.079166666666666,186.825,0.258649393221472
RP_Talhao_Central,2023-05-08,22.09583333333333,28.2,16.6,0.0,3.7,0.3426666666666667,217.83333333333334,0.258649393221472,54.40000000000001,156.6,320.7,7.095833333333331,186.83333333333331,0.258649393221472
RP_Talhao_Central,2023-05-09,21.508333333333336,27.7,16.5,0.0,3.42,0.3423333333333334,195.54166666666666,0.258649393221472,52.90000000000001,143.70000000000002,306.3,6.508333333333336,186.6,0.258649393221472
RP_Talhao_Central,2023-05-10,21.9375,27.4,17.3,0.0,3.12,0.3425416666666667,174.95833333333334,0.258649393221472,52.60000000000001,133.8,295.7,6.9375,186.35,0.258649393221472
RP_Talhao_Central,2023-05-11,21.054166666666667,26.9,16.5,0.8,3.42,0.34204166666666663,194.70833333333334,0.258649393221472,53.000000000000014,133.89999999999998,295.8,6.054166666666667,184.7625,0.258649393221472
RP_Talhao_Central,2023-05-12,19.033333333333335,25.2,13.6,0.0,3.66,0.3413333333333333,218.25,0.258649393221472,44.600000000000016,130.79999999999998,288.40000000000003,4.033333333333335,182.51666666666668,0.258649393221472
RP_Talhao_Central,2023-05-13,17.508333333333333,24.3,12.3,0.0,3.62,0.34079166666666666,218.83333333333334,0.258649393221472,44.500000000000014,121.10000000000001,279.3,2.508333333333333,177.65833333333333,0.258649393221472
RP_Talhao_Central,2023-05-14,17.287499999999998,24.7,11.0,0.0,3.66,0.34158333333333335,220.04166666666666,0.258649393221472,26.600000000000016,121.0,277.8,2.287499999999998,173.7,0.258649393221472
RP_Talhao_Central,2023-05-15,17.4375,25.0,11.3,0.0,3.81,0.343875,220.625,0.258649393221472,26.100000000000016,121.0,277.6,2.4375,169.46666666666667,0.258649393221472
RP_Talhao_Central,2023-05-16,17.316666666666666,25.0,10.6,0.0,3.96,0.34391666666666665,221.54166666666666,0.258649393221472,26.100000000000016,121.0,275.3,2.3166666666666664,164.5125,0.258649393221472
RP_Talhao_Central,2023-05-17,17.116666666666667,24.8,11.3,0.0,3.83,0.34016666666666673,219.95833333333334,0.258649393221472,24.400000000000016,121.0,273.1,2.116666666666667,159.00416666666666,0.258649393221472
RP_Talhao_Central,2023-05-18,17.7375,25.7,11.2,0.0,3.68,0.336625,217.33333333333334,0.258649393221472,23.800000000000015,120.10000000000001,265.1,2.7375000000000007,153.29999999999998,0.258649393221472
RP_Talhao_Central,2023-05-19,17.866666666666667,26.0,11.1,0.0,3.6700000000000004,0.3342083333333334,214.5,0.258649393221472,8.500000000000014,118.8,251.29999999999998,2.866666666666667,148.94583333333333,0.258649393221472
RP_Talhao_Central,2023-05-20,17.625,25.2,12.1,0.0,3.63,0.3365416666666667,214.79166666666666,0.258649393221472,8.500000000000014,118.8,244.39999999999998,2.625,148.64166666666665,0.258649393221472
RP_Talhao_Central,2023-05-21,18.245833333333334,25.0,12.7,0.0,3.8,0.33887500000000004,207.45833333333334,0.258649393221472,8.500000000000014,118.7,239.5,3.2458333333333336,148.61666666666667,0.258649393221472
RP_Talhao_Central,2023-05-22,19.2,25.4,13.9,0.0,3.87,0.337875,198.83333333333334,0.258649393221472,8.500000000000014,118.7,232.1,4.199999999999999,147.05416666666665,0.258649393221472
RP_Talhao_Central,2023-05-23,19.108333333333334,25.4,14.1,0.0,3.87,0.3345,204.95833333333334,0.258649393221472,8.500000000000014,118.7,221.7,4.108333333333334,145.74166666666667,0.258649393221472
RP_Talhao_Central,2023-05-24,19.2625,25.5,13.9,0.0,3.9,0.33075000000000004,202.58333333333334,0.258649393221472,8.500000000000014,118.7,217.5,4.262499999999999,144.67499999999998,0.258649393221472
RP_Talhao_Central,2023-05-25,20.066666666666666,26.2,15.2,0.0,3.7600000000000002,0.3275416666666667,193.91666666666666,0.258649393221472,8.500000000000014,118.7,214.39999999999998,5.066666666666666,144.09166666666664,0.258649393221472
RP_Talhao_Central,2023-05-26,20.629166666666666,27.3,15.6,0.0,3.86,0.32483333333333336,201.0,0.258649393221472,2.800000000000014,118.5,214.0,5.629166666666666,144.97083333333333,0.258649393221472
RP_Talhao_Central,2023-05-27,21.05,27.3,16.6,0.0,3.5100000000000002,0.32408333333333333,183.5,0.258649393221472,2.100000000000014,107.6,213.5,6.050000000000001,145.5,0.258649393221472
RP_Talhao_Central,2023-05-28,20.962500000000002,27.6,15.5,0.30000000000000004,3.35,0.3250416666666667,163.29166666666666,0.258649393221472,1.1000000000000143,97.7,212.1,5.962500000000002,145.53333333333333,0.258649393221472
RP_Talhao_Central,2023-05-29,20.591666666666665,25.4,16.8,0.30000000000000004,3.21,0.3232916666666667,173.79166666666666,0.258649393221472,1.4000000000000143,97.19999999999999,210.70000000000002,5.591666666666665,145.10833333333335,0.258649393221472
RP_Talhao_Central,2023-05-30,18.908333333333335,22.6,16.6,33.7,2.2600000000000002,0.32575000000000004,106.5,0.258649393221472,35.100000000000016,130.4,244.4,3.908333333333335,142.8375,0.258649393221472
RP_Talhao_Central,2023-05-31,17.829166666666666,21.3,15.2,36.7,1.16,0.4700416666666667,69.125,0.258649393221472,71.80000000000001,167.1,280.7,2.8291666666666657,140.14583333333334,0.258649393221472
RP_Talhao_Central,2023-06-01,16.691666666666666,21.6,12.8,0.0,1.97,0.46212500000000006,132.75,0.2546806048281474,71.80000000000001,167.1,279.4,1.6916666666666664,136.72916666666669,0.2546806048281474
RP_Talhao_Central,2023-06-02,17.375,24.0,12.9,0.0,2.93,0.45366666666666666,195.70833333333334,0.2546806048281474,71.80000000000001,166.3,266.59999999999997,2.375,133.82083333333335,0.2546806048281474
RP_Talhao_Central,2023-06-03,17.454166666666666,24.0,13.1,0.0,3.07,0.444,199.125,0.2546806048281474,71.80000000000001,165.9,261.0,2.4541666666666657,129.70833333333334,0.2546806048281474
RP_Talhao_Central,2023-06-04,17.658333333333335,24.3,12.8,0.0,3.03,0.4327916666666667,198.625,0.2546806048281474,71.80000000000001,163.8,249.9,2.658333333333335,125.06250000000001,0.2546806048281474
RP_Talhao_Central,2023-06-05,16.925,24.0,11.4,0.0,3.08,0.4229583333333333,199.0,0.2546806048281474,71.80000000000001,159.6,245.3,1.9250000000000007,119.5625,0.2546806048281474
RP_Talhao_Central,2023-06-06,16.712500000000002,23.6,10.9,0.0,3.2600000000000002,0.4150416666666667,197.625,0.2546806048281474,71.80000000000001,133.6,244.60000000000002,1.7125000000000021,114.19583333333334,0.2546806048281474
RP_Talhao_Central,2023-06-07,17.695833333333333,24.6,13.2,0.0,3.27,0.407375,193.79166666666666,0.2546806048281474,71.80000000000001,126.20000000000002,228.4,2.695833333333333,109.79583333333333,0.2546806048281474
RP_Talhao_Central,2023-06-08,17.883333333333333,25.0,12.4,0.0,3.1,0.40025,191.91666666666666,0.2546806048281474,71.80000000000001,124.70000000000002,215.50000000000003,2.883333333333333,106.17083333333335,0.2546806048281474
RP_Talhao_Central,2023-06-09,18.958333333333332,25.7,13.3,0.0,3.39,0.3953333333333333,194.0,0.2546806048281474,71.80000000000001,124.4,205.60000000000002,3.958333333333332,103.19166666666668,0.2546806048281474
RP_Talhao_Central,2023-06-10,19.150000000000002,26.2,13.0,0.0,3.32,0.38808333333333334,193.625,0.2546806048281474,71.00000000000003,124.0,204.9,4.150000000000002,101.28750000000001,0.2546806048281474
RP_Talhao_Central,2023-06-11,19.341666666666665,27.3,13.2,0.0,3.44,0.38245833333333334,183.29166666666666,0.2546806048281474,71.00000000000003,115.6,201.8,4.341666666666665,101.59583333333333,0.2546806048281474
RP_Talhao_Central,2023-06-12,20.279166666666665,27.7,14.3,0.0,3.4899999999999998,0.37729166666666664,187.95833333333334,0.2546806048281474,71.00000000000003,115.5,192.10000000000002,5.279166666666665,104.36666666666666,0.2546806048281474
RP_Talhao_Central,2023-06-13,19.4375,22.7,17.4,0.0,1.71,0.37445833333333334,65.95833333333333,0.2546806048281474,71.00000000000003,97.6,192.00000000000003,4.4375,106.51666666666667,0.2546806048281474
RP_Talhao_Central,2023-06-14,18.058333333333334,19.8,16.8,16.2,1.09,0.37729166666666664,58.291666666666664,0.2546806048281474,87.20000000000002,113.3,208.20000000000002,3.0583333333333336,107.1375,0.2546806048281474
RP_Talhao_Central,2023-06-15,17.154166666666665,18.6,15.3,20.099999999999998,0.64,0.4542916666666667,35.375,0.2546806048281474,107.30000000000001,133.4,228.3,2.154166666666665,106.97500000000001,0.2546806048281474
RP_Talhao_Central,2023-06-16,14.808333333333332,16.2,13.5,0.0,0.9600000000000001,0.48025,62.666666666666664,0.2546806048281474,107.30000000000001,131.7,228.3,0.0,104.85833333333333,0.2546806048281474
RP_Talhao_Central,2023-06-17,13.791666666666666,18.7,9.2,0.0,2.4,0.47312499999999996,173.875,0.2546806048281474,107.30000000000001,131.1,227.4,0.0,102.12083333333334,0.2546806048281474
RP_Talhao_Central,2023-06-18,13.270833333333334,20.3,7.6,0.0,2.68,0.46341666666666664,194.875,0.2546806048281474,107.30000000000001,115.80000000000001,226.1,0.0,99.25416666666668,0.2546806048281474
RP_Talhao_Central,2023-06-19,15.595833333333333,23.8,9.3,0.0,2.9499999999999997,0.45129166666666665,193.0,0.2546806048281474,107.30000000000001,115.80000000000001,226.1,0.5958333333333332,97.22500000000001,0.2546806048281474
RP_Talhao_Central,2023-06-20,17.45,24.7,12.7,0.0,3.14,0.4382083333333333,190.16666666666666,0.2546806048281474,107.30000000000001,115.80000000000001,226.0,2.4499999999999993,96.42916666666667,0.2546806048281474
RP_Talhao_Central,2023-06-21,17.458333333333332,24.5,12.6,0.0,3.17,0.4280833333333333,190.20833333333334,0.2546806048281474,107.30000000000001,115.80000000000001,226.0,2.458333333333332,94.6875,0.2546806048281474
RP_Talhao_Central,2023-06-22,17.675,24.5,12.8,0.0,3.25,0.42041666666666666,188.125,0.2546806048281474,107.30000000000001,115.80000000000001,226.0,2.6750000000000007,93.25416666666666,0.2546806048281474
RP_Talhao_Central,2023-06-23,17.854166666666668,24.3,12.9,0.0,2.98,0.41362499999999996,177.125,0.2546806048281474,107.30000000000001,115.80000000000001,226.0,2.854166666666668,91.84583333333333,0.2546806048281474
RP_Talhao_Central,2023-06-24,17.916666666666668,24.6,12.9,0.0,2.93,0.408375,175.58333333333334,0.2546806048281474,107.30000000000001,115.80000000000001,226.0,2.916666666666668,89.69583333333333,0.2546806048281474
RP_Talhao_Central,2023-06-25,17.904166666666665,24.8,13.2,0.0,3.02,0.40520833333333334,188.79166666666666,0.2546806048281474,107.30000000000001,110.1,225.8,2.904166666666665,86.97083333333333,0.2546806048281474
RP_Talhao_Central,2023-06-26,17.425,24.6,12.4,0.0,3.13,0.40025,193.58333333333334,0.2546806048281474,107.30000000000001,109.4,214.9,2.4250000000000007,83.34583333333333,0.2546806048281474
RP_Talhao_Central,2023-06-27,18.175,25.2,12.7,0.0,3.28,0.39687500000000003,191.58333333333334,0.2546806048281474,107.00000000000003,108.1,204.7,3.1750000000000007,80.55833333333334,0.2546806048281474
RP_Talhao_Central,2023-06-28,18.825,25.5,12.0,0.0,3.16,0.3905,191.33333333333334,0.2546806048281474,106.70000000000002,108.1,203.9,3.8249999999999993,78.79166666666666,0.2546806048281474
RP_Talhao_Central,2023-06-29,18.05,24.2,12.6,0.0,3.27,0.3842916666666667,191.45833333333334,0.2546806048281474,73.00000000000003,108.1,203.4,3.0500000000000007,77.93333333333334,0.2546806048281474
RP_Talhao_Central,2023-06-30,18.4375,25.4,13.2,0.0,3.19,0.377875,190.91666666666666,0.2546806048281474,36.30000000000001,108.1,203.4,3.4375,78.54166666666667,0.2546806048281474
RP_Talhao_Central,2023-07-01,17.670833333333334,24.7,11.3,0.0,3.1,0.3735833333333333,192.25,0.2323334186479353,36.30000000000001,108.1,203.4,2.6708333333333343,79.52083333333334,0.2323334186479353
RP_Talhao_Central,2023-07-02,18.016666666666666,24.5,12.2,0.0,3.19,0.369,191.0,0.2323334186479353,36.30000000000001,108.1,202.6,3.0166666666666657,80.16250000000001,0.2323334186479353
RP_Talhao_Central,2023-07-03,17.266666666666666,24.0,11.9,0.0,3.59,0.36445833333333333,195.375,0.2323334186479353,36.30000000000001,108.1,202.2,2.2666666666666657,79.97500000000001,0.2323334186479353
RP_Talhao_Central,2023-07-04,16.5,23.9,11.0,0.0,3.32,0.36166666666666664,194.75,0.2323334186479353,36.30000000000001,108.1,200.1,1.5,78.81666666666666,0.2323334186479353
RP_Talhao_Central,2023-07-05,17.099999999999998,24.3,11.6,0.0,3.56,0.3609583333333333,195.20833333333334,0.2323334186479353,36.30000000000001,108.1,195.9,2.099999999999998,78.99166666666666,0.2323334186479353
RP_Talhao_Central,2023-07-06,16.7875,23.3,11.4,0.0,3.37,0.3601666666666667,195.58333333333334,0.2323334186479353,36.30000000000001,108.1,169.9,1.7875000000000014,79.06666666666666,0.2323334186479353
RP_Talhao_Central,2023-07-07,17.266666666666666,24.9,11.0,0.0,3.31,0.360875,194.04166666666666,0.2323334186479353,36.30000000000001,108.1,162.5,2.2666666666666657,78.63749999999999,0.2323334186479353
RP_Talhao_Central,2023-07-08,18.641666666666666,26.4,11.4,0.0,3.5900000000000003,0.36441666666666667,192.45833333333334,0.2323334186479353,36.30000000000001,108.1,161.0,3.6416666666666657,79.39583333333331,0.2323334186479353
RP_Talhao_Central,2023-07-09,20.120833333333334,26.5,14.8,0.0,3.0100000000000002,0.36366666666666664,175.41666666666666,0.2323334186479353,36.30000000000001,108.1,160.7,5.120833333333334,80.55833333333332,0.2323334186479353
RP_Talhao_Central,2023-07-10,20.837500000000002,28.4,14.7,0.0,3.44,0.364875,187.875,0.2323334186479353,36.30000000000001,107.30000000000001,160.3,5.837500000000002,82.24583333333332,0.2323334186479353
RP_Talhao_Central,2023-07-11,20.583333333333332,29.0,13.9,0.0,3.56,0.3624583333333333,193.125,0.2323334186479353,36.30000000000001,107.30000000000001,151.9,5.583333333333332,83.4875,0.2323334186479353
RP_Talhao_Central,2023-07-12,21.066666666666666,28.8,14.2,0.0,3.61,0.35991666666666666,168.20833333333334,0.2323334186479353,36.30000000000001,107.30000000000001,151.8,6.066666666666666,84.275,0.2323334186479353
RP_Talhao_Central,2023-07-13,20.616666666666667,26.4,14.2,4.1,3.87,0.3592916666666666,174.875,0.2323334186479353,40.40000000000001,111.4,138.0,5.616666666666667,85.45416666666667,0.2323334186479353
RP_Talhao_Central,2023-07-14,14.762500000000001,19.3,11.0,3.5,2.84,0.358875,203.625,0.2323334186479353,27.70000000000001,114.9,141.0,0.0,82.39583333333333,0.2323334186479353
RP_Talhao_Central,2023-07-15,14.783333333333333,23.2,8.0,0.0,3.1,0.3619583333333333,204.5,0.2323334186479353,7.600000000000014,114.9,141.0,0.0,80.24166666666666,0.2323334186479353
RP_Talhao_Central,2023-07-16,18.795833333333334,27.2,11.9,0.0,2.8000000000000003,0.3555833333333333,164.75,0.2323334186479353,7.600000000000014,114.9,139.29999999999998,3.7958333333333343,84.0375,0.2323334186479353
RP_Talhao_Central,2023-07-17,20.395833333333332,27.5,13.5,0.0,3.2,0.35029166666666667,179.79166666666666,0.2323334186479353,7.600000000000014,114.9,138.7,5.395833333333332,89.43333333333332,0.2323334186479353
RP_Talhao_Central,2023-07-18,21.183333333333334,28.7,14.9,0.0,3.45,0.3517083333333333,181.83333333333334,0.2323334186479353,7.600000000000014,114.9,123.4,6.183333333333334,95.61666666666666,0.2323334186479353
RP_Talhao_Central,2023-07-19,20.295833333333334,26.6,15.7,0.0,3.6,0.3505416666666667,189.58333333333334,0.2323334186479353,7.600000000000014,114.9,123.4,5.295833333333334,100.31666666666666,0.2323334186479353
RP_Talhao_Central,2023-07-20,20.224999999999998,26.0,15.9,0.0,3.75,0.3489583333333333,194.0,0.2323334186479353,7.600000000000014,114.9,123.4,5.224999999999998,103.09166666666667,0.2323334186479353
RP_Talhao_Central,2023-07-21,19.7625,25.6,15.4,0.0,3.74,0.34604166666666664,196.375,0.2323334186479353,7.600000000000014,114.9,123.4,4.762499999999999,105.39583333333333,0.2323334186479353
RP_Talhao_Central,2023-07-22,19.224999999999998,25.4,14.7,0.0,3.6599999999999997,0.3459999999999999,198.16666666666666,0.2323334186479353,7.600000000000014,114.9,123.4,4.224999999999998,106.94583333333333,0.2323334186479353
RP_Talhao_Central,2023-07-23,19.741666666666667,26.6,14.7,0.0,3.67,0.3445833333333333,200.54166666666666,0.2323334186479353,7.600000000000014,114.9,123.4,4.741666666666667,108.83333333333333,0.2323334186479353
RP_Talhao_Central,2023-07-24,19.679166666666667,27.0,13.3,0.0,3.72,0.34462499999999996,194.625,0.2323334186479353,7.600000000000014,114.9,123.4,4.679166666666667,110.59583333333332,0.2323334186479353
RP_Talhao_Central,2023-07-25,20.204166666666666,25.8,15.5,0.1,3.0,0.34225,165.75,0.2323334186479353,7.7000000000000135,115.0,117.8,5.204166666666666,112.89583333333333,0.2323334186479353
RP_Talhao_Central,2023-07-26,20.775000000000002,27.7,15.0,0.0,3.5100000000000002,0.339875,196.66666666666666,0.2323334186479353,7.7000000000000135,115.0,117.10000000000001,5.775000000000002,116.24583333333334,0.2323334186479353
RP_Talhao_Central,2023-07-27,20.366666666666667,27.9,14.6,0.0,4.0,0.34275000000000005,205.70833333333334,0.2323334186479353,7.7000000000000135,114.7,115.8,5.366666666666667,118.4375,0.2323334186479353
RP_Talhao_Central,2023-07-28,21.2375,28.5,14.8,0.0,3.96,0.34275000000000005,199.95833333333334,0.2323334186479353,7.7000000000000135,114.4,115.8,6.237500000000001,120.85000000000001,0.2323334186479353
RP_Talhao_Central,2023-07-29,20.412499999999998,26.7,15.6,0.30000000000000004,3.63,0.3388333333333334,198.08333333333334,0.2323334186479353,8.000000000000014,80.99999999999999,116.1,5.412499999999998,123.21249999999999,0.2323334186479353
RP_Talhao_Central,2023-07-30,19.0125,26.2,13.6,0.0,3.52,0.3362083333333334,206.5,0.2323334186479353,8.000000000000014,44.3,116.1,4.012499999999999,123.7875,0.2323334186479353
RP_Talhao_Central,2023-07-31,19.783333333333335,27.4,13.6,0.0,3.69,0.3335416666666667,210.125,0.2323334186479353,8.000000000000014,44.3,116.1,4.783333333333335,125.89999999999999,0.2323334186479353
RP_Talhao_Central,2023-08-01,19.895833333333332,27.5,13.9,0.0,3.72,0.33279166666666665,213.58333333333334,0.2188449788292628,8.000000000000014,44.3,116.1,4.895833333333332,127.77916666666665,0.2188449788292628
RP_Talhao_Central,2023-08-02,20.220833333333335,28.2,13.8,0.0,3.91,0.329,215.125,0.2188449788292628,8.000000000000014,44.3,116.1,5.220833333333335,130.73333333333332,0.2188449788292628
RP_Talhao_Central,2023-08-03,20.083333333333332,28.3,12.8,0.0,3.95,0.3255,217.70833333333334,0.2188449788292628,8.000000000000014,44.3,116.1,5.083333333333332,134.31666666666666,0.2188449788292628
RP_Talhao_Central,2023-08-04,20.275000000000002,28.5,13.5,0.0,4.1000000000000005,0.3216666666666667,219.16666666666666,0.2188449788292628,8.000000000000014,44.3,116.1,5.275000000000002,137.49166666666667,0.2188449788292628
RP_Talhao_Central,2023-08-05,20.833333333333332,29.2,13.9,0.0,4.24,0.3187083333333333,217.875,0.2188449788292628,8.000000000000014,44.3,116.1,5.833333333333332,141.5375,0.2188449788292628
RP_Talhao_Central,2023-08-06,21.958333333333332,30.1,15.5,0.0,4.78,0.31579166666666664,217.5,0.2188449788292628,8.000000000000014,44.3,116.1,6.958333333333332,146.22916666666666,0.2188449788292628
RP_Talhao_Central,2023-08-07,22.479166666666668,30.3,14.9,0.0,4.5,0.313125,217.54166666666666,0.2188449788292628,8.000000000000014,44.3,116.1,7.479166666666668,150.06666666666666,0.2188449788292628
RP_Talhao_Central,2023-08-08,22.358333333333334,29.6,16.2,0.0,4.96,0.31066666666666665,215.33333333333334,0.2188449788292628,8.000000000000014,44.3,116.1,7.358333333333334,152.30416666666667,0.2188449788292628
RP_Talhao_Central,2023-08-09,22.695833333333336,29.4,17.7,0.0,4.87,0.30820833333333336,215.91666666666666,0.2188449788292628,8.000000000000014,44.3,115.3,7.695833333333336,154.1625,0.2188449788292628
RP_Talhao_Central,2023-08-10,23.633333333333336,31.0,17.5,0.0,4.75,0.306,218.79166666666666,0.2188449788292628,8.000000000000014,44.3,115.3,8.633333333333336,157.2125,0.2188449788292628
RP_Talhao_Central,2023-08-11,24.1875,32.0,17.8,0.0,4.85,0.302125,217.95833333333334,0.2188449788292628,8.000000000000014,44.3,115.3,9.1875,160.33333333333334,0.2188449788292628
RP_Talhao_Central,2023-08-12,24.4875,32.3,18.1,0.0,4.81,0.2996666666666667,210.33333333333334,0.2188449788292628,3.900000000000014,44.3,115.3,9.4875,164.20416666666668,0.2188449788292628
RP_Talhao_Central,2023-08-13,23.1875,29.6,18.8,0.1,4.13,0.29704166666666665,200.5,0.2188449788292628,0.5000000000000142,28.2,115.4,8.1875,172.39166666666665,0.2188449788292628
RP_Talhao_Central,2023-08-14,22.900000000000002,29.8,17.9,0.5,3.94,0.299625,203.5,0.2188449788292628,1.0000000000000142,8.6,115.9,7.900000000000002,180.29166666666666,0.2188449788292628
RP_Talhao_Central,2023-08-15,22.425,29.5,17.7,0.1,3.75,0.29420833333333335,191.04166666666666,0.2188449788292628,1.1000000000000143,8.7,116.0,7.425000000000001,183.92083333333335,0.2188449788292628
RP_Talhao_Central,2023-08-16,22.729166666666668,27.8,18.3,0.2,4.33,0.30591666666666667,194.20833333333334,0.2188449788292628,1.3000000000000143,8.9,116.2,7.729166666666668,186.25416666666666,0.2188449788292628
RP_Talhao_Central,2023-08-17,22.945833333333336,29.1,17.8,0.0,4.2,0.30791666666666667,198.16666666666666,0.2188449788292628,1.3000000000000143,8.9,116.2,7.945833333333336,188.01666666666665,0.2188449788292628
RP_Talhao_Central,2023-08-18,23.195833333333336,30.3,16.7,0.0,4.57,0.3147083333333333,209.91666666666666,0.2188449788292628,1.3000000000000143,8.9,116.2,8.195833333333336,190.91666666666669,0.2188449788292628
RP_Talhao_Central,2023-08-19,22.5,28.0,17.4,0.0,4.3100000000000005,0.31825,188.66666666666666,0.2188449788292628,1.3000000000000143,8.9,116.2,7.5,193.1916666666667,0.2188449788292628
RP_Talhao_Central,2023-08-20,19.245833333333334,25.6,15.8,1.7,2.9899999999999998,0.3124166666666667,171.58333333333334,0.2188449788292628,3.000000000000014,10.6,117.9,4.245833333333334,192.675,0.2188449788292628
RP_Talhao_Central,2023-08-21,20.479166666666668,27.4,15.5,0.0,3.95,0.314,221.875,0.2188449788292628,3.000000000000014,10.6,117.9,5.479166666666668,193.92916666666667,0.2188449788292628
RP_Talhao_Central,2023-08-22,21.825,30.5,14.5,0.0,4.73,0.31383333333333335,234.20833333333334,0.2188449788292628,3.000000000000014,10.6,117.9,6.824999999999999,196.01250000000005,0.2188449788292628
RP_Talhao_Central,2023-08-23,23.825,33.0,16.2,0.0,5.28,0.3175,227.0,0.2188449788292628,3.000000000000014,10.6,117.9,8.825,200.15833333333336,0.2188449788292628
RP_Talhao_Central,2023-08-24,26.129166666666666,33.3,19.8,0.0,5.74,0.31908333333333333,212.20833333333334,0.2188449788292628,2.900000000000014,10.6,117.9,11.129166666666666,206.08333333333334,0.2188449788292628
RP_Talhao_Central,2023-08-25,25.620833333333334,31.6,20.5,0.1,5.12,0.3197083333333333,219.54166666666666,0.2188449788292628,3.000000000000014,10.7,118.0,10.620833333333334,210.92916666666667,0.2188449788292628
RP_Talhao_Central,2023-08-26,20.325,26.0,15.9,0.1,4.16,0.31908333333333333,223.375,0.2188449788292628,3.1000000000000143,10.799999999999999,117.80000000000001,5.324999999999999,210.88750000000002,0.2188449788292628
RP_Talhao_Central,2023-08-27,16.933333333333334,22.1,13.7,7.4,2.06,0.312625,113.95833333333333,0.2188449788292628,10.500000000000014,18.2,124.9,1.9333333333333336,206.58333333333334,0.2188449788292628
RP_Talhao_Central,2023-08-28,17.391666666666666,22.7,13.2,0.0,2.5900000000000003,0.3273333333333333,153.54166666666666,0.2188449788292628,10.200000000000014,18.2,91.19999999999999,2.3916666666666657,203.56250000000003,0.2188449788292628
RP_Talhao_Central,2023-08-29,18.941666666666666,24.7,14.7,0.8,2.57,0.33316666666666667,157.5,0.2188449788292628,11.000000000000014,19.0,55.3,3.9416666666666664,203.4916666666667,0.2188449788292628
RP_Talhao_Central,2023-08-30,20.587500000000002,27.6,14.8,0.0,3.7600000000000002,0.3382083333333334,213.95833333333334,0.2188449788292628,11.000000000000014,19.0,55.3,5.587500000000002,204.29583333333338,0.2188449788292628
RP_Talhao_Central,2023-08-31,21.325,27.5,17.0,1.3,3.48,0.3363333333333334,179.625,0.2188449788292628,12.300000000000013,20.3,56.599999999999994,6.324999999999999,205.72500000000002,0.2188449788292628
RP_Talhao_Central,2023-09-01,22.65416666666667,29.3,16.8,0.0,4.54,0.3325416666666667,230.375,0.2108081201235548,12.300000000000013,20.3,56.599999999999994,7.654166666666669,208.15833333333336,0.2108081201235548
RP_Talhao_Central,2023-09-02,25.604166666666668,31.8,20.0,0.2,4.78,0.32379166666666664,221.58333333333334,0.2108081201235548,12.500000000000014,20.5,56.8,10.604166666666668,213.67916666666667,0.2108081201235548
RP_Talhao_Central,2023-09-03,25.183333333333334,32.2,20.2,0.30000000000000004,4.36,0.31845833333333334,217.66666666666666,0.2108081201235548,12.800000000000013,20.8,57.099999999999994,10.183333333333334,218.5875,0.2108081201235548
RP_Talhao_Central,2023-09-04,26.583333333333332,32.9,21.4,0.0,4.86,0.31320833333333337,223.04166666666666,0.2108081201235548,12.800000000000013,20.8,57.099999999999994,11.583333333333332,224.33750000000003,0.2108081201235548
RP_Talhao_Central,2023-09-05,23.325,25.6,19.9,8.399999999999999,2.46,0.3136666666666667,129.125,0.2108081201235548,21.20000000000001,29.2,65.5,8.325,225.70416666666668,0.2108081201235548
RP_Talhao_Central,2023-09-06,23.75,29.5,18.6,0.0,4.19,0.3216666666666667,171.45833333333334,0.2108081201235548,21.20000000000001,29.2,65.5,8.75,226.97500000000002,0.2108081201235548
RP_Talhao_Central,2023-09-07,22.8875,28.1,18.3,0.0,5.3,0.32,229.04166666666666,0.2108081201235548,21.20000000000001,29.2,65.5,7.887499999999999,227.5041666666667,0.2108081201235548
RP_Talhao_Central,2023-09-08,23.8875,30.9,18.8,0.0,5.8,0.31625,247.375,0.2108081201235548,21.20000000000001,29.2,65.5,8.8875,228.69583333333335,0.2108081201235548
RP_Talhao_Central,2023-09-09,23.708333333333332,30.4,19.3,0.0,4.76,0.3130833333333333,220.83333333333334,0.2108081201235548,21.20000000000001,29.2,65.5,8.708333333333332,228.77083333333334,0.2108081201235548
RP_Talhao_Central,2023-09-10,23.7375,30.2,18.2,0.0,4.61,0.3179166666666667,206.91666666666666,0.2108081201235548,21.20000000000001,29.2,65.5,8.7375,228.32083333333333,0.2108081201235548
RP_Talhao_Central,2023-09-11,24.21666666666667,30.2,19.5,0.0,6.38,0.31516666666666665,255.0,0.2108081201235548,21.20000000000001,25.1,65.5,9.216666666666669,228.05,0.2108081201235548
RP_Talhao_Central,2023-09-12,24.729166666666668,32.0,18.9,0.0,5.81,0.3094166666666667,254.29166666666666,0.2108081201235548,21.100000000000016,21.6,49.3,9.729166666666668,229.5916666666667,0.2108081201235548
RP_Talhao_Central,2023-09-13,26.679166666666664,34.4,18.8,0.0,6.5,0.30595833333333333,250.625,0.2108081201235548,20.600000000000016,21.6,29.2,11.679166666666664,233.37083333333334,0.2108081201235548
RP_Talhao_Central,2023-09-14,22.150000000000002,27.2,16.5,2.3,3.43,0.30654166666666666,161.25,0.2108081201235548,22.80000000000001,23.900000000000002,31.5,7.150000000000002,233.09583333333333,0.2108081201235548
RP_Talhao_Central,2023-09-15,19.970833333333335,26.5,14.5,0.0,3.92,0.3095833333333333,216.25,0.2108081201235548,22.600000000000012,23.9,31.5,4.970833333333335,230.3375,0.2108081201235548
RP_Talhao_Central,2023-09-16,23.420833333333334,32.4,15.6,0.0,5.13,0.306875,248.875,0.2108081201235548,22.600000000000012,23.9,31.5,8.420833333333334,230.8125,0.2108081201235548
RP_Talhao_Central,2023-09-17,25.912499999999998,33.7,18.7,0.0,4.91,0.30141666666666667,237.29166666666666,0.2108081201235548,22.600000000000012,23.9,31.5,10.912499999999998,233.52916666666667,0.2108081201235548
RP_Talhao_Central,2023-09-18,26.104166666666668,32.6,21.2,0.0,4.48,0.2982916666666667,203.625,0.2108081201235548,22.600000000000012,23.9,31.5,11.104166666666668,237.13333333333333,0.2108081201235548
RP_Talhao_Central,2023-09-19,26.708333333333332,34.2,20.1,0.0,5.74,0.2969583333333333,243.45833333333334,0.2108081201235548,20.900000000000013,23.9,31.5,11.708333333333332,244.59583333333333,0.2108081201235548
RP_Talhao_Central,2023-09-20,26.945833333333336,34.5,19.9,0.0,6.26,0.3007083333333333,257.1666666666667,0.2108081201235548,20.900000000000013,23.9,31.5,11.945833333333336,251.0625,0.2108081201235548
RP_Talhao_Central,2023-09-21,27.245833333333334,34.3,20.9,0.0,5.88,0.30345833333333333,249.04166666666666,0.2108081201235548,20.900000000000013,23.9,31.5,12.245833333333334,256.48333333333335,0.2108081201235548
RP_Talhao_Central,2023-09-22,28.133333333333336,35.3,21.5,0.0,5.9,0.3004583333333333,258.125,0.2108081201235548,20.900000000000013,23.9,31.5,13.133333333333336,260.7916666666667,0.2108081201235548
RP_Talhao_Central,2023-09-23,29.15833333333333,35.8,21.8,0.0,5.49,0.29524999999999996,243.625,0.2108081201235548,20.900000000000013,23.8,31.5,14.158333333333331,263.8208333333333,0.2108081201235548
RP_Talhao_Central,2023-09-24,29.650000000000002,37.3,22.4,0.0,5.66,0.29304166666666664,252.54166666666666,0.2108081201235548,20.80000000000001,23.8,31.5,14.650000000000002,267.85,0.2108081201235548
RP_Talhao_Central,2023-09-25,29.958333333333332,37.9,22.3,0.0,6.11,0.291,246.70833333333334,0.2108081201235548,20.70000000000001,23.8,31.5,14.958333333333332,277.48333333333335,0.2108081201235548
RP_Talhao_Central,2023-09-26,30.516666666666666,38.0,22.5,0.0,6.5,0.28904166666666664,243.75,0.2108081201235548,13.300000000000011,23.8,31.5,15.516666666666666,291.06666666666666,0.2108081201235548
RP_Talhao_Central,2023-09-27,29.254166666666666,35.2,24.2,0.9,5.7,0.28854166666666664,214.375,0.2108081201235548,14.200000000000012,24.4,32.4,14.254166666666666,302.9291666666667,0.2108081201235548
RP_Talhao_Central,2023-09-28,23.900000000000002,28.1,19.7,0.0,4.45,0.296875,218.375,0.2108081201235548,13.400000000000011,24.4,32.4,8.900000000000002,307.88750000000005,0.2108081201235548
RP_Talhao_Central,2023-09-29,24.645833333333332,31.6,18.5,0.0,5.55,0.30675,260.1666666666667,0.2108081201235548,13.400000000000011,24.4,32.4,9.645833333333332,311.9458333333333,0.2108081201235548
RP_Talhao_Central,2023-09-30,26.704166666666666,33.6,21.2,0.8,5.25,0.30675,263.5416666666667,0.2108081201235548,12.900000000000013,25.2,33.199999999999996,11.704166666666666,317.325,0.2108081201235548
RP_Talhao_Central,2023-10-01,23.579166666666666,29.4,21.2,33.7,3.2,0.35966666666666663,178.83333333333334,0.2084428421479297,46.600000000000016,58.900000000000006,66.9,8.579166666666666,318.25000000000006,0.2084428421479297
RP_Talhao_Central,2023-10-02,24.0125,29.3,20.7,16.6,4.09,0.494125,232.45833333333334,0.2084428421479297,63.000000000000014,75.5,83.5,9.0125,316.65833333333336,0.2084428421479297
RP_Talhao_Central,2023-10-03,24.9875,30.5,20.2,0.3,4.81,0.489625,265.6666666666667,0.2084428421479297,63.000000000000014,75.80000000000001,83.8,9.9875,316.46250000000003,0.2084428421479297
RP_Talhao_Central,2023-10-04,26.4375,32.0,20.2,0.0,4.72,0.4632083333333334,233.0,0.2084428421479297,63.000000000000014,75.80000000000001,83.8,11.4375,316.3166666666667,0.2084428421479297
RP_Talhao_Central,2023-10-05,27.22083333333333,33.0,22.8,0.1,5.42,0.44883333333333336,260.125,0.2084428421479297,54.70000000000002,75.9,83.9,12.220833333333331,320.2125,0.2084428421479297
RP_Talhao_Central,2023-10-06,26.633333333333336,32.7,21.9,0.1,4.87,0.43945833333333334,263.0,0.2084428421479297,54.80000000000002,76.0,84.0,11.633333333333336,323.0958333333333,0.2084428421479297
RP_Talhao_Central,2023-10-07,26.266666666666666,31.7,22.9,7.1,4.9399999999999995,0.42720833333333336,256.4166666666667,0.2084428421479297,61.90000000000002,83.10000000000001,91.1,11.266666666666666,326.475,0.2084428421479297
RP_Talhao_Central,2023-10-08,25.020833333333332,30.9,22.7,11.100000000000001,4.03,0.42370833333333335,218.20833333333334,0.2084428421479297,73.00000000000001,94.2,102.2,10.020833333333332,327.60833333333335,0.2084428421479297
RP_Talhao_Central,2023-10-09,22.366666666666664,24.3,19.9,9.7,1.75,0.4489166666666667,101.54166666666667,0.2084428421479297,82.70000000000002,103.9,111.9,7.366666666666664,326.2666666666667,0.2084428421479297
RP_Talhao_Central,2023-10-10,23.575,30.8,17.0,0.0,5.49,0.443,300.0416666666667,0.2084428421479297,82.70000000000002,103.9,111.9,8.575,326.1041666666667,0.2084428421479297
RP_Talhao_Central,2023-10-11,26.587500000000002,33.9,20.7,0.0,5.86,0.42954166666666665,285.6666666666667,0.2084428421479297,82.70000000000002,103.9,107.80000000000001,11.587500000000002,328.47499999999997,0.2084428421479297
RP_Talhao_Central,2023-10-12,26.52916666666667,33.9,21.7,14.0,5.1899999999999995,0.41654166666666664,262.0833333333333,0.2084428421479297,96.70000000000002,117.80000000000001,118.30000000000001,11.529166666666669,330.27500000000003,0.2084428421479297
RP_Talhao_Central,2023-10-13,23.370833333333334,28.4,20.4,8.9,2.78,0.42920833333333336,150.70833333333334,0.2084428421479297,105.60000000000002,126.20000000000002,127.2,8.370833333333334,326.9666666666667,0.2084428421479297
RP_Talhao_Central,2023-10-14,23.22083333333333,30.2,18.7,0.30000000000000004,4.9799999999999995,0.42558333333333337,267.9166666666667,0.2084428421479297,103.60000000000002,126.4,127.5,8.220833333333331,328.03749999999997,0.2084428421479297
RP_Talhao_Central,2023-10-15,25.741666666666664,32.3,20.9,0.2,5.49,0.41674999999999995,286.875,0.2084428421479297,103.80000000000003,126.4,127.7,10.741666666666664,333.80833333333334,0.2084428421479297
RP_Talhao_Central,2023-10-16,27.195833333333336,32.7,22.1,0.0,5.85,0.4046666666666667,290.5,0.2084428421479297,103.80000000000003,126.4,127.7,12.195833333333336,337.5833333333333,0.2084428421479297
RP_Talhao_Central,2023-10-17,26.441666666666666,31.4,23.1,0.1,4.6,0.3938333333333333,209.25,0.2084428421479297,103.90000000000002,126.5,127.80000000000001,11.441666666666666,338.1125,0.2084428421479297
RP_Talhao_Central,2023-10-18,25.691666666666666,32.6,20.5,2.1,5.609999999999999,0.389125,276.0,0.2084428421479297,106.00000000000003,128.6,129.9,10.691666666666666,337.7,0.2084428421479297
RP_Talhao_Central,2023-10-19,24.545833333333334,30.9,20.6,8.4,5.08,0.38095833333333334,268.875,0.2084428421479297,114.40000000000002,135.3,138.3,9.545833333333334,335.5375,0.2084428421479297
RP_Talhao_Central,2023-10-20,22.979166666666668,26.4,20.4,4.9,3.05,0.3801666666666667,170.08333333333334,0.2084428421479297,119.30000000000003,140.20000000000002,143.20000000000002,7.979166666666668,331.5708333333333,0.2084428421479297
RP_Talhao_Central,2023-10-21,24.5625,30.1,19.8,0.0,5.23,0.3744166666666667,266.25,0.2084428421479297,119.30000000000003,140.20000000000002,143.20000000000002,9.5625,328.8875,0.2084428421479297
RP_Talhao_Central,2023-10-22,25.28333333333333,32.0,19.6,0.0,6.3,0.3657083333333333,319.4166666666667,0.2084428421479297,119.30000000000003,140.20000000000002,143.20000000000002,10.283333333333331,326.03749999999997,0.2084428421479297
RP_Talhao_Central,2023-10-23,27.087500000000002,34.4,20.5,0.0,6.29,0.35804166666666665,302.5833333333333,0.2084428421479297,119.30000000000003,140.20000000000002,143.10000000000002,12.087500000000002,323.9666666666667,0.2084428421479297
RP_Talhao_Central,2023-10-24,27.329166666666666,34.3,20.7,0.5,6.29,0.3498333333333333,276.0416666666667,0.2084428421479297,119.80000000000003,140.60000000000002,143.60000000000002,12.329166666666666,321.6458333333333,0.2084428421479297
RP_Talhao_Central,2023-10-25,26.27916666666667,32.5,21.5,0.39999999999999997,5.34,0.34229166666666666,269.75,0.2084428421479297,120.20000000000002,140.9,144.0,11.279166666666669,317.96666666666664,0.2084428421479297
RP_Talhao_Central,2023-10-26,24.912499999999998,31.9,21.2,14.4,4.23,0.3409166666666667,234.20833333333334,0.2084428421479297,134.60000000000002,147.90000000000003,158.4,9.912499999999998,312.3625,0.2084428421479297
RP_Talhao_Central,2023-10-27,24.079166666666666,28.8,20.3,7.3,3.2800000000000002,0.3412916666666667,181.54166666666666,0.2084428421479297,141.00000000000003,155.20000000000002,165.4,9.079166666666666,307.1875,0.2084428421479297
RP_Talhao_Central,2023-10-28,24.087500000000002,28.1,21.1,0.9999999999999999,3.1,0.35400000000000004,165.16666666666666,0.2084428421479297,142.00000000000003,155.4,166.4,9.087500000000002,307.375,0.2084428421479297
RP_Talhao_Central,2023-10-29,25.941666666666666,31.8,22.6,11.9,4.66,0.37175,243.45833333333334,0.2084428421479297,153.9,167.3,178.3,10.941666666666666,308.67083333333335,0.2084428421479297
RP_Talhao_Central,2023-10-30,25.9375,30.8,21.8,0.8,4.36,0.3738333333333333,235.54166666666666,0.2084428421479297,153.90000000000003,166.8,179.1,10.9375,307.9041666666667,0.2084428421479297
RP_Talhao_Central,2023-10-31,24.429166666666664,29.7,20.8,7.199999999999999,3.22,0.375375,171.95833333333334,0.2084428421479297,127.40000000000002,174.0,186.3,9.429166666666664,308.75416666666666,0.2084428421479297
RP_Talhao_Central,2023-11-01,24.304166666666664,29.8,19.8,1.2,5.25,0.4270416666666667,292.5416666666667,0.2236538865430335,112.00000000000001,175.0,187.5,9.304166666666664,309.0458333333333,0.2236538865430335
RP_Talhao_Central,2023-11-02,25.462500000000002,31.5,20.3,0.7999999999999999,5.8,0.41995833333333327,308.0833333333333,0.2236538865430335,112.50000000000001,175.5,188.3,10.462500000000002,309.5208333333333,0.2236538865430335
RP_Talhao_Central,2023-11-03,25.733333333333334,32.9,20.7,9.5,5.78,0.4090416666666667,301.0833333333333,0.2236538865430335,122.00000000000001,185.0,197.8,10.733333333333334,308.81666666666666,0.2236538865430335
RP_Talhao_Central,2023-11-04,22.28333333333333,26.6,16.9,2.0,3.13,0.4342916666666667,162.16666666666666,0.2236538865430335,123.90000000000002,178.60000000000002,199.8,7.283333333333331,303.87916666666666,0.2236538865430335
RP_Talhao_Central,2023-11-05,21.629166666666666,29.0,13.2,0.0,6.28,0.4459583333333333,349.9583333333333,0.2236538865430335,123.80000000000001,178.60000000000002,199.8,6.629166666666666,298.875,0.2236538865430335
RP_Talhao_Central,2023-11-06,23.104166666666668,31.0,15.5,0.0,6.5,0.4280833333333333,343.0833333333333,0.2236538865430335,116.70000000000002,178.60000000000002,199.8,8.104166666666668,295.71250000000003,0.2236538865430335
RP_Talhao_Central,2023-11-07,25.166666666666668,32.2,18.9,0.0,6.83,0.4094583333333333,330.0416666666667,0.2236538865430335,105.60000000000002,178.60000000000002,199.8,10.166666666666668,295.85833333333335,0.2236538865430335
RP_Talhao_Central,2023-11-08,25.8,31.8,19.8,0.0,6.13,0.39445833333333336,305.7083333333333,0.2236538865430335,95.90000000000002,178.60000000000002,199.8,10.8,299.29166666666663,0.2236538865430335
RP_Talhao_Central,2023-11-09,26.6875,32.9,20.1,0.0,6.02,0.38199999999999995,299.125,0.2236538865430335,95.90000000000002,178.60000000000002,199.8,11.6875,302.40416666666664,0.2236538865430335
RP_Talhao_Central,2023-11-10,27.775000000000002,34.3,21.9,0.0,6.55,0.3706666666666667,321.625,0.2236538865430335,95.90000000000002,178.60000000000002,199.8,12.775000000000002,303.5916666666667,0.2236538865430335
RP_Talhao_Central,2023-11-11,28.641666666666666,36.3,20.9,0.0,7.15,0.3595833333333333,339.9583333333333,0.2236538865430335,81.90000000000002,178.60000000000002,199.70000000000002,13.641666666666666,305.70416666666665,0.2236538865430335
RP_Talhao_Central,2023-11-12,29.491666666666664,37.4,21.2,0.0,7.13,0.3497083333333333,333.2916666666667,0.2236538865430335,73.00000000000001,178.60000000000002,199.20000000000002,14.491666666666664,311.825,0.2236538865430335
RP_Talhao_Central,2023-11-13,29.97083333333333,37.8,21.8,0.0,6.82,0.342125,310.9583333333333,0.2236538865430335,72.70000000000002,176.3,199.10000000000002,14.970833333333331,318.575,0.2236538865430335
RP_Talhao_Central,2023-11-14,30.320833333333336,37.1,22.9,0.0,7.91,0.3373333333333333,314.0833333333333,0.2236538865430335,72.50000000000001,176.3,198.9,15.320833333333336,323.1541666666667,0.2236538865430335
RP_Talhao_Central,2023-11-15,28.71666666666667,36.9,22.4,3.3,6.5,0.3302083333333334,308.0,0.2236538865430335,75.80000000000001,179.60000000000002,202.2,13.716666666666669,324.675,0.2236538865430335
RP_Talhao_Central,2023-11-16,28.5,35.9,20.6,0.0,6.4,0.3280416666666667,296.625,0.2236538865430335,75.70000000000002,179.60000000000002,202.2,13.5,326.73333333333335,0.2236538865430335
RP_Talhao_Central,2023-11-17,29.979166666666668,36.8,22.3,0.1,6.76,0.3314166666666667,310.6666666666667,0.2236538865430335,73.7,179.70000000000002,202.29999999999998,14.979166666666668,331.02083333333337,0.2236538865430335
RP_Talhao_Central,2023-11-18,30.224999999999998,35.9,25.2,0.0,7.390000000000001,0.32683333333333336,311.9583333333333,0.2236538865430335,65.30000000000001,179.70000000000002,200.6,15.224999999999998,336.7,0.2236538865430335
RP_Talhao_Central,2023-11-19,27.724999999999998,34.6,22.1,14.4,5.91,0.3302916666666667,296.5833333333333,0.2236538865430335,74.80000000000001,194.10000000000002,215.0,12.724999999999998,341.4458333333333,0.2236538865430335
RP_Talhao_Central,2023-11-20,25.037499999999998,30.7,21.5,4.8,5.08,0.391,286.3333333333333,0.2236538865430335,79.60000000000001,198.9,219.8,10.037499999999998,341.9208333333333,0.2236538865430335
RP_Talhao_Central,2023-11-21,26.116666666666664,32.1,21.9,5.6,5.63,0.3850833333333334,306.9583333333333,0.2236538865430335,85.20000000000002,204.5,225.4,11.116666666666664,342.75416666666666,0.2236538865430335
RP_Talhao_Central,2023-11-22,25.72083333333333,31.9,21.1,3.4,5.0,0.38400000000000006,272.0,0.2236538865430335,88.60000000000001,207.9,228.8,10.720833333333331,341.3875,0.2236538865430335
RP_Talhao_Central,2023-11-23,25.0125,30.8,22.3,7.6000000000000005,4.66,0.3898333333333333,263.0416666666667,0.2236538865430335,95.70000000000002,215.5,236.3,10.0125,339.0708333333333,0.2236538865430335
RP_Talhao_Central,2023-11-24,24.712500000000002,30.3,20.6,1.3,5.17,0.39729166666666665,274.375,0.2236538865430335,96.60000000000002,216.8,237.5,9.712500000000002,337.50416666666666,0.2236538865430335
RP_Talhao_Central,2023-11-25,23.95,29.8,18.6,0.4,5.64,0.39525000000000005,300.0,0.2236538865430335,82.60000000000001,217.20000000000002,230.5,8.95,336.54166666666663,0.2236538865430335
RP_Talhao_Central,2023-11-26,25.270833333333332,31.9,20.3,0.8999999999999999,6.2299999999999995,0.3862083333333333,325.7916666666667,0.2236538865430335,76.20000000000002,217.20000000000002,231.4,10.270833333333332,337.73333333333335,0.2236538865430335
RP_Talhao_Central,2023-11-27,24.945833333333336,29.3,20.8,1.7,4.77,0.37825,255.08333333333334,0.2236538865430335,76.90000000000002,218.9,232.3,9.945833333333336,338.59166666666664,0.2236538865430335
RP_Talhao_Central,2023-11-28,25.8625,32.4,21.4,1.0,5.0600000000000005,0.37283333333333335,251.45833333333334,0.2236538865430335,66.00000000000001,219.9,233.3,10.8625,338.5125,0.2236538865430335
RP_Talhao_Central,2023-11-29,23.099999999999998,26.7,20.8,9.6,3.19,0.36883333333333335,185.04166666666666,0.2236538865430335,74.80000000000001,228.70000000000002,241.6,8.099999999999998,335.67499999999995,0.2236538865430335
RP_Talhao_Central,2023-11-30,25.037499999999998,31.5,19.5,2.0,5.43,0.36641666666666667,299.5833333333333,0.2236538865430335,69.60000000000001,197.0,243.6,10.037499999999998,336.2833333333333,0.2236538865430335
RP_Talhao_Central,2023-12-01,27.15833333333333,33.1,20.5,0.0,6.14,0.359,331.9583333333333,0.2146816442388295,68.4,180.4,243.4,12.158333333333331,339.1375,0.2146816442388295
RP_Talhao_Central,2023-12-02,27.90833333333333,33.5,20.9,0.0,6.03,0.3504583333333333,312.0,0.2146816442388295,67.60000000000001,180.1,243.1,12.908333333333331,341.5833333333333,0.2146816442388295
RP_Talhao_Central,2023-12-03,28.495833333333334,35.0,22.2,0.0,6.54,0.34008333333333335,336.3333333333333,0.2146816442388295,58.10000000000001,180.1,243.1,13.495833333333334,344.3458333333333,0.2146816442388295
RP_Talhao_Central,2023-12-04,26.59166666666667,32.0,22.7,1.0,5.54,0.33549999999999996,289.2083333333333,0.2146816442388295,57.10000000000001,181.0,235.70000000000002,11.591666666666669,348.65416666666664,0.2146816442388295
RP_Talhao_Central,2023-12-05,25.208333333333332,30.6,21.4,12.0,4.39,0.32975000000000004,244.08333333333334,0.2146816442388295,69.10000000000001,192.9,247.70000000000002,10.208333333333332,352.23333333333335,0.2146816442388295
RP_Talhao_Central,2023-12-06,25.875,32.5,21.3,2.0,5.51,0.33079166666666665,305.2083333333333,0.2146816442388295,71.10000000000001,187.8,249.70000000000002,10.875,355.00416666666666,0.2146816442388295
RP_Talhao_Central,2023-12-07,27.349999999999998,33.7,22.0,0.8,5.72,0.32683333333333336,294.5,0.2146816442388295,71.9,177.50000000000003,250.5,12.349999999999998,357.18749999999994,0.2146816442388295
RP_Talhao_Central,2023-12-08,25.625,33.3,21.0,14.4,5.3,0.32908333333333334,283.5416666666667,0.2146816442388295,86.30000000000001,182.20000000000002,264.90000000000003,10.625,357.0125,0.2146816442388295
RP_Talhao_Central,2023-12-09,26.52916666666667,33.1,20.7,0.2,6.55,0.31820833333333337,327.625,0.2146816442388295,86.50000000000001,182.4,265.1,11.529166666666669,356.8541666666667,0.2146816442388295
RP_Talhao_Central,2023-12-10,25.525000000000002,33.4,21.5,13.200000000000001,5.87,0.3154166666666667,296.2083333333333,0.2146816442388295,99.70000000000002,195.6,278.3,10.525000000000002,354.60416666666663,0.2146816442388295
RP_Talhao_Central,2023-12-11,24.254166666666666,29.7,21.2,7.4,4.2700000000000005,0.317125,231.20833333333334,0.2146816442388295,107.10000000000001,189.0,285.7,9.254166666666666,350.21666666666664,0.2146816442388295
RP_Talhao_Central,2023-12-12,25.495833333333334,31.4,19.9,0.1,6.4799999999999995,0.31625,329.9166666666667,0.2146816442388295,107.20000000000002,180.2,285.8,10.495833333333334,346.2208333333333,0.2146816442388295
RP_Talhao_Central,2023-12-13,26.599999999999998,33.6,19.9,0.0,6.88,0.31316666666666665,350.75,0.2146816442388295,107.20000000000002,179.9,283.5,11.599999999999998,342.85,0.2146816442388295
RP_Talhao_Central,2023-12-14,28.141666666666666,35.5,20.8,0.0,7.23,0.309375,346.0416666666667,0.2146816442388295,107.20000000000002,179.7,283.5,13.141666666666666,340.67083333333335,0.2146816442388295
RP_Talhao_Central,2023-12-15,28.7625,35.0,22.6,0.0,6.63,0.3075,324.9166666666667,0.2146816442388295,103.90000000000002,179.7,283.5,13.7625,340.71666666666664,0.2146816442388295
RP_Talhao_Central,2023-12-16,28.716666666666665,35.3,22.0,0.0,7.56,0.3077083333333333,343.125,0.2146816442388295,103.90000000000002,179.6,283.5,13.716666666666665,340.93333333333334,0.2146816442388295
RP_Talhao_Central,2023-12-17,28.650000000000002,34.9,22.0,0.0,6.88,0.305625,321.2083333333333,0.2146816442388295,103.80000000000003,177.5,283.5,13.650000000000002,339.60416666666663,0.2146816442388295
RP_Talhao_Central,2023-12-18,27.4375,34.4,21.8,1.1,6.47,0.30420833333333336,309.75,0.2146816442388295,104.90000000000002,170.20000000000002,284.6,12.4375,336.81666666666666,0.2146816442388295
RP_Talhao_Central,2023-12-19,26.991666666666664,33.0,21.1,0.2,5.97,0.30475,320.0,0.2146816442388295,90.70000000000002,165.5,284.8,11.991666666666664,336.0833333333333,0.2146816442388295
RP_Talhao_Central,2023-12-20,27.195833333333336,32.5,22.3,0.1,6.97,0.3055,328.5416666666667,0.2146816442388295,86.00000000000001,165.6,284.9,12.195833333333336,338.2416666666667,0.2146816442388295
RP_Talhao_Central,2023-12-21,26.604166666666668,33.0,22.2,0.9,6.14,0.30795833333333333,307.625,0.2146816442388295,81.30000000000001,166.5,285.8,11.604166666666668,338.7291666666667,0.2146816442388295
RP_Talhao_Central,2023-12-22,24.820833333333336,30.2,21.0,3.5,4.0600000000000005,0.309125,221.375,0.2146816442388295,81.40000000000002,170.0,289.3,9.820833333333336,337.82916666666665,0.2146816442388295
RP_Talhao_Central,2023-12-23,23.620833333333334,29.3,20.7,20.9,3.77,0.314125,221.20833333333334,0.2146816442388295,94.70000000000002,190.4,310.2,8.620833333333334,336.4375,0.2146816442388295
RP_Talhao_Central,2023-12-24,24.820833333333336,29.7,19.7,0.7000000000000001,5.2,0.35504166666666664,294.125,0.2146816442388295,94.10000000000001,190.70000000000002,310.9,9.820833333333336,336.54583333333335,0.2146816442388295
RP_Talhao_Central,2023-12-25,26.191666666666666,32.2,19.4,0.0,6.22,0.35224999999999995,331.5833333333333,0.2146816442388295,93.7,176.3,310.9,11.191666666666666,338.78749999999997,0.2146816442388295
RP_Talhao_Central,2023-12-26,25.695833333333336,32.5,21.0,0.7,5.22,0.3475,282.125,0.2146816442388295,93.50000000000001,169.70000000000002,310.70000000000005,10.695833333333336,339.2125,0.2146816442388295
RP_Talhao_Central,2023-12-27,26.162499999999998,32.7,21.2,0.2,6.3,0.3595833333333333,329.2083333333333,0.2146816442388295,92.00000000000001,168.9,310.90000000000003,11.162499999999998,340.4291666666667,0.2146816442388295
RP_Talhao_Central,2023-12-28,26.616666666666664,32.4,21.1,0.0,6.35,0.35725,334.8333333333333,0.2146816442388295,91.00000000000001,157.0,310.90000000000003,11.616666666666664,341.18333333333334,0.2146816442388295
RP_Talhao_Central,2023-12-29,28.083333333333332,34.5,20.7,0.0,6.35,0.3491666666666666,319.0416666666667,0.2146816442388295,81.40000000000002,156.20000000000002,310.1,13.083333333333332,346.1666666666667,0.2146816442388295
RP_Talhao_Central,2023-12-30,25.6125,29.6,22.2,5.6,4.23,0.34641666666666665,232.16666666666666,0.2146816442388295,85.00000000000001,154.6,282.0,10.6125,346.7416666666667,0.2146816442388295
RP_Talhao_Central,2023-12-31,25.1125,30.7,20.9,2.4,5.05,0.3445,271.3333333333333,0.2146816442388295,87.40000000000002,155.8,267.8,10.1125,344.6958333333334,0.2146816442388295
RP_Talhao_Central,2024-01-01,23.77916666666667,26.9,21.2,7.2,2.88,0.343,151.25,0.2250977804164554,94.60000000000002,162.2,274.7,8.779166666666669,340.56666666666666,0.2250977804164554
RP_Talhao_Central,2024-01-02,24.045833333333334,29.5,20.1,4.5,4.64,0.34583333333333327,269.125,0.2250977804164554,99.10000000000002,157.2,279.2,9.045833333333334,336.1166666666667,0.2250977804164554
RP_Talhao_Central,2024-01-03,24.099999999999998,30.3,20.7,26.6,3.93,0.3641666666666667,221.45833333333334,0.2250977804164554,124.70000000000002,181.8,305.70000000000005,9.099999999999998,333.625,0.2250977804164554
RP_Talhao_Central,2024-01-04,24.991666666666664,30.2,20.5,7.8,5.32,0.4522916666666667,285.1666666666667,0.2250977804164554,120.50000000000001,189.6,313.4,9.991666666666664,333.4083333333333,0.2250977804164554
RP_Talhao_Central,2024-01-05,25.195833333333336,30.8,19.4,0.1,6.18,0.43204166666666666,338.8333333333333,0.2250977804164554,118.60000000000002,189.7,306.4,10.195833333333336,332.72916666666663,0.2250977804164554
RP_Talhao_Central,2024-01-06,26.191666666666666,31.6,20.6,0.0,6.02,0.417,330.5,0.2250977804164554,117.80000000000003,189.7,295.3,11.191666666666666,331.5708333333333,0.2250977804164554
RP_Talhao_Central,2024-01-07,26.474999999999998,32.2,20.8,0.30000000000000004,5.85,0.4026666666666667,317.0416666666667,0.2250977804164554,103.70000000000002,190.0,285.90000000000003,11.474999999999998,332.42083333333335,0.2250977804164554
RP_Talhao_Central,2024-01-08,26.349999999999998,32.7,20.7,1.1,6.03,0.39075,326.5,0.2250977804164554,104.60000000000001,191.1,287.0,11.349999999999998,332.2416666666667,0.2250977804164554
RP_Talhao_Central,2024-01-09,25.53333333333333,31.9,21.4,5.3,5.4,0.38079166666666664,302.625,0.2250977804164554,96.7,196.4,292.3,10.533333333333331,332.25,0.2250977804164554
RP_Talhao_Central,2024-01-10,25.108333333333334,29.7,21.2,7.4,4.77,0.37200000000000005,265.2916666666667,0.2250977804164554,96.70000000000002,203.8,285.70000000000005,10.108333333333334,333.1041666666667,0.2250977804164554
RP_Talhao_Central,2024-01-11,25.495833333333334,31.8,21.4,1.4,5.55,0.3637083333333333,304.25,0.2250977804164554,98.00000000000001,205.2,278.2,10.495833333333334,333.1041666666667,0.2250977804164554
RP_Talhao_Central,2024-01-12,25.09583333333333,30.2,20.8,14.3,4.82,0.359,267.125,0.2250977804164554,112.30000000000001,219.5,292.2,10.095833333333331,331.59999999999997,0.2250977804164554
RP_Talhao_Central,2024-01-13,24.758333333333336,29.3,21.8,3.0,4.0,0.353625,227.5,0.2250977804164554,115.30000000000001,222.5,295.0,9.758333333333336,328.2166666666667,0.2250977804164554
RP_Talhao_Central,2024-01-14,24.441666666666666,27.4,21.9,4.8,3.71,0.35741666666666666,211.16666666666666,0.2250977804164554,120.10000000000001,224.00000000000003,299.8,9.441666666666666,323.89583333333337,0.2250977804164554
RP_Talhao_Central,2024-01-15,24.400000000000002,28.8,21.3,3.1,4.21,0.35437499999999994,243.5,0.2250977804164554,123.2,227.10000000000002,302.8,9.400000000000002,319.57916666666665,0.2250977804164554
RP_Talhao_Central,2024-01-16,26.7375,32.6,20.4,0.4,6.12,0.349375,322.1666666666667,0.2250977804164554,123.60000000000001,227.40000000000003,301.1,11.7375,317.6666666666667,0.2250977804164554
RP_Talhao_Central,2024-01-17,27.833333333333332,33.6,21.7,0.2,5.97,0.34237500000000004,308.6666666666667,0.2250977804164554,122.70000000000002,227.60000000000002,292.90000000000003,12.833333333333332,318.0625,0.2250977804164554
RP_Talhao_Central,2024-01-18,27.991666666666664,34.3,22.5,0.6000000000000001,6.03,0.3342083333333334,315.4583333333333,0.2250977804164554,123.10000000000001,213.8,288.59999999999997,12.991666666666664,319.0625,0.2250977804164554
RP_Talhao_Central,2024-01-19,26.0,33.2,22.5,13.6,4.55,0.3307083333333333,238.66666666666666,0.2250977804164554,136.60000000000002,222.6,302.2,11.0,317.8666666666667,0.2250977804164554
RP_Talhao_Central,2024-01-20,24.766666666666666,31.6,21.5,5.6000000000000005,4.14,0.326125,215.625,0.2250977804164554,141.3,222.60000000000002,307.8,9.766666666666666,316.02916666666664,0.2250977804164554
RP_Talhao_Central,2024-01-21,24.05,27.9,21.5,6.2,3.49,0.3425833333333333,198.29166666666666,0.2250977804164554,144.0,225.4,314.0,9.05,315.2583333333333,0.2250977804164554
RP_Talhao_Central,2024-01-22,25.375,31.1,19.4,0.0,6.16,0.3801666666666667,322.6666666666667,0.2250977804164554,123.10000000000001,217.8,313.5,10.375,317.0125,0.2250977804164554
RP_Talhao_Central,2024-01-23,23.1875,26.8,19.6,11.0,2.93,0.38025,142.0,0.2250977804164554,133.4,227.5,324.1,8.1875,315.37916666666666,0.2250977804164554
RP_Talhao_Central,2024-01-24,22.933333333333334,28.7,18.4,0.5,5.11,0.409,284.1666666666667,0.2250977804164554,133.9,227.60000000000002,310.2,7.933333333333334,312.12083333333334,0.2250977804164554
RP_Talhao_Central,2024-01-25,22.59166666666667,27.6,17.4,0.9,5.609999999999999,0.402375,308.9166666666667,0.2250977804164554,134.1,227.60000000000002,303.8,7.591666666666669,309.01666666666665,0.2250977804164554
RP_Talhao_Central,2024-01-26,22.662499999999998,29.0,16.4,0.0,5.99,0.3920416666666667,332.0833333333333,0.2250977804164554,133.9,225.9,302.8,7.662499999999998,305.51666666666665,0.2250977804164554
RP_Talhao_Central,2024-01-27,24.3875,30.9,17.5,0.0,6.09,0.3801666666666667,329.625,0.2250977804164554,133.9,224.9,290.9,9.3875,303.28749999999997,0.2250977804164554
RP_Talhao_Central,2024-01-28,22.925,27.3,18.8,9.7,4.5200000000000005,0.376125,267.0416666666667,0.2250977804164554,143.60000000000002,225.0,299.79999999999995,7.925000000000001,298.12916666666666,0.2250977804164554
RP_Talhao_Central,2024-01-29,24.837500000000002,30.8,18.9,0.1,5.96,0.3720833333333333,311.625,0.2250977804164554,138.10000000000002,223.1,292.7,9.837500000000002,297.35416666666663,0.2250977804164554
RP_Talhao_Central,2024-01-30,25.1125,30.5,18.4,0.5,5.55,0.36841666666666667,290.4583333333333,0.2250977804164554,136.20000000000002,223.6,292.0,10.1125,297.35416666666663,0.2250977804164554
RP_Talhao_Central,2024-01-31,24.775000000000002,29.7,20.2,1.2,4.84,0.3632916666666666,264.5416666666667,0.2250977804164554,130.20000000000002,224.8,292.4,9.775000000000002,298.35,0.2250977804164554
RP_Talhao_Central,2024-02-01,23.808333333333334,30.3,18.2,2.4000000000000004,5.43,0.36175,301.375,0.1619077336873285,128.10000000000002,227.20000000000002,285.3,8.808333333333334,298.1125,0.1619077336873285
RP_Talhao_Central,2024-02-02,23.5125,28.1,19.3,0.0,3.83,0.3615833333333333,189.25,0.1619077336873285,101.50000000000001,226.20000000000002,283.3,8.5125,297.52500000000003,0.1619077336873285
RP_Talhao_Central,2024-02-03,25.379166666666666,31.2,22.0,0.4,4.47,0.360125,215.75,0.1619077336873285,94.10000000000002,214.6,283.7,10.379166666666666,297.9125,0.1619077336873285
RP_Talhao_Central,2024-02-04,23.03333333333333,26.5,21.3,4.3,2.52,0.35991666666666666,135.83333333333334,0.1619077336873285,98.30000000000001,216.9,288.0,8.033333333333331,295.75,0.1619077336873285
RP_Talhao_Central,2024-02-05,24.320833333333336,29.9,21.4,0.1,4.07,0.36004166666666665,218.375,0.1619077336873285,98.4,216.20000000000002,288.09999999999997,9.320833333333336,293.87916666666666,0.1619077336873285
RP_Talhao_Central,2024-02-06,24.662499999999998,30.6,19.6,1.0,5.35,0.36566666666666664,302.7916666666667,0.1619077336873285,99.10000000000001,202.8,289.09999999999997,9.662499999999998,292.06666666666666,0.1619077336873285
RP_Talhao_Central,2024-02-07,25.054166666666664,31.8,21.3,1.4,4.76,0.3667916666666666,261.4166666666667,0.1619077336873285,99.40000000000002,204.0,290.5,10.054166666666664,290.7708333333333,0.1619077336873285
RP_Talhao_Central,2024-02-08,24.545833333333334,29.6,20.5,1.0,4.6,0.39675,260.5,0.1619077336873285,95.10000000000002,191.8,291.5,9.545833333333334,289.78333333333336,0.1619077336873285
RP_Talhao_Central,2024-02-09,25.770833333333332,31.4,20.8,0.4,5.94,0.396625,318.75,0.1619077336873285,88.10000000000001,184.8,291.9,10.770833333333332,290.4458333333333,0.1619077336873285
RP_Talhao_Central,2024-02-10,25.504166666666666,31.6,19.6,0.0,6.52,0.3910833333333334,330.8333333333333,0.1619077336873285,86.7,184.70000000000002,291.9,10.504166666666666,290.45416666666665,0.1619077336873285
RP_Talhao_Central,2024-02-11,24.879166666666666,31.2,20.3,2.6,5.8,0.38425,310.0833333333333,0.1619077336873285,75.00000000000001,187.3,294.5,9.879166666666666,290.2375,0.1619077336873285
RP_Talhao_Central,2024-02-12,25.825,31.7,21.3,1.0,4.92,0.372125,268.5,0.1619077336873285,73.00000000000001,188.3,295.5,10.825,291.3041666666666,0.1619077336873285
RP_Talhao_Central,2024-02-13,26.925,32.6,21.5,0.1,5.7700000000000005,0.36470833333333336,301.25,0.1619077336873285,68.30000000000001,188.4,292.29999999999995,11.925,293.78749999999997,0.1619077336873285
RP_Talhao_Central,2024-02-14,24.53333333333333,28.1,20.9,6.4,2.83,0.36141666666666666,152.5,0.1619077336873285,71.60000000000002,194.8,298.7,9.533333333333331,293.92083333333335,0.1619077336873285
RP_Talhao_Central,2024-02-15,23.02916666666667,27.7,20.8,8.3,2.8,0.38408333333333333,154.58333333333334,0.1619077336873285,79.50000000000001,203.10000000000002,306.90000000000003,8.029166666666669,290.2125,0.1619077336873285
RP_Talhao_Central,2024-02-16,22.72083333333333,27.4,19.4,9.1,3.16,0.41425,184.58333333333334,0.1619077336873285,88.4,211.10000000000002,316.0,7.720833333333331,285.1,0.1619077336873285
RP_Talhao_Central,2024-02-17,23.224999999999998,28.1,20.2,3.7,3.85,0.44895833333333335,228.16666666666666,0.1619077336873285,91.50000000000001,214.6,305.29999999999995,8.224999999999998,280.3333333333333,0.1619077336873285
RP_Talhao_Central,2024-02-18,23.916666666666668,29.6,18.8,0.39999999999999997,5.05,0.438625,294.9166666666667,0.1619077336873285,78.30000000000001,214.9,300.90000000000003,8.916666666666668,278.25,0.1619077336873285
RP_Talhao_Central,2024-02-19,23.1375,28.3,19.2,3.5,4.0200000000000005,0.4287916666666667,238.875,0.1619077336873285,76.20000000000002,217.5,298.8,8.1375,276.62083333333334,0.1619077336873285
RP_Talhao_Central,2024-02-20,22.9875,27.7,20.6,12.4,3.5300000000000002,0.44566666666666666,205.20833333333334,0.1619077336873285,82.4,226.4,307.8,7.987500000000001,275.55833333333334,0.1619077336873285
RP_Talhao_Central,2024-02-21,23.175,29.1,19.5,23.4,4.4799999999999995,0.46258333333333335,265.5833333333333,0.1619077336873285,105.80000000000001,228.89999999999998,323.6,8.175,273.35833333333335,0.1619077336873285
RP_Talhao_Central,2024-02-22,24.150000000000002,30.0,18.9,0.7,5.07,0.4686666666666666,293.0833333333333,0.1619077336873285,95.50000000000001,228.9,323.0,9.150000000000002,274.3208333333333,0.1619077336873285
RP_Talhao_Central,2024-02-23,25.208333333333332,30.6,21.1,0.39999999999999997,5.0200000000000005,0.45125,284.4166666666667,0.1619077336873285,95.4,229.3,323.0,10.208333333333332,276.5958333333333,0.1619077336873285
RP_Talhao_Central,2024-02-24,25.78333333333333,31.2,21.5,0.6,5.140000000000001,0.4362916666666667,284.0,0.1619077336873285,95.10000000000002,229.20000000000002,322.7,10.783333333333331,279.7875,0.1619077336873285
RP_Talhao_Central,2024-02-25,26.420833333333334,31.9,21.3,0.2,5.4799999999999995,0.42316666666666664,292.2916666666667,0.1619077336873285,95.30000000000003,229.2,321.2,11.420833333333334,283.54583333333335,0.1619077336873285
RP_Talhao_Central,2024-02-26,26.629166666666666,31.9,22.5,0.30000000000000004,5.18,0.40825,273.2916666666667,0.1619077336873285,95.60000000000002,229.5,320.5,11.629166666666666,285.7875,0.1619077336873285
RP_Talhao_Central,2024-02-27,26.979166666666668,32.1,21.7,0.4,5.6,0.39445833333333336,300.625,0.1619077336873285,86.30000000000001,229.9,311.3,11.979166666666668,289.84166666666664,0.1619077336873285
RP_Talhao_Central,2024-02-28,27.287499999999998,32.6,21.4,1.7999999999999998,5.56,0.3809166666666666,288.25,0.1619077336873285,88.00000000000001,226.1,311.1,12.287499999999998,292.2916666666667,0.1619077336873285
RP_Talhao_Central,2024-02-29,27.75,33.2,22.2,0.1,5.66,0.37070833333333336,293.7083333333333,0.1619077336873285,87.60000000000001,223.79999999999998,311.20000000000005,12.75,294.9291666666667,0.1619077336873285
RP_Talhao_Central,2024-03-01,27.241666666666664,34.3,21.9,1.2000000000000002,6.06,0.3585416666666667,301.2916666666667,0.2334615769825363,87.60000000000002,217.8,312.40000000000003,12.241666666666664,297.3958333333333,0.2334615769825363
RP_Talhao_Central,2024-03-02,26.3,32.3,20.6,0.0,5.8,0.3476666666666666,300.9166666666667,0.2334615769825363,85.20000000000002,213.3,312.40000000000003,11.3,299.8875,0.2334615769825363
RP_Talhao_Central,2024-03-03,27.0625,33.3,21.1,0.0,5.68,0.3418333333333334,295.7083333333333,0.2334615769825363,85.20000000000002,186.70000000000002,311.40000000000003,12.0625,303.4375,0.2334615769825363
RP_Talhao_Central,2024-03-04,26.858333333333334,33.1,21.8,5.6000000000000005,5.51,0.3363333333333334,288.2083333333333,0.2334615769825363,90.4,184.5,305.0,11.858333333333334,304.91666666666663,0.2334615769825363
RP_Talhao_Central,2024-03-05,24.90833333333333,30.4,21.6,11.9,4.25,0.33970833333333333,243.91666666666666,0.2334615769825363,98.00000000000001,196.3,314.90000000000003,9.908333333333331,306.7916666666667,0.2334615769825363
RP_Talhao_Central,2024-03-06,25.2,31.3,20.6,15.5,5.2299999999999995,0.35474999999999995,292.7916666666667,0.2334615769825363,113.40000000000002,211.8,329.6,10.2,307.6708333333333,0.2334615769825363
RP_Talhao_Central,2024-03-07,25.420833333333334,30.9,21.2,1.2000000000000002,4.5200000000000005,0.359875,252.08333333333334,0.2334615769825363,113.60000000000002,212.7,316.4,10.420833333333334,308.4291666666667,0.2334615769825363
RP_Talhao_Central,2024-03-08,25.866666666666664,30.9,22.0,1.5999999999999999,4.36,0.36341666666666667,239.125,0.2334615769825363,113.80000000000001,213.20000000000002,317.8,10.866666666666664,309.2416666666667,0.2334615769825363
RP_Talhao_Central,2024-03-09,25.816666666666666,31.9,23.1,22.8,4.38,0.3645833333333333,235.58333333333334,0.2334615769825363,135.60000000000002,230.70000000000002,327.4,10.816666666666666,310.5125,0.2334615769825363
RP_Talhao_Central,2024-03-10,25.150000000000002,29.1,22.0,4.2,3.84,0.3547916666666666,213.20833333333334,0.2334615769825363,139.4,227.50000000000003,324.20000000000005,10.150000000000002,309.89166666666665,0.2334615769825363
RP_Talhao_Central,2024-03-11,25.866666666666664,31.5,20.7,0.2,5.43,0.35716666666666663,287.625,0.2334615769825363,139.6,226.3,324.3,10.866666666666664,310.25416666666666,0.2334615769825363
RP_Talhao_Central,2024-03-12,26.337500000000002,31.7,21.7,0.7000000000000001,5.01,0.35354166666666664,261.25,0.2334615769825363,137.70000000000002,212.7,325.0,11.337500000000002,311.7125,0.2334615769825363
RP_Talhao_Central,2024-03-13,27.40833333333333,32.4,22.0,0.30000000000000004,5.0,0.3448333333333333,266.5416666666667,0.2334615769825363,137.0,210.0,325.3,12.408333333333331,313.29583333333335,0.2334615769825363
RP_Talhao_Central,2024-03-14,27.575,33.5,22.1,0.0,5.32,0.3376666666666667,285.4583333333333,0.2334615769825363,136.9,205.20000000000002,325.3,12.575,313.9458333333333,0.2334615769825363
RP_Talhao_Central,2024-03-15,27.583333333333332,33.1,21.2,0.5,5.08,0.3296666666666667,268.0833333333333,0.2334615769825363,131.0,202.60000000000002,325.8,12.583333333333332,316.9958333333333,0.2334615769825363
RP_Talhao_Central,2024-03-16,27.7625,33.6,21.6,0.7999999999999999,5.18,0.3240416666666667,261.9583333333333,0.2334615769825363,123.50000000000001,203.00000000000003,326.6,12.7625,321.7291666666667,0.2334615769825363
RP_Talhao_Central,2024-03-17,27.495833333333334,34.0,23.2,7.0,5.28,0.321625,269.1666666666667,0.2334615769825363,121.4,209.8,332.5,12.495833333333334,326.5041666666666,0.2334615769825363
RP_Talhao_Central,2024-03-18,27.020833333333332,32.9,21.5,0.30000000000000004,4.6,0.31554166666666666,248.125,0.2334615769825363,118.00000000000001,209.5,332.59999999999997,12.020833333333332,330.3,0.2334615769825363
RP_Talhao_Central,2024-03-19,26.983333333333334,33.7,22.4,11.4,4.57,0.31124999999999997,241.75,0.2334615769825363,129.0,207.3,343.90000000000003,11.983333333333334,333.3666666666667,0.2334615769825363
RP_Talhao_Central,2024-03-20,26.491666666666664,32.4,21.9,5.6000000000000005,4.54,0.306,240.75,0.2334615769825363,131.10000000000002,207.3,348.59999999999997,11.491666666666664,336.7208333333333,0.2334615769825363
RP_Talhao_Central,2024-03-21,26.366666666666664,32.4,22.4,5.1,4.33,0.29720833333333335,217.83333333333334,0.2334615769825363,123.80000000000001,206.2,350.2,11.366666666666664,340.09999999999997,0.2334615769825363
RP_Talhao_Central,2024-03-22,24.691666666666666,29.3,21.1,5.2,3.85,0.31245833333333334,180.75,0.2334615769825363,105.60000000000002,211.4,334.5,9.691666666666666,341.6166666666666,0.2334615769825363
RP_Talhao_Central,2024-03-23,21.579166666666666,25.6,19.5,2.4000000000000004,2.42,0.3695833333333333,102.375,0.2334615769825363,107.30000000000001,202.8,336.20000000000005,6.579166666666666,339.04583333333335,0.2334615769825363
RP_Talhao_Central,2024-03-24,21.75,24.6,19.5,1.5,2.49,0.3798333333333333,126.625,0.2334615769825363,108.40000000000002,203.8,337.70000000000005,6.75,335.5875,0.2334615769825363
RP_Talhao_Central,2024-03-25,22.795833333333334,28.6,20.1,6.699999999999999,3.4,0.3837916666666667,198.91666666666666,0.2334615769825363,114.50000000000001,209.60000000000002,343.7,7.795833333333334,332.59999999999997,0.2334615769825363
RP_Talhao_Central,2024-03-26,21.625,25.1,20.1,34.6,1.77,0.43687499999999996,98.95833333333333,0.2334615769825363,148.9,244.20000000000002,378.1,6.625,327.8041666666666,0.2334615769825363
RP_Talhao_Central,2024-03-27,20.879166666666666,22.1,20.0,20.5,1.08,0.45425,59.166666666666664,0.2334615769825363,169.10000000000002,264.70000000000005,398.6,5.879166666666666,322.0541666666666,0.2334615769825363
RP_Talhao_Central,2024-03-28,22.045833333333334,26.6,19.4,10.7,2.79,0.5005000000000001,163.83333333333334,0.2334615769825363,179.40000000000003,265.7,409.3,7.045833333333334,317.12083333333334,0.2334615769825363
RP_Talhao_Central,2024-03-29,23.266666666666666,28.3,20.2,2.2,2.95,0.4795416666666667,171.375,0.2334615769825363,179.8,267.8,405.90000000000003,8.266666666666666,313.09999999999997,0.2334615769825363
RP_Talhao_Central,2024-03-30,23.208333333333332,27.6,19.8,3.4000000000000004,3.7,0.4653333333333334,221.95833333333334,0.2334615769825363,183.10000000000002,270.7,406.9,8.208333333333332,308.55833333333334,0.2334615769825363
RP_Talhao_Central,2024-03-31,23.962500000000002,29.1,20.2,0.7,4.38,0.46425,252.25,0.2334615769825363,182.60000000000002,270.2,400.4,8.962500000000002,305.27916666666664,0.2334615769825363
RP_Talhao_Central,2024-04-01,23.916666666666668,30.4,18.7,0.6,4.75,0.4507916666666667,256.9583333333333,0.2398491888575557,183.20000000000002,268.40000000000003,396.5,8.916666666666668,302.8958333333333,0.2398491888575557
RP_Talhao_Central,2024-04-02,23.604166666666668,28.8,20.1,4.3,3.97,0.436625,224.54166666666666,0.2398491888575557,187.50000000000003,272.70000000000005,374.2,8.604166666666668,299.43749999999994,0.2398491888575557
RP_Talhao_Central,2024-04-03,24.483333333333334,30.2,18.7,0.0,4.55,0.4227916666666667,260.2916666666667,0.2398491888575557,181.9,272.3,366.40000000000003,9.483333333333334,297.0625,0.2398491888575557
RP_Talhao_Central,2024-04-04,25.558333333333334,30.6,21.1,0.1,4.54,0.410625,252.70833333333334,0.2398491888575557,170.10000000000002,268.1,366.4,10.558333333333334,297.7125,0.2398491888575557
RP_Talhao_Central,2024-04-05,25.291666666666668,30.2,21.3,0.0,3.94,0.39575000000000005,219.5,0.2398491888575557,154.60000000000002,268.0,366.4,10.291666666666668,297.8041666666667,0.2398491888575557
RP_Talhao_Central,2024-04-06,25.175,30.6,20.8,0.1,4.94,0.386625,254.95833333333334,0.2398491888575557,153.5,267.1,366.2,10.175,297.55833333333334,0.2398491888575557
RP_Talhao_Central,2024-04-07,24.474999999999998,30.1,19.6,0.5,4.91,0.3874166666666667,247.70833333333334,0.2398491888575557,152.4,266.20000000000005,365.6,9.474999999999998,296.16666666666663,0.2398491888575557
RP_Talhao_Central,2024-04-08,24.495833333333334,29.8,20.4,0.0,3.5,0.38195833333333334,168.95833333333334,0.2398491888575557,129.6,265.20000000000005,360.3,9.495833333333334,294.8458333333333,0.2398491888575557
RP_Talhao_Central,2024-04-09,23.479166666666668,27.7,20.4,7.0,3.55,0.38279166666666664,199.79166666666666,0.2398491888575557,132.4,271.8,359.9,8.479166666666668,293.175,0.2398491888575557
RP_Talhao_Central,2024-04-10,23.933333333333334,29.3,19.1,0.5,4.11,0.38445833333333335,240.08333333333334,0.2398491888575557,132.70000000000002,272.3,359.0,8.933333333333334,291.2416666666667,0.2398491888575557
RP_Talhao_Central,2024-04-11,24.266666666666666,29.6,20.2,1.0,3.8000000000000003,0.3832083333333334,212.45833333333334,0.2398491888575557,133.0,270.70000000000005,345.7,9.266666666666666,289.17083333333335,0.2398491888575557
RP_Talhao_Central,2024-04-12,24.34583333333333,29.5,21.1,0.4,3.82,0.38279166666666664,205.66666666666666,0.2398491888575557,133.10000000000002,270.1,343.09999999999997,9.345833333333331,286.10833333333335,0.2398491888575557
RP_Talhao_Central,2024-04-13,24.495833333333334,29.6,20.4,0.1,4.35,0.38837499999999997,236.125,0.2398491888575557,133.20000000000002,270.1,338.4,9.495833333333334,283.02916666666664,0.2398491888575557
RP_Talhao_Central,2024-04-14,24.304166666666664,28.3,21.8,0.4,2.86,0.384875,137.33333333333334,0.2398491888575557,133.10000000000002,264.1,335.7,9.304166666666664,279.75,0.2398491888575557
RP_Talhao_Central,2024-04-15,25.087500000000002,29.3,21.9,0.0,4.11,0.378125,188.16666666666666,0.2398491888575557,132.3,255.8,335.29999999999995,10.087500000000002,277.075,0.2398491888575557
RP_Talhao_Central,2024-04-16,25.670833333333334,31.4,21.4,0.0,4.47,0.372125,221.08333333333334,0.2398491888575557,125.30000000000001,246.7,335.09999999999997,10.670833333333334,275.24999999999994,0.2398491888575557
RP_Talhao_Central,2024-04-17,24.270833333333332,28.6,20.4,0.1,3.33,0.3690833333333334,178.375,0.2398491888575557,125.10000000000002,243.1,334.6,9.270833333333332,272.5,0.2398491888575557
RP_Talhao_Central,2024-04-18,23.558333333333334,28.3,19.6,1.0,3.31,0.3705,174.75,0.2398491888575557,114.70000000000002,243.7,322.0,8.558333333333334,269.075,0.2398491888575557
RP_Talhao_Central,2024-04-19,22.34583333333333,29.1,16.5,0.0,3.77,0.36883333333333335,209.25,0.2398491888575557,109.10000000000002,240.2,316.4,7.345833333333331,264.9291666666667,0.2398491888575557
RP_Talhao_Central,2024-04-20,22.7625,28.8,17.9,0.0,4.41,0.3652916666666666,245.75,0.2398491888575557,104.00000000000001,227.8,310.2,7.762499999999999,261.325,0.2398491888575557
RP_Talhao_Central,2024-04-21,22.004166666666666,28.7,16.6,0.0,4.49,0.3675833333333333,250.125,0.2398491888575557,98.80000000000001,204.4,310.2,7.004166666666666,258.6375,0.2398491888575557
RP_Talhao_Central,2024-04-22,22.233333333333334,28.9,16.1,0.0,4.29,0.36824999999999997,238.79166666666666,0.2398491888575557,96.40000000000002,203.7,299.2,7.233333333333334,259.2916666666667,0.2398491888575557
RP_Talhao_Central,2024-04-23,22.375,29.6,16.0,0.0,4.45,0.37070833333333336,240.83333333333334,0.2398491888575557,94.90000000000002,203.3,298.7,7.375,259.9166666666667,0.2398491888575557
RP_Talhao_Central,2024-04-24,23.3875,30.4,16.7,0.0,4.37,0.3718333333333333,231.83333333333334,0.2398491888575557,88.20000000000002,202.7,297.8,8.3875,260.5083333333333,0.2398491888575557
RP_Talhao_Central,2024-04-25,24.233333333333334,30.7,18.5,0.0,4.58,0.37375,234.58333333333334,0.2398491888575557,53.600000000000016,202.5,297.8,9.233333333333334,263.1166666666667,0.2398491888575557
RP_Talhao_Central,2024-04-26,24.45,30.6,19.5,0.0,4.41,0.37079166666666663,221.125,0.2398491888575557,33.100000000000016,202.2,297.8,9.45,266.6875,0.2398491888575557
RP_Talhao_Central,2024-04-27,24.508333333333336,30.7,20.1,0.0,4.1899999999999995,0.36904166666666666,223.25,0.2398491888575557,22.400000000000013,201.8,288.1,9.508333333333336,269.15,0.2398491888575557
RP_Talhao_Central,2024-04-28,24.150000000000002,30.8,18.1,0.0,4.14,0.37037499999999995,223.33333333333334,0.2398491888575557,20.200000000000017,200.0,288.0,9.150000000000002,270.0333333333333,0.2398491888575557
RP_Talhao_Central,2024-04-29,24.525000000000002,30.9,19.2,0.0,4.44,0.369,222.375,0.2398491888575557,16.80000000000001,199.9,287.5,9.525000000000002,271.35,0.2398491888575557
RP_Talhao_Central,2024-04-30,23.995833333333334,30.6,18.6,0.0,4.31,0.3619583333333333,231.29166666666666,0.2398491888575557,16.100000000000016,198.7,286.3,8.995833333333334,271.3833333333333,0.2398491888575557
RP_Talhao_Central,2024-05-01,24.191666666666666,31.1,18.4,0.0,4.39,0.35483333333333333,230.5,0.2425725066587306,15.500000000000014,198.7,283.9,9.191666666666666,271.65833333333336,0.2425725066587306
RP_Talhao_Central,2024-05-02,24.3,31.2,18.4,0.0,4.53,0.34841666666666665,228.25,0.2425725066587306,11.200000000000014,198.7,283.9,9.3,272.3541666666667,0.2425725066587306
RP_Talhao_Central,2024-05-03,24.425,31.6,18.4,0.0,4.23,0.3405,222.5,0.2425725066587306,11.200000000000014,193.1,283.5,9.425,272.29583333333335,0.2425725066587306
RP_Talhao_Central,2024-05-04,24.525000000000002,31.6,18.3,0.0,4.89,0.33479166666666665,228.16666666666666,0.2425725066587306,11.100000000000014,181.2,279.2,9.525000000000002,271.2625,0.2425725066587306
RP_Talhao_Central,2024-05-05,23.22083333333333,30.1,17.9,0.0,4.82,0.32995833333333335,229.875,0.2425725066587306,11.100000000000014,165.7,279.1,8.220833333333331,269.19166666666666,0.2425725066587306
RP_Talhao_Central,2024-05-06,23.820833333333336,30.4,18.9,0.0,4.71,0.3252916666666667,224.04166666666666,0.2425725066587306,11.000000000000014,164.5,278.1,8.820833333333336,267.83750000000003,0.2425725066587306
RP_Talhao_Central,2024-05-07,24.545833333333334,30.6,19.1,0.0,4.35,0.3214166666666667,213.95833333333334,0.2425725066587306,10.500000000000014,162.9,276.7,9.545833333333334,267.9083333333333,0.2425725066587306
RP_Talhao_Central,2024-05-08,24.070833333333336,30.3,18.8,0.0,4.29,0.31845833333333334,220.29166666666666,0.2425725066587306,10.500000000000014,140.1,275.7,9.070833333333336,267.48333333333335,0.2425725066587306
RP_Talhao_Central,2024-05-09,23.1125,30.0,16.8,0.0,4.15,0.31420833333333337,217.33333333333334,0.2425725066587306,3.500000000000014,135.9,275.3,8.1125,267.1166666666667,0.2425725066587306
RP_Talhao_Central,2024-05-10,23.104166666666668,30.1,17.2,0.0,4.25,0.31083333333333335,218.70833333333334,0.2425725066587306,3.000000000000014,135.7,275.3,8.104166666666668,266.2875,0.2425725066587306
RP_Talhao_Central,2024-05-11,23.900000000000002,30.5,17.1,0.0,4.16,0.3080833333333333,214.66666666666666,0.2425725066587306,2.000000000000014,135.0,272.7,8.900000000000002,265.92083333333335,0.2425725066587306
RP_Talhao_Central,2024-05-12,23.629166666666666,30.2,18.0,0.0,4.31,0.3055,215.33333333333334,0.2425725066587306,1.6000000000000143,134.7,271.7,8.629166666666666,265.2041666666667,0.2425725066587306
RP_Talhao_Central,2024-05-13,23.3625,30.4,17.6,0.0,4.61,0.30304166666666665,217.5,0.2425725066587306,1.5000000000000142,134.7,271.6,8.3625,264.0708333333333,0.2425725066587306
RP_Talhao_Central,2024-05-14,23.329166666666666,30.3,15.8,0.0,4.18,0.3009583333333333,199.04166666666666,0.2425725066587306,1.1000000000000143,134.2,265.2,8.329166666666666,263.09583333333336,0.2425725066587306
RP_Talhao_Central,2024-05-15,22.704166666666666,28.9,17.2,0.0,3.49,0.29983333333333334,197.70833333333334,0.2425725066587306,1.1000000000000143,133.4,256.9,7.704166666666666,260.71250000000003,0.2425725066587306
RP_Talhao_Central,2024-05-16,24.27916666666667,31.7,18.0,0.0,4.27,0.298875,201.83333333333334,0.2425725066587306,1.1000000000000143,126.4,247.8,9.279166666666669,259.3208333333333,0.2425725066587306
RP_Talhao_Central,2024-05-17,25.037499999999998,31.0,18.2,0.0,4.12,0.2955,208.20833333333334,0.2425725066587306,1.0000000000000142,126.10000000000001,244.1,10.037499999999998,260.08750000000003,0.2425725066587306
RP_Talhao_Central,2024-05-18,23.520833333333332,30.8,16.4,0.0,3.99,0.2935833333333333,207.0,0.2425725066587306,0.0,114.70000000000002,243.7,8.520833333333332,260.05,0.2425725066587306
RP_Talhao_Central,2024-05-19,22.912499999999998,30.2,16.2,0.0,3.58,0.2925,187.08333333333334,0.2425725066587306,0.0,109.10000000000001,240.2,7.912499999999998,260.6166666666667,0.2425725066587306
RP_Talhao_Central,2024-05-20,22.9875,29.5,16.7,0.0,3.5300000000000002,0.29112499999999997,189.33333333333334,0.2425725066587306,0.0,104.00000000000001,227.8,7.987500000000001,260.8416666666667,0.2425725066587306
RP_Talhao_Central,2024-05-21,23.395833333333332,29.8,18.0,0.0,4.45,0.2896666666666667,203.70833333333334,0.2425725066587306,0.0,98.80000000000001,204.4,8.395833333333332,262.23333333333335,0.2425725066587306
RP_Talhao_Central,2024-05-22,23.070833333333336,29.3,18.2,0.0,4.38,0.28904166666666664,204.625,0.2425725066587306,0.0,96.4,203.7,8.070833333333336,263.0708333333334,0.2425725066587306
RP_Talhao_Central,2024-05-23,22.608333333333334,29.5,16.5,0.0,4.4,0.2877083333333333,206.375,0.2425725066587306,0.0,94.9,203.3,7.608333333333334,263.3041666666667,0.2425725066587306
RP_Talhao_Central,2024-05-24,23.0625,29.4,17.2,0.0,3.94,0.28675,173.95833333333334,0.2425725066587306,0.0,88.20000000000002,202.7,8.0625,262.9791666666667,0.2425725066587306
RP_Talhao_Central,2024-05-25,21.020833333333332,26.3,16.6,5.6,2.59,0.28225,148.54166666666666,0.2425725066587306,5.600000000000014,59.2,208.1,6.020833333333332,259.7666666666667,0.2425725066587306
RP_Talhao_Central,2024-05-26,19.854166666666668,23.7,16.9,4.2,1.98,0.28720833333333334,108.70833333333333,0.2425725066587306,9.800000000000015,42.900000000000006,212.0,4.854166666666668,255.17083333333335,0.2425725066587306
RP_Talhao_Central,2024-05-27,21.462500000000002,28.1,17.2,0.30000000000000004,3.05,0.29691666666666666,167.54166666666666,0.2425725066587306,10.100000000000014,32.50000000000001,211.9,6.462500000000002,252.12500000000003,0.2425725066587306
RP_Talhao_Central,2024-05-28,19.295833333333334,22.1,14.6,0.4,1.69,0.300625,80.45833333333333,0.2425725066587306,10.500000000000014,30.700000000000006,210.5,4.295833333333334,247.27083333333334,0.2425725066587306
RP_Talhao_Central,2024-05-29,16.6125,21.5,13.2,0.0,2.2,0.30491666666666667,146.33333333333334,0.2425725066587306,10.500000000000014,27.300000000000004,210.4,1.6125000000000007,239.35833333333335,0.2425725066587306
RP_Talhao_Central,2024-05-30,15.8125,23.2,9.6,0.0,3.39,0.305125,205.04166666666666,0.2425725066587306,10.500000000000014,26.600000000000005,209.2,0.8125,231.175,0.2425725066587306
RP_Talhao_Central,2024-05-31,16.629166666666666,24.9,9.8,0.0,3.67,0.30745833333333333,203.875,0.2425725066587306,10.500000000000014,26.000000000000004,209.2,1.6291666666666664,223.6125,0.2425725066587306
RP_Talhao_Central,2024-06-01,18.4875,25.9,13.2,0.0,3.98,0.30254166666666665,200.70833333333334,0.2258664533998439,10.500000000000014,21.700000000000006,209.2,3.4875000000000007,217.8,0.2258664533998439
RP_Talhao_Central,2024-06-02,20.354166666666668,27.5,14.3,0.0,3.83,0.3002916666666667,179.79166666666666,0.2258664533998439,10.500000000000014,21.700000000000006,203.6,5.354166666666668,213.72916666666669,0.2258664533998439
RP_Talhao_Central,2024-06-03,21.287499999999998,27.2,16.5,0.0,3.41,0.300125,176.79166666666666,0.2258664533998439,10.500000000000014,21.600000000000005,191.7,6.287499999999998,210.49166666666667,0.2258664533998439
RP_Talhao_Central,2024-06-04,20.845833333333335,26.9,15.4,0.0,3.96,0.29983333333333334,191.08333333333334,0.2258664533998439,10.500000000000014,21.600000000000005,176.2,5.845833333333335,208.11666666666667,0.2258664533998439
RP_Talhao_Central,2024-06-05,20.587500000000002,27.3,15.6,0.0,3.92,0.29991666666666666,194.70833333333334,0.2258664533998439,10.500000000000014,21.500000000000007,175.0,5.587500000000002,204.88333333333335,0.2258664533998439
RP_Talhao_Central,2024-06-06,20.458333333333332,27.3,14.8,0.0,3.65,0.30316666666666664,192.375,0.2258664533998439,10.500000000000014,21.000000000000007,173.4,5.458333333333332,200.79583333333335,0.2258664533998439
RP_Talhao_Central,2024-06-07,20.575,27.3,14.6,0.0,3.68,0.305125,192.125,0.2258664533998439,10.500000000000014,21.000000000000007,150.6,5.574999999999999,197.3,0.2258664533998439
RP_Talhao_Central,2024-06-08,20.383333333333333,27.8,14.2,0.0,3.66,0.30441666666666667,192.66666666666666,0.2258664533998439,10.500000000000014,14.000000000000007,146.4,5.383333333333333,194.57083333333333,0.2258664533998439
RP_Talhao_Central,2024-06-09,20.770833333333332,28.1,14.8,0.0,3.46,0.3062916666666667,193.04166666666666,0.2258664533998439,10.500000000000014,13.500000000000007,146.2,5.770833333333332,192.2375,0.2258664533998439
RP_Talhao_Central,2024-06-10,20.349999999999998,27.8,13.9,0.0,3.46,0.304125,194.79166666666666,0.2258664533998439,10.500000000000014,12.500000000000007,145.5,5.349999999999998,188.6875,0.2258664533998439
RP_Talhao_Central,2024-06-11,20.720833333333335,28.3,13.8,0.0,3.68,0.3040833333333333,194.375,0.2258664533998439,10.500000000000014,12.100000000000007,145.2,5.720833333333335,185.77916666666667,0.2258664533998439
RP_Talhao_Central,2024-06-12,20.695833333333333,28.2,15.0,0.0,4.19,0.30541666666666667,195.375,0.2258664533998439,10.500000000000014,12.000000000000007,145.2,5.695833333333333,183.11249999999998,0.2258664533998439
RP_Talhao_Central,2024-06-13,19.908333333333335,27.3,13.5,0.0,4.0,0.30920833333333336,195.125,0.2258664533998439,10.500000000000014,11.600000000000007,144.7,4.908333333333335,179.69166666666666,0.2258664533998439
RP_Talhao_Central,2024-06-14,20.866666666666667,28.1,15.5,0.0,4.11,0.30695833333333333,193.375,0.2258664533998439,10.500000000000014,11.600000000000007,143.9,5.866666666666667,177.85416666666666,0.2258664533998439
RP_Talhao_Central,2024-06-15,21.375,28.4,16.2,0.0,3.57,0.3035833333333333,188.875,0.2258664533998439,10.500000000000014,11.600000000000007,136.9,6.375,174.95,0.2258664533998439
RP_Talhao_Central,2024-06-16,20.925,28.0,15.9,0.0,3.82,0.3010833333333333,190.66666666666666,0.2258664533998439,10.500000000000014,11.500000000000007,136.6,5.925000000000001,170.8375,0.2258664533998439
RP_Talhao_Central,2024-06-17,20.0,27.0,13.5,0.0,3.73,0.2999583333333333,193.58333333333334,0.2258664533998439,10.500000000000014,10.500000000000007,125.2,5.0,167.31666666666666,0.2258664533998439
RP_Talhao_Central,2024-06-18,19.400000000000002,26.8,12.6,0.0,3.53,0.2984583333333333,193.29166666666666,0.2258664533998439,10.500000000000014,10.500000000000007,119.6,4.400000000000002,163.80416666666667,0.2258664533998439
RP_Talhao_Central,2024-06-19,20.579166666666666,28.2,14.1,0.0,4.0,0.29654166666666665,195.0,0.2258664533998439,10.500000000000014,10.500000000000007,114.5,5.579166666666666,161.39583333333334,0.2258664533998439
RP_Talhao_Central,2024-06-20,19.779166666666665,27.6,13.5,0.0,4.11,0.2954583333333333,194.58333333333334,0.2258664533998439,10.500000000000014,10.500000000000007,109.3,4.779166666666665,157.77916666666667,0.2258664533998439
RP_Talhao_Central,2024-06-21,20.104166666666668,27.3,14.2,0.0,4.15,0.29320833333333335,192.91666666666666,0.2258664533998439,10.500000000000014,10.500000000000007,106.89999999999999,5.104166666666668,154.8125,0.2258664533998439
RP_Talhao_Central,2024-06-22,21.8125,28.6,16.3,0.0,4.13,0.2920833333333333,171.75,0.2258664533998439,10.500000000000014,10.500000000000007,105.39999999999999,6.8125,154.01666666666665,0.2258664533998439
RP_Talhao_Central,2024-06-23,22.420833333333334,29.3,16.2,0.0,3.67,0.29066666666666663,175.91666666666666,0.2258664533998439,10.500000000000014,10.500000000000007,98.7,7.420833333333334,153.375,0.2258664533998439
RP_Talhao_Central,2024-06-24,21.958333333333332,29.6,15.1,0.0,4.0200000000000005,0.2896666666666667,187.95833333333334,0.2258664533998439,4.900000000000015,10.500000000000007,64.1,6.958333333333332,154.31250000000003,0.2258664533998439
RP_Talhao_Central,2024-06-25,22.183333333333334,29.9,15.0,0.0,3.16,0.2891666666666666,165.58333333333334,0.2258664533998439,0.7000000000000143,10.500000000000007,43.6,7.183333333333334,156.64166666666665,0.2258664533998439
RP_Talhao_Central,2024-06-26,22.462500000000002,29.6,16.1,0.0,4.14,0.28920833333333335,187.08333333333334,0.2258664533998439,0.40000000000001423,10.500000000000007,32.900000000000006,7.462500000000002,157.64166666666665,0.2258664533998439
RP_Talhao_Central,2024-06-27,22.958333333333332,28.5,16.1,0.0,3.38,0.2875,169.70833333333334,0.2258664533998439,0.0,10.500000000000007,30.7,7.958333333333332,161.30416666666667,0.2258664533998439
RP_Talhao_Central,2024-06-28,22.5,29.3,15.4,0.0,3.92,0.2866666666666666,168.08333333333334,0.2258664533998439,0.0,10.500000000000007,27.299999999999997,7.5,167.19166666666666,0.2258664533998439
RP_Talhao_Central,2024-06-29,23.09166666666667,29.1,17.4,0.0,3.56,0.286,157.66666666666666,0.2258664533998439,0.0,10.500000000000007,26.599999999999998,8.091666666666669,174.47083333333333,0.2258664533998439
RP_Talhao_Central,2024-06-30,21.220833333333335,27.9,16.0,0.2,3.48,0.28554166666666664,170.5,0.2258664533998439,0.20000000000001422,10.700000000000006,26.2,6.220833333333335,179.0625,0.2258664533998439
RP_Talhao_Central,2024-07-01,18.145833333333332,21.6,14.8,1.0,2.08,0.2824166666666667,107.20833333333333,0.2103670109372478,1.2000000000000142,11.700000000000006,22.900000000000002,3.145833333333332,178.72083333333333,0.2103670109372478
RP_Talhao_Central,2024-07-02,19.754166666666666,28.3,13.5,0.0,3.18,0.285,186.91666666666666,0.2103670109372478,1.2000000000000142,11.700000000000006,22.900000000000002,4.754166666666666,178.12083333333334,0.2103670109372478
RP_Talhao_Central,2024-07-03,20.733333333333334,28.0,13.9,0.0,3.42,0.29324999999999996,172.58333333333334,0.2103670109372478,1.2000000000000142,11.700000000000006,22.8,5.733333333333334,177.56666666666666,0.2103670109372478
RP_Talhao_Central,2024-07-04,21.224999999999998,28.1,13.5,0.0,3.6300000000000003,0.290875,187.20833333333334,0.2103670109372478,1.2000000000000142,11.700000000000006,22.8,6.224999999999998,177.94583333333333,0.2103670109372478
RP_Talhao_Central,2024-07-05,21.224999999999998,28.2,15.1,0.0,3.67,0.28891666666666665,174.70833333333334,0.2103670109372478,1.2000000000000142,11.700000000000006,22.700000000000003,6.224999999999998,178.58333333333334,0.2103670109372478
RP_Talhao_Central,2024-07-06,20.908333333333335,28.3,14.7,0.0,3.98,0.29091666666666666,190.45833333333334,0.2103670109372478,1.2000000000000142,11.700000000000006,22.200000000000003,5.908333333333335,179.03333333333333,0.2103670109372478
RP_Talhao_Central,2024-07-07,22.070833333333336,29.3,14.9,0.0,3.97,0.2875,178.33333333333334,0.2103670109372478,1.2000000000000142,11.700000000000006,22.200000000000003,7.070833333333336,180.52916666666667,0.2103670109372478
RP_Talhao_Central,2024-07-08,21.729166666666668,29.0,14.7,0.0,3.8,0.2866666666666666,188.75,0.2103670109372478,1.2000000000000142,11.700000000000006,15.2,6.729166666666668,181.875,0.2103670109372478
RP_Talhao_Central,2024-07-09,20.724999999999998,27.5,15.6,0.0,3.17,0.286,164.95833333333334,0.2103670109372478,1.2000000000000142,11.700000000000006,14.7,5.724999999999998,181.82916666666668,0.2103670109372478
RP_Talhao_Central,2024-07-10,20.479166666666668,27.3,15.1,0.4,3.19,0.28591666666666665,179.20833333333334,0.2103670109372478,1.6000000000000143,12.100000000000007,14.1,5.479166666666668,181.95833333333334,0.2103670109372478
RP_Talhao_Central,2024-07-11,22.858333333333334,31.2,16.6,0.0,3.81,0.28533333333333327,177.41666666666666,0.2103670109372478,1.6000000000000143,12.100000000000007,13.7,7.858333333333334,184.09583333333336,0.2103670109372478
RP_Talhao_Central,2024-07-12,22.59583333333333,29.7,16.0,0.0,3.98,0.285,192.16666666666666,0.2103670109372478,1.6000000000000143,12.100000000000007,13.6,7.595833333333331,185.99583333333334,0.2103670109372478
RP_Talhao_Central,2024-07-13,21.429166666666664,27.3,16.9,0.0,4.06,0.2844583333333333,193.25,0.2103670109372478,1.6000000000000143,12.100000000000007,13.2,6.429166666666664,187.51666666666665,0.2103670109372478
RP_Talhao_Central,2024-07-14,20.6375,27.6,15.2,0.0,3.96,0.284,197.125,0.2103670109372478,1.6000000000000143,12.100000000000007,13.2,5.637499999999999,187.28750000000002,0.2103670109372478
RP_Talhao_Central,2024-07-15,20.05,26.7,13.4,0.0,3.76,0.2835833333333333,195.16666666666666,0.2103670109372478,1.6000000000000143,12.100000000000007,13.2,5.050000000000001,185.9625,0.2103670109372478
RP_Talhao_Central,2024-07-16,20.179166666666667,27.2,14.1,0.0,4.13,0.283,198.79166666666666,0.2103670109372478,1.6000000000000143,12.100000000000007,13.1,5.179166666666667,185.21666666666667,0.2103670109372478
RP_Talhao_Central,2024-07-17,19.8875,27.4,14.2,0.0,3.66,0.283,199.54166666666666,0.2103670109372478,1.6000000000000143,12.100000000000007,12.1,4.887499999999999,185.10416666666666,0.2103670109372478
RP_Talhao_Central,2024-07-18,20.166666666666668,27.4,14.2,0.0,4.09,0.28254166666666664,203.70833333333334,0.2103670109372478,1.6000000000000143,12.100000000000007,12.1,5.166666666666668,185.87083333333334,0.2103670109372478
RP_Talhao_Central,2024-07-19,20.129166666666666,27.8,13.1,0.0,4.29,0.282,207.5,0.2103670109372478,1.6000000000000143,12.100000000000007,12.1,5.129166666666666,185.42083333333335,0.2103670109372478
RP_Talhao_Central,2024-07-20,19.995833333333334,27.9,12.7,0.0,4.2,0.282,206.79166666666666,0.2103670109372478,1.6000000000000143,12.100000000000007,12.1,4.995833333333334,185.63750000000002,0.2103670109372478
RP_Talhao_Central,2024-07-21,20.087500000000002,27.6,13.6,0.0,4.26,0.2816666666666667,208.29166666666666,0.2103670109372478,1.6000000000000143,12.100000000000007,12.1,5.087500000000002,185.62083333333334,0.2103670109372478
RP_Talhao_Central,2024-07-22,19.883333333333333,28.1,12.2,0.0,3.9699999999999998,0.281,208.41666666666666,0.2103670109372478,1.6000000000000143,12.100000000000007,12.1,4.883333333333333,183.6916666666667,0.2103670109372478
RP_Talhao_Central,2024-07-23,20.441666666666666,28.2,13.2,0.0,4.71,0.281,209.75,0.2103670109372478,1.6000000000000143,12.100000000000007,12.1,5.441666666666666,181.7125,0.2103670109372478
RP_Talhao_Central,2024-07-24,20.175,27.8,14.4,0.0,4.58,0.281,209.66666666666666,0.2103670109372478,1.6000000000000143,6.500000000000007,12.1,5.175000000000001,179.92916666666667,0.2103670109372478
RP_Talhao_Central,2024-07-25,19.7,27.7,12.8,0.0,4.0600000000000005,0.281,209.20833333333334,0.2103670109372478,1.6000000000000143,2.3000000000000074,12.1,4.699999999999999,177.44583333333333,0.2103670109372478
RP_Talhao_Central,2024-07-26,19.8125,27.4,13.1,0.0,4.05,0.28058333333333335,199.0,0.2103670109372478,1.6000000000000143,2.000000000000007,12.1,4.8125,174.79583333333335,0.2103670109372478
RP_Talhao_Central,2024-07-27,21.104166666666668,29.5,13.3,0.0,4.36,0.28,200.33333333333334,0.2103670109372478,1.6000000000000143,1.6000000000000072,12.1,6.104166666666668,172.94166666666666,0.2103670109372478
RP_Talhao_Central,2024-07-28,22.391666666666666,30.7,15.5,0.0,4.38,0.28,207.04166666666666,0.2103670109372478,1.6000000000000143,1.6000000000000072,12.1,7.391666666666666,172.83333333333334,0.2103670109372478
RP_Talhao_Central,2024-07-29,23.604166666666668,31.4,16.3,0.0,4.67,0.28,200.33333333333334,0.2103670109372478,1.6000000000000143,1.6000000000000072,12.1,8.604166666666668,173.34583333333333,0.2103670109372478
RP_Talhao_Central,2024-07-30,20.458333333333332,26.5,15.8,0.0,4.06,0.28,179.125,0.2103670109372478,1.4000000000000141,1.6000000000000072,12.1,5.458333333333332,172.58333333333334,0.2103670109372478
RP_Talhao_Central,2024-07-31,21.333333333333332,28.4,15.8,0.0,4.38,0.28,196.79166666666666,0.2103670109372478,0.40000000000001423,1.6000000000000072,12.1,6.333333333333332,175.77083333333331,0.2103670109372478
RP_Talhao_Central,2024-08-01,22.1125,29.5,16.5,0.0,5.08,0.28,209.45833333333334,0.1890289407124534,0.40000000000001423,1.6000000000000072,12.1,7.112500000000001,178.12916666666666,0.1890289407124534
RP_Talhao_Central,2024-08-02,22.40416666666667,29.3,16.5,0.0,5.12,0.28,190.54166666666666,0.1890289407124534,0.40000000000001423,1.6000000000000072,12.1,7.404166666666669,179.8,0.1890289407124534
RP_Talhao_Central,2024-08-03,22.829166666666666,29.4,17.3,0.0,5.14,0.2797083333333334,189.83333333333334,0.1890289407124534,0.40000000000001423,1.6000000000000072,12.1,7.829166666666666,181.40416666666664,0.1890289407124534
RP_Talhao_Central,2024-08-04,22.95,29.6,17.1,0.0,4.24,0.279,176.95833333333334,0.1890289407124534,0.40000000000001423,1.6000000000000072,12.1,7.949999999999999,183.12916666666666,0.1890289407124534
RP_Talhao_Central,2024-08-05,23.108333333333334,29.9,17.4,0.0,4.72,0.279,217.375,0.1890289407124534,0.40000000000001423,1.6000000000000072,12.1,8.108333333333334,185.32916666666665,0.1890289407124534
RP_Talhao_Central,2024-08-06,23.233333333333334,29.9,17.4,0.0,5.08,0.279,218.25,0.1890289407124534,0.40000000000001423,1.6000000000000072,12.1,8.233333333333334,186.49166666666667,0.1890289407124534
RP_Talhao_Central,2024-08-07,23.370833333333334,29.6,18.0,0.0,5.17,0.279,220.83333333333334,0.1890289407124534,0.40000000000001423,1.6000000000000072,12.1,8.370833333333334,188.13333333333333,0.1890289407124534
RP_Talhao_Central,2024-08-08,24.90416666666667,31.6,16.0,0.0,4.89,0.279,196.41666666666666,0.1890289407124534,0.40000000000001423,1.6000000000000072,12.1,9.904166666666669,192.3125,0.1890289407124534
RP_Talhao_Central,2024-08-09,22.1875,25.9,17.6,1.7999999999999998,3.33,0.279,128.04166666666666,0.1890289407124534,1.800000000000014,3.400000000000007,13.9,7.1875,194.02083333333334,0.1890289407124534
RP_Talhao_Central,2024-08-10,14.629166666666668,18.5,10.5,4.3,2.0300000000000002,0.279,130.70833333333334,0.1890289407124534,6.100000000000014,7.700000000000006,18.2,0.0,186.16250000000002,0.1890289407124534
RP_Talhao_Central,2024-08-11,13.954166666666666,22.9,6.8,0.0,3.53,0.279,233.5,0.1890289407124534,6.100000000000014,7.700000000000007,18.2,0.0,178.56666666666666,0.1890289407124534
RP_Talhao_Central,2024-08-12,15.633333333333333,23.9,8.2,0.0,4.0600000000000005,0.279,218.125,0.1890289407124534,6.100000000000014,7.700000000000007,18.2,0.6333333333333329,172.77083333333334,0.1890289407124534
RP_Talhao_Central,2024-08-13,16.108333333333334,24.5,8.8,0.0,4.45,0.279125,235.29166666666666,0.1890289407124534,6.100000000000014,7.700000000000007,18.2,1.1083333333333343,168.24166666666667,0.1890289407124534
RP_Talhao_Central,2024-08-14,19.525000000000002,29.9,11.3,0.0,4.66,0.279,232.08333333333334,0.1890289407124534,6.100000000000014,7.700000000000007,18.2,4.525000000000002,167.71666666666667,0.1890289407124534
RP_Talhao_Central,2024-08-15,22.791666666666668,31.9,14.9,0.0,4.6899999999999995,0.279,226.375,0.1890289407124534,6.100000000000014,7.700000000000007,18.2,7.791666666666668,170.32916666666668,0.1890289407124534
RP_Talhao_Central,2024-08-16,24.370833333333334,33.1,16.5,0.0,4.69,0.279,228.125,0.1890289407124534,6.100000000000014,7.700000000000007,18.2,9.370833333333334,174.81250000000003,0.1890289407124534
RP_Talhao_Central,2024-08-17,24.7625,33.4,16.8,0.0,5.34,0.279,231.91666666666666,0.1890289407124534,6.100000000000014,7.700000000000007,18.2,9.7625,179.40833333333333,0.1890289407124534
RP_Talhao_Central,2024-08-18,24.754166666666666,33.5,16.0,0.0,5.58,0.279,235.29166666666666,0.1890289407124534,6.100000000000014,7.700000000000007,18.2,9.754166666666666,184.03333333333333,0.1890289407124534
RP_Talhao_Central,2024-08-19,24.891666666666666,33.4,16.1,0.0,5.13,0.279,235.58333333333334,0.1890289407124534,6.100000000000014,7.700000000000007,18.2,9.891666666666666,188.92916666666667,0.1890289407124534
RP_Talhao_Central,2024-08-20,24.495833333333334,33.5,15.4,0.0,5.38,0.279,235.20833333333334,0.1890289407124534,6.100000000000014,7.700000000000007,18.2,9.495833333333334,193.33750000000003,0.1890289407124534
RP_Talhao_Central,2024-08-21,24.875,33.1,17.4,0.0,5.9799999999999995,0.279,237.79166666666666,0.1890289407124534,6.100000000000014,7.700000000000007,18.2,9.875,198.32916666666665,0.1890289407124534
RP_Talhao_Central,2024-08-22,24.625,33.5,16.7,0.0,6.06,0.279,241.875,0.1890289407124534,6.100000000000014,7.700000000000007,18.2,9.625,202.5125,0.1890289407124534
RP_Talhao_Central,2024-08-23,25.775000000000002,34.8,17.7,0.0,6.54,0.279,238.625,0.1890289407124534,6.100000000000014,7.700000000000007,12.6,10.775000000000002,208.11249999999998,0.1890289407124534
RP_Talhao_Central,2024-08-24,25.254166666666666,34.7,17.4,0.0,6.85,0.279,231.16666666666666,0.1890289407124534,6.100000000000014,7.700000000000007,8.399999999999999,10.254166666666666,213.66666666666669,0.1890289407124534
RP_Talhao_Central,2024-08-25,17.599999999999998,19.9,12.2,10.0,1.02,0.279,50.75,0.1890289407124534,16.100000000000016,17.700000000000006,18.1,2.599999999999998,211.45416666666668,0.1890289407124534
RP_Talhao_Central,2024-08-26,16.095833333333335,22.5,11.9,0.8,3.4,0.279,192.04166666666666,0.1890289407124534,16.900000000000013,18.500000000000007,18.5,1.095833333333335,206.44583333333335,0.1890289407124534
RP_Talhao_Central,2024-08-27,17.900000000000002,27.8,8.9,0.0,4.95,0.279,248.0,0.1890289407124534,16.900000000000013,18.500000000000007,18.5,2.900000000000002,201.95416666666668,0.1890289407124534
RP_Talhao_Central,2024-08-28,22.241666666666664,31.3,14.4,0.0,5.63,0.279,239.29166666666666,0.1890289407124534,16.900000000000013,18.500000000000007,18.5,7.241666666666664,200.59166666666667,0.1890289407124534
RP_Talhao_Central,2024-08-29,23.820833333333336,31.5,17.8,0.0,5.72,0.279,241.75,0.1890289407124534,16.900000000000013,18.300000000000008,18.5,8.820833333333336,203.95416666666668,0.1890289407124534
RP_Talhao_Central,2024-08-30,23.3125,31.2,16.9,0.0,5.68,0.279,246.33333333333334,0.1890289407124534,16.900000000000013,17.300000000000008,18.5,8.3125,205.93333333333337,0.1890289407124534
RP_Talhao_Central,2024-08-31,23.075,32.1,14.4,0.0,5.42,0.279,249.95833333333334,0.1890289407124534,16.900000000000013,17.300000000000008,18.5,8.075,206.89583333333334,0.1890289407124534
RP_Talhao_Central,2024-09-01,24.458333333333332,33.7,14.0,0.0,5.6899999999999995,0.279,251.29166666666666,0.162066400828147,16.900000000000013,17.300000000000008,18.5,9.458333333333332,208.95000000000002,0.162066400828147
RP_Talhao_Central,2024-09-02,24.7625,33.9,15.4,0.0,5.5,0.279,249.29166666666666,0.162066400828147,16.900000000000013,17.300000000000008,18.5,9.7625,210.88333333333333,0.162066400828147
RP_Talhao_Central,2024-09-03,25.379166666666666,35.1,16.2,0.0,5.49,0.279,250.875,0.162066400828147,16.900000000000013,17.300000000000008,18.5,10.379166666666666,213.3125,0.162066400828147
RP_Talhao_Central,2024-09-04,27.254166666666666,36.1,19.4,0.0,6.53,0.279,246.95833333333334,0.162066400828147,16.900000000000013,17.300000000000008,18.5,12.254166666666666,217.45833333333334,0.162066400828147
RP_Talhao_Central,2024-09-05,27.462500000000002,36.6,19.0,0.0,6.73,0.279,248.16666666666666,0.162066400828147,16.900000000000013,17.300000000000008,18.5,12.462500000000002,221.6875,0.162066400828147
RP_Talhao_Central,2024-09-06,25.629166666666666,35.6,16.8,0.0,5.65,0.279,248.41666666666666,0.162066400828147,16.900000000000013,17.300000000000008,18.5,10.629166666666666,223.94583333333333,0.162066400828147
RP_Talhao_Central,2024-09-07,27.879166666666666,35.7,21.1,0.0,6.44,0.279,229.66666666666666,0.162066400828147,16.900000000000013,17.300000000000008,18.5,12.879166666666666,226.92083333333332,0.162066400828147
RP_Talhao_Central,2024-09-08,27.712500000000002,36.4,20.1,0.0,6.39,0.279,241.79166666666666,0.162066400828147,15.100000000000014,16.900000000000006,18.5,12.712500000000002,232.44583333333333,0.162066400828147
RP_Talhao_Central,2024-09-09,27.020833333333332,34.6,20.1,0.0,6.3,0.279,253.04166666666666,0.162066400828147,10.800000000000015,16.900000000000006,18.5,12.020833333333332,244.46666666666667,0.162066400828147
RP_Talhao_Central,2024-09-10,26.133333333333336,34.2,18.2,0.0,6.12,0.279,256.1666666666667,0.162066400828147,10.800000000000015,16.900000000000006,18.5,11.133333333333336,255.6,0.162066400828147
RP_Talhao_Central,2024-09-11,26.445833333333336,34.9,19.1,0.0,6.36,0.279,248.45833333333334,0.162066400828147,10.800000000000015,16.900000000000006,18.5,11.445833333333336,266.4125,0.162066400828147
RP_Talhao_Central,2024-09-12,26.858333333333334,34.9,18.2,0.0,6.53,0.279,260.2083333333333,0.162066400828147,10.800000000000015,16.900000000000006,18.5,11.858333333333334,277.1625,0.162066400828147
RP_Talhao_Central,2024-09-13,27.433333333333334,35.2,19.7,0.0,6.62,0.279,258.5,0.162066400828147,10.800000000000015,16.900000000000006,18.5,12.433333333333334,285.0708333333333,0.162066400828147
RP_Talhao_Central,2024-09-14,28.020833333333332,36.2,21.1,0.0,5.74,0.279,217.54166666666666,0.162066400828147,10.800000000000015,16.900000000000006,18.5,13.020833333333332,290.3,0.162066400828147
RP_Talhao_Central,2024-09-15,28.304166666666664,36.1,21.5,0.0,6.03,0.279,221.25,0.162066400828147,10.800000000000015,16.900000000000006,18.5,13.304166666666664,294.23333333333335,0.162066400828147
RP_Talhao_Central,2024-09-16,22.070833333333336,25.4,19.0,1.1,2.68,0.279,105.25,0.162066400828147,11.900000000000015,18.000000000000004,19.6,7.070833333333336,291.5416666666667,0.162066400828147
RP_Talhao_Central,2024-09-17,22.945833333333336,31.1,15.6,0.0,5.7700000000000005,0.279,260.4166666666667,0.162066400828147,11.900000000000015,18.000000000000004,19.6,7.945833333333336,289.73333333333335,0.162066400828147
RP_Talhao_Central,2024-09-18,25.412499999999998,33.6,18.4,0.0,6.14,0.278625,250.91666666666666,0.162066400828147,11.900000000000015,18.000000000000004,19.6,10.412499999999998,290.2541666666667,0.162066400828147
RP_Talhao_Central,2024-09-19,28.15833333333333,36.0,21.1,0.0,6.39,0.278,252.875,0.162066400828147,11.900000000000015,18.000000000000004,19.6,13.158333333333331,293.9166666666667,0.162066400828147
RP_Talhao_Central,2024-09-20,29.099999999999998,36.7,22.0,0.0,6.54,0.278,253.79166666666666,0.162066400828147,11.900000000000015,18.000000000000004,19.6,14.099999999999998,298.1416666666667,0.162066400828147
RP_Talhao_Central,2024-09-21,26.65416666666667,32.2,21.3,0.0,4.48,0.278,178.25,0.162066400828147,11.900000000000015,18.000000000000004,19.6,11.654166666666669,300.17083333333335,0.162066400828147
RP_Talhao_Central,2024-09-22,27.96666666666667,35.7,21.0,0.0,5.74,0.278,248.625,0.162066400828147,11.900000000000015,18.000000000000004,19.6,12.966666666666669,302.3625,0.162066400828147
RP_Talhao_Central,2024-09-23,29.1875,37.5,22.0,0.0,6.49,0.278,267.5416666666667,0.162066400828147,11.900000000000015,18.000000000000004,19.6,14.1875,306.29583333333335,0.162066400828147
RP_Talhao_Central,2024-09-24,29.65416666666667,37.3,22.7,0.0,6.62,0.278,260.8333333333333,0.162066400828147,1.9000000000000143,18.000000000000004,19.6,14.654166666666669,318.35,0.162066400828147
RP_Talhao_Central,2024-09-25,29.854166666666668,37.1,23.2,0.0,7.29,0.278,274.1666666666667,0.162066400828147,1.1000000000000143,18.000000000000004,19.6,14.854166666666668,332.10833333333335,0.162066400828147
RP_Talhao_Central,2024-09-26,29.858333333333334,38.4,21.8,0.0,6.78,0.278,268.0,0.162066400828147,1.1000000000000143,18.000000000000004,19.6,14.858333333333334,344.0666666666667,0.162066400828147
RP_Talhao_Central,2024-09-27,28.291666666666668,36.8,23.6,6.1,6.36,0.278,242.33333333333334,0.162066400828147,7.2000000000000135,24.100000000000005,25.700000000000003,13.291666666666668,350.1166666666667,0.162066400828147
RP_Talhao_Central,2024-09-28,26.537499999999998,34.5,18.9,0.0,6.37,0.278,269.0833333333333,0.162066400828147,7.2000000000000135,24.100000000000005,25.5,11.537499999999998,352.83333333333337,0.162066400828147
RP_Talhao_Central,2024-09-29,27.429166666666664,34.6,20.4,0.0,6.73,0.278,270.625,0.162066400828147,7.2000000000000135,24.100000000000005,24.5,12.429166666666664,356.95000000000005,0.162066400828147
RP_Talhao_Central,2024-09-30,28.47083333333333,35.0,22.6,0.0,7.32,0.278,280.5,0.162066400828147,7.2000000000000135,24.100000000000005,24.5,13.470833333333331,362.3458333333333,0.162066400828147
RP_Talhao_Central,2024-10-01,29.2375,36.5,22.2,0.0,6.97,0.278,270.2916666666667,0.175071891006464,7.2000000000000135,24.100000000000005,24.5,14.2375,367.125,0.175071891006464
RP_Talhao_Central,2024-10-02,30.3625,38.5,22.0,0.0,7.02,0.278,264.0416666666667,0.175071891006464,7.2000000000000135,24.100000000000005,24.5,15.3625,372.725,0.175071891006464
RP_Talhao_Central,2024-10-03,28.6375,37.1,21.2,0.0,7.319999999999999,0.278,257.5416666666667,0.175071891006464,7.2000000000000135,24.100000000000005,24.5,13.6375,375.98333333333335,0.175071891006464
RP_Talhao_Central,2024-10-04,25.6875,34.5,19.1,0.0,6.67,0.278,266.5416666666667,0.175071891006464,7.2000000000000135,24.100000000000005,24.5,10.6875,374.4166666666667,0.175071891006464
RP_Talhao_Central,2024-10-05,26.25,35.4,18.2,0.0,6.88,0.278,293.2083333333333,0.175071891006464,7.2000000000000135,24.100000000000005,24.5,11.25,373.20416666666665,0.175071891006464
RP_Talhao_Central,2024-10-06,27.895833333333332,37.3,19.4,0.0,6.88,0.278,298.1666666666667,0.175071891006464,7.2000000000000135,24.100000000000005,24.5,12.895833333333332,375.4708333333333,0.175071891006464
RP_Talhao_Central,2024-10-07,29.170833333333334,38.1,20.6,0.0,6.9,0.278,281.7916666666667,0.175071891006464,7.2000000000000135,24.100000000000005,24.5,14.170833333333334,376.7625,0.175071891006464
RP_Talhao_Central,2024-10-08,31.141666666666666,40.1,23.0,0.0,8.12,0.278,289.5833333333333,0.175071891006464,7.2000000000000135,22.300000000000008,24.1,16.141666666666666,380.19166666666666,0.175071891006464
RP_Talhao_Central,2024-10-09,29.833333333333332,38.4,22.5,0.0,7.25,0.278,272.0833333333333,0.175071891006464,7.2000000000000135,18.000000000000007,24.1,14.833333333333332,383.0041666666667,0.175071891006464
RP_Talhao_Central,2024-10-10,23.95,29.3,20.5,13.6,3.4699999999999998,0.278,156.54166666666666,0.175071891006464,20.80000000000001,31.60000000000001,37.7,8.95,380.8208333333333,0.175071891006464
RP_Talhao_Central,2024-10-11,25.962500000000002,35.3,21.1,6.0,5.23,0.27837500000000004,242.91666666666666,0.175071891006464,26.80000000000001,37.60000000000001,43.7,10.962500000000002,380.3375,0.175071891006464
RP_Talhao_Central,2024-10-12,25.150000000000002,31.1,21.0,1.0,5.29,0.29575,265.75,0.175071891006464,27.80000000000001,38.60000000000001,44.7,10.150000000000002,378.62916666666666,0.175071891006464
RP_Talhao_Central,2024-10-13,25.870833333333334,32.7,19.8,0.0,6.05,0.302875,273.7916666666667,0.175071891006464,27.80000000000001,38.60000000000001,44.7,10.870833333333334,377.06666666666666,0.175071891006464
RP_Talhao_Central,2024-10-14,26.670833333333334,33.0,21.2,0.0,6.6,0.297625,279.9583333333333,0.175071891006464,27.80000000000001,38.60000000000001,44.7,11.670833333333334,375.71666666666664,0.175071891006464
RP_Talhao_Central,2024-10-15,25.441666666666666,31.4,21.6,0.2,5.15,0.2929583333333333,223.5,0.175071891006464,28.000000000000014,38.800000000000004,44.9,10.441666666666666,372.85416666666663,0.175071891006464
RP_Talhao_Central,2024-10-16,26.15416666666667,33.5,19.9,0.8,5.35,0.29162499999999997,267.7083333333333,0.175071891006464,27.70000000000001,39.60000000000001,45.7,11.154166666666669,376.9375,0.175071891006464
RP_Talhao_Central,2024-10-17,27.954166666666666,34.8,21.0,0.0,6.04,0.2887083333333333,282.7083333333333,0.175071891006464,27.70000000000001,39.60000000000001,45.7,12.954166666666666,381.9458333333333,0.175071891006464
RP_Talhao_Central,2024-10-18,25.9875,30.2,22.7,5.8,4.9,0.2848333333333333,236.625,0.175071891006464,33.500000000000014,45.400000000000006,51.5,10.9875,382.5208333333333,0.175071891006464
RP_Talhao_Central,2024-10-19,22.954166666666666,30.5,19.7,27.5,3.22,0.2835,165.66666666666666,0.175071891006464,61.000000000000014,72.9,79.0,7.954166666666666,377.31666666666666,0.175071891006464
RP_Talhao_Central,2024-10-20,21.645833333333332,25.6,19.9,31.7,1.87,0.35079166666666667,101.5,0.175071891006464,92.70000000000002,104.60000000000001,110.7,6.645833333333332,369.86249999999995,0.175071891006464
RP_Talhao_Central,2024-10-21,22.870833333333334,28.7,20.3,10.9,3.02,0.3965416666666666,165.58333333333334,0.175071891006464,103.60000000000001,115.5,121.6,7.870833333333334,366.07916666666665,0.175071891006464
RP_Talhao_Central,2024-10-22,24.608333333333334,29.5,21.4,2.0,3.49,0.40687500000000004,177.16666666666666,0.175071891006464,105.60000000000001,117.5,123.6,9.608333333333334,362.7208333333333,0.175071891006464
RP_Talhao_Central,2024-10-23,24.5125,30.1,21.4,9.5,4.01,0.40291666666666665,220.91666666666666,0.175071891006464,115.10000000000001,127.0,133.1,9.5125,358.0458333333333,0.175071891006464
RP_Talhao_Central,2024-10-24,25.266666666666666,31.7,20.9,10.3,4.91,0.41054166666666664,258.5833333333333,0.175071891006464,125.4,127.30000000000001,143.4,10.266666666666666,353.65833333333336,0.175071891006464
RP_Talhao_Central,2024-10-25,23.7375,27.6,21.8,10.6,2.59,0.4169583333333333,130.41666666666666,0.175071891006464,136.0,137.10000000000002,154.0,8.7375,347.54166666666663,0.175071891006464
RP_Talhao_Central,2024-10-26,24.791666666666668,30.0,21.7,2.6,3.75,0.4047083333333334,214.125,0.175071891006464,138.60000000000002,139.70000000000002,156.6,9.791666666666668,342.47499999999997,0.175071891006464
RP_Talhao_Central,2024-10-27,24.516666666666666,31.5,21.5,9.1,4.46,0.407375,249.125,0.175071891006464,141.60000000000002,148.8,165.7,9.516666666666666,338.7,0.175071891006464
RP_Talhao_Central,2024-10-28,23.554166666666664,28.2,21.0,2.2,3.13,0.41825,171.83333333333334,0.175071891006464,143.8,151.0,167.9,8.554166666666664,335.71666666666664,0.175071891006464
RP_Talhao_Central,2024-10-29,24.495833333333334,29.4,20.5,0.2,4.89,0.4362916666666667,270.0416666666667,0.175071891006464,144.00000000000003,151.20000000000002,168.1,9.495833333333334,332.7833333333333,0.175071891006464
RP_Talhao_Central,2024-10-30,24.625,30.2,19.6,0.0,5.91,0.4255,304.5,0.175071891006464,144.00000000000003,151.20000000000002,168.1,9.625,328.9375,0.175071891006464
RP_Talhao_Central,2024-10-31,24.6875,30.0,19.7,0.0,6.2700000000000005,0.40687500000000004,311.5416666666667,0.175071891006464,144.00000000000003,151.20000000000002,168.1,9.6875,324.3875,0.175071891006464
RP_Talhao_Central,2024-11-01,24.9875,30.6,20.5,7.2,5.75,0.38533333333333336,288.5833333333333,0.2235437943778044,151.20000000000002,158.4,175.3,9.9875,319.0125,0.2235437943778044
RP_Talhao_Central,2024-11-02,22.8875,26.3,19.4,8.6,3.13,0.39033333333333337,170.95833333333334,0.2235437943778044,159.8,167.0,183.9,7.887499999999999,313.2625,0.2235437943778044
RP_Talhao_Central,2024-11-03,23.208333333333332,27.3,20.9,15.4,2.73,0.42391666666666666,140.33333333333334,0.2235437943778044,175.20000000000002,182.4,199.3,8.208333333333332,310.7833333333333,0.2235437943778044
RP_Talhao_Central,2024-11-04,21.90416666666667,23.5,20.9,22.3,1.09,0.46479166666666666,55.208333333333336,0.2235437943778044,197.5,204.70000000000002,221.6,6.904166666666669,306.4375,0.2235437943778044
RP_Talhao_Central,2024-11-05,22.566666666666666,26.5,20.6,6.3,2.66,0.4974166666666667,145.375,0.2235437943778044,203.8,211.0,227.9,7.566666666666666,301.10833333333335,0.2235437943778044
RP_Talhao_Central,2024-11-06,24.270833333333332,29.8,20.2,1.9000000000000001,4.66,0.4867083333333333,262.3333333333333,0.2235437943778044,205.70000000000002,212.9,229.8,9.270833333333332,296.2083333333333,0.2235437943778044
RP_Talhao_Central,2024-11-07,21.804166666666664,23.4,20.3,22.8,1.1400000000000001,0.5021666666666667,61.875,0.2235437943778044,228.5,235.70000000000002,250.79999999999998,6.804166666666664,286.87083333333334,0.2235437943778044
RP_Talhao_Central,2024-11-08,21.954166666666666,24.2,20.7,50.0,1.84,0.5117916666666666,114.375,0.2235437943778044,278.5,285.7,296.5,6.954166666666666,278.9916666666666,0.2235437943778044
RP_Talhao_Central,2024-11-09,22.6875,27.0,20.1,7.1,3.51,0.5051666666666667,203.20833333333334,0.2235437943778044,272.0,292.8,303.6,7.6875,277.72916666666663,0.2235437943778044
RP_Talhao_Central,2024-11-10,23.420833333333334,29.8,18.0,0.0,5.57,0.488875,303.0833333333333,0.2235437943778044,266.0,292.8,303.6,8.420833333333334,275.1875,0.2235437943778044
RP_Talhao_Central,2024-11-11,24.270833333333332,30.5,18.4,0.0,5.89,0.4634583333333333,321.8333333333333,0.2235437943778044,265.0,292.8,303.6,9.270833333333332,274.3083333333333,0.2235437943778044
RP_Talhao_Central,2024-11-12,25.8125,32.3,18.9,0.0,6.35,0.4426666666666667,344.25,0.2235437943778044,265.0,292.8,303.6,10.8125,274.24999999999994,0.2235437943778044
RP_Talhao_Central,2024-11-13,21.962500000000002,24.6,20.1,5.8,2.34,0.42404166666666665,132.70833333333334,0.2235437943778044,270.8,298.6,309.40000000000003,6.962500000000002,269.5416666666667,0.2235437943778044
RP_Talhao_Central,2024-11-14,23.583333333333332,28.4,18.3,0.6000000000000001,5.14,0.4086666666666667,296.375,0.2235437943778044,271.2,299.2,310.0,8.583333333333332,267.68333333333334,0.2235437943778044
RP_Talhao_Central,2024-11-15,23.15833333333333,29.3,19.8,5.3,4.38,0.37237499999999996,251.83333333333334,0.2235437943778044,275.7,303.4,315.3,8.158333333333331,264.6875,0.2235437943778044
RP_Talhao_Central,2024-11-16,21.849999999999998,25.7,20.2,15.5,2.51,0.38558333333333333,150.5,0.2235437943778044,291.2,318.9,330.8,6.849999999999998,258.5833333333333,0.2235437943778044
RP_Talhao_Central,2024-11-17,23.291666666666668,28.4,18.9,1.0,4.91,0.3770833333333334,294.8333333333333,0.2235437943778044,286.40000000000003,319.9,331.8,8.291666666666668,255.8875,0.2235437943778044
RP_Talhao_Central,2024-11-18,25.041666666666668,31.0,19.2,0.0,5.7299999999999995,0.36404166666666665,323.6666666666667,0.2235437943778044,258.90000000000003,319.9,331.8,10.041666666666668,257.975,0.2235437943778044
RP_Talhao_Central,2024-11-19,26.7375,32.1,20.2,0.5,5.94,0.32108333333333333,317.125,0.2235437943778044,227.70000000000002,320.4,332.3,11.7375,263.06666666666666,0.2235437943778044
RP_Talhao_Central,2024-11-20,26.166666666666668,31.3,22.8,0.7000000000000001,4.74,0.2774166666666667,259.0,0.2235437943778044,217.5,321.09999999999997,333.0,11.166666666666668,266.3625,0.2235437943778044
RP_Talhao_Central,2024-11-21,25.729166666666668,31.4,21.8,8.1,5.02,0.277,274.3333333333333,0.2235437943778044,223.60000000000002,329.2,341.1,10.729166666666668,267.4833333333333,0.2235437943778044
RP_Talhao_Central,2024-11-22,24.770833333333332,29.1,22.1,0.30000000000000004,4.23,0.277,208.125,0.2235437943778044,214.4,329.5,341.4,9.770833333333332,267.7416666666667,0.2235437943778044
RP_Talhao_Central,2024-11-23,25.0125,30.4,20.0,0.9,6.24,0.277,318.9583333333333,0.2235437943778044,205.0,330.4,332.3,10.0125,267.4875,0.2235437943778044
RP_Talhao_Central,2024-11-24,25.28333333333333,32.1,19.4,0.0,6.88,0.2765416666666667,306.7083333333333,0.2235437943778044,194.4,330.4,331.5,10.283333333333331,269.0333333333333,0.2235437943778044
RP_Talhao_Central,2024-11-25,26.087500000000002,32.7,19.9,0.0,6.64,0.276,291.0,0.2235437943778044,191.8,330.4,331.5,11.087500000000002,270.32916666666665,0.2235437943778044
RP_Talhao_Central,2024-11-26,27.816666666666666,33.2,21.4,0.0,6.16,0.276,281.6666666666667,0.2235437943778044,182.70000000000002,324.3,331.5,12.816666666666666,273.62916666666666,0.2235437943778044
RP_Talhao_Central,2024-11-27,28.995833333333334,34.6,22.4,0.0,6.95,0.276,318.8333333333333,0.2235437943778044,180.5,324.3,331.5,13.995833333333334,279.0708333333333,0.2235437943778044
RP_Talhao_Central,2024-11-28,28.079166666666666,32.9,23.8,1.7000000000000002,6.01,0.276,301.0,0.2235437943778044,182.0,326.0,333.2,13.079166666666666,282.65416666666664,0.2235437943778044
RP_Talhao_Central,2024-11-29,24.016666666666666,28.0,21.8,5.4,3.12,0.276,178.66666666666666,0.2235437943778044,187.4,331.40000000000003,338.6,9.016666666666666,282.0458333333333,0.2235437943778044
RP_Talhao_Central,2024-11-30,26.075,31.1,21.4,0.8,5.51,0.276,297.0,0.2235437943778044,188.20000000000002,332.20000000000005,339.4,11.075,283.4333333333333,0.2235437943778044
RP_Talhao_Central,2024-12-01,27.429166666666664,33.1,22.2,0.7000000000000001,5.76,0.276,295.0833333333333,0.1153600879153842,181.70000000000002,332.90000000000003,340.1,12.429166666666664,285.875,0.1153600879153842
RP_Talhao_Central,2024-12-02,25.729166666666668,29.4,23.1,5.1,4.14,0.276,224.25,0.1153600879153842,178.2,338.0,345.2,10.729166666666668,288.71666666666664,0.1153600879153842
RP_Talhao_Central,2024-12-03,23.333333333333332,28.1,21.4,40.2,2.68,0.294375,155.375,0.1153600879153842,203.00000000000003,378.20000000000005,385.4,8.333333333333332,288.84166666666664,0.1153600879153842
RP_Talhao_Central,2024-12-04,22.741666666666664,26.7,21.2,24.6,3.11,0.3925,185.16666666666666,0.1153600879153842,205.3,402.8,410.0,7.741666666666664,289.6791666666667,0.1153600879153842
RP_Talhao_Central,2024-12-05,24.054166666666664,28.5,20.9,2.3000000000000003,3.59,0.43254166666666666,202.66666666666666,0.1153600879153842,201.3,405.1,412.3,9.054166666666664,291.16666666666663,0.1153600879153842
RP_Talhao_Central,2024-12-06,26.108333333333334,30.5,21.4,0.0,5.84,0.4354166666666666,323.375,0.1153600879153842,199.40000000000003,405.1,412.3,11.108333333333334,293.00416666666666,0.1153600879153842
RP_Talhao_Central,2024-12-07,26.958333333333332,32.1,20.7,0.0,6.29,0.4123333333333334,336.375,0.1153600879153842,176.60000000000002,405.1,412.3,11.958333333333332,298.1583333333333,0.1153600879153842
RP_Talhao_Central,2024-12-08,25.983333333333334,31.8,21.3,0.5,5.66,0.3922916666666667,295.7083333333333,0.1153600879153842,127.10000000000002,405.6,412.8,10.983333333333334,302.1875,0.1153600879153842
RP_Talhao_Central,2024-12-09,26.258333333333336,31.9,21.8,0.1,5.28,0.38129166666666664,274.1666666666667,0.1153600879153842,120.10000000000002,392.1,412.9,11.258333333333336,305.7583333333333,0.1153600879153842
RP_Talhao_Central,2024-12-10,24.787499999999998,30.6,21.7,7.5,4.14,0.3713333333333333,225.54166666666666,0.1153600879153842,127.60000000000002,393.6,420.4,9.787499999999998,307.12499999999994,0.1153600879153842
RP_Talhao_Central,2024-12-11,24.40833333333333,29.3,20.2,0.5,5.46,0.3760833333333333,295.0833333333333,0.1153600879153842,128.10000000000002,393.1,420.9,9.408333333333331,307.2625,0.1153600879153842
RP_Talhao_Central,2024-12-12,25.0625,31.0,20.0,0.1,6.2,0.3665,323.0416666666667,0.1153600879153842,128.20000000000002,393.2,421.0,10.0625,306.5125,0.1153600879153842
RP_Talhao_Central,2024-12-13,24.645833333333332,31.6,20.3,5.3,5.53,0.34991666666666665,301.1666666666667,0.1153600879153842,127.70000000000002,398.5,426.3,9.645833333333332,309.1958333333333,0.1153600879153842
RP_Talhao_Central,2024-12-14,22.770833333333332,26.0,20.7,5.5,2.83,0.33637500000000004,166.29166666666666,0.1153600879153842,132.60000000000002,403.8,431.8,7.770833333333332,308.3833333333333,0.1153600879153842
RP_Talhao_Central,2024-12-15,22.099999999999998,26.6,19.5,22.6,3.49,0.3490416666666667,225.625,0.1153600879153842,149.90000000000003,425.6,453.3,7.099999999999998,307.325,0.1153600879153842
RP_Talhao_Central,2024-12-16,22.670833333333334,27.9,19.7,5.0,4.14,0.3607916666666666,252.875,0.1153600879153842,139.40000000000003,430.6,458.3,7.670833333333334,308.1458333333333,0.1153600879153842
RP_Talhao_Central,2024-12-17,24.258333333333336,29.7,18.9,0.0,5.75,0.35375,320.0,0.1153600879153842,138.40000000000003,424.8,458.3,9.258333333333336,309.1125,0.1153600879153842
RP_Talhao_Central,2024-12-18,24.804166666666664,30.6,18.4,0.1,5.81,0.34474999999999995,329.4583333333333,0.1153600879153842,138.50000000000003,397.4,458.40000000000003,9.804166666666664,308.875,0.1153600879153842
RP_Talhao_Central,2024-12-19,25.84583333333333,31.0,20.3,2.3,5.53,0.33508333333333334,300.2083333333333,0.1153600879153842,140.3,368.0,460.70000000000005,10.845833333333331,307.9833333333333,0.1153600879153842
RP_Talhao_Central,2024-12-20,25.65416666666667,31.9,21.9,18.1,5.61,0.33370833333333333,307.6666666666667,0.1153600879153842,157.70000000000005,375.20000000000005,478.8,10.654166666666669,307.4708333333333,0.1153600879153842
RP_Talhao_Central,2024-12-21,23.34166666666667,28.4,21.0,16.599999999999998,3.73,0.36766666666666664,219.125,0.1153600879153842,166.20000000000002,389.8,495.40000000000003,8.341666666666669,305.0833333333333,0.1153600879153842
RP_Talhao_Central,2024-12-22,22.7,26.5,20.4,15.1,3.32,0.4552083333333334,203.58333333333334,0.1153600879153842,181.00000000000003,395.40000000000003,510.50000000000006,7.699999999999999,303.0125,0.1153600879153842
RP_Talhao_Central,2024-12-23,24.204166666666666,29.5,20.3,1.3,5.12,0.4628333333333334,288.0,0.1153600879153842,181.40000000000003,386.40000000000003,511.8,9.204166666666666,302.20416666666665,0.1153600879153842
RP_Talhao_Central,2024-12-24,25.079166666666666,30.4,20.3,0.1,5.66,0.449875,316.0833333333333,0.1153600879153842,181.50000000000003,375.9,511.90000000000003,10.079166666666666,302.0,0.1153600879153842
RP_Talhao_Central,2024-12-25,23.416666666666668,29.7,19.7,24.900000000000002,4.2299999999999995,0.4232916666666666,249.58333333333334,0.1153600879153842,206.40000000000003,398.20000000000005,536.8000000000001,8.416666666666668,299.32916666666665,0.1153600879153842
RP_Talhao_Central,2024-12-26,22.233333333333334,25.1,20.9,28.3,2.04,0.45258333333333334,122.95833333333333,0.1153600879153842,234.70000000000002,417.4,559.0,7.233333333333334,293.7458333333333,0.1153600879153842
RP_Talhao_Central,2024-12-27,22.0125,25.7,20.8,30.4,2.06,0.5060416666666666,127.25,0.1153600879153842,265.1,445.6,589.4,7.012499999999999,286.7625,0.1153600879153842
RP_Talhao_Central,2024-12-28,23.195833333333336,27.7,20.4,2.1,4.12,0.48454166666666665,251.625,0.1153600879153842,265.50000000000006,447.5,591.5,8.195833333333336,281.87916666666666,0.1153600879153842
RP_Talhao_Central,2024-12-29,22.55,28.1,19.1,5.2,4.15,0.47574999999999995,248.75,0.1153600879153842,265.3,452.70000000000005,596.7,7.550000000000001,280.4125,0.1153600879153842
RP_Talhao_Central,2024-12-30,23.2375,28.8,18.7,3.7,5.5,0.465125,322.9583333333333,0.1153600879153842,268.20000000000005,456.40000000000003,600.4,8.2375,277.57500000000005,0.1153600879153842
RP_Talhao_Central,2024-12-31,23.304166666666664,29.1,19.7,6.8,5.48,0.42450000000000004,321.3333333333333,0.1153600879153842,274.3,456.00000000000006,607.2,8.304166666666664,273.45,0.1153600879153842
RP_Talhao_Central,2025-01-01,23.474999999999998,28.2,19.6,1.0999999999999999,5.07,0.3879166666666667,303.0416666666667,0.2061892728255127,270.3,448.5,608.3000000000001,8.474999999999998,271.1958333333333,0.2061892728255127
RP_Talhao_Central,2025-01-02,23.704166666666666,28.5,19.8,3.1,5.2700000000000005,0.35683333333333334,317.8333333333333,0.2061892728255127,233.20000000000002,436.20000000000005,611.4,8.704166666666666,271.56666666666666,0.2061892728255127
RP_Talhao_Central,2025-01-03,22.2625,27.5,19.2,19.7,3.39,0.3177083333333333,210.45833333333334,0.2061892728255127,228.3,433.6,631.1,7.262499999999999,271.0875,0.2061892728255127
RP_Talhao_Central,2025-01-04,22.8,27.5,19.6,19.2,3.39,0.3207083333333333,199.29166666666666,0.2061892728255127,245.20000000000002,446.5,650.3,7.800000000000001,269.8333333333333,0.2061892728255127
RP_Talhao_Central,2025-01-05,24.079166666666666,29.0,19.2,4.8999999999999995,5.57,0.356125,331.7083333333333,0.2061892728255127,250.10000000000002,449.50000000000006,655.2,9.079166666666666,267.8041666666666,0.2061892728255127
RP_Talhao_Central,2025-01-06,24.912499999999998,30.0,20.4,0.5,5.640000000000001,0.324,316.7916666666667,0.2061892728255127,250.60000000000002,427.20000000000005,655.7,9.912499999999998,265.7583333333333,0.2061892728255127
RP_Talhao_Central,2025-01-07,23.883333333333336,29.4,20.2,19.4,4.59,0.30454166666666665,263.5,0.2061892728255127,269.5,396.6,675.1,8.883333333333336,263.65833333333336,0.2061892728255127
RP_Talhao_Central,2025-01-08,24.59583333333333,29.7,20.2,1.4,5.31,0.27825000000000005,308.6666666666667,0.2061892728255127,270.8,390.9,662.9,9.595833333333331,261.99583333333334,0.2061892728255127
RP_Talhao_Central,2025-01-09,23.675,28.4,19.6,2.6,4.93,0.277,289.375,0.2061892728255127,265.9,393.5,659.5,8.675,260.8833333333333,0.2061892728255127
RP_Talhao_Central,2025-01-10,23.620833333333334,29.3,19.3,4.2,4.9,0.277,288.875,0.2061892728255127,269.59999999999997,397.7,662.6999999999999,8.620833333333334,260.0958333333333,0.2061892728255127
RP_Talhao_Central,2025-01-11,25.170833333333334,31.3,19.3,0.4,5.64,0.276625,309.4166666666667,0.2061892728255127,269.90000000000003,398.1,663.1,10.170833333333334,260.20416666666665,0.2061892728255127
RP_Talhao_Central,2025-01-12,25.058333333333334,31.2,20.6,1.8,5.32,0.276,284.9583333333333,0.2061892728255127,266.40000000000003,394.09999999999997,664.9,10.058333333333334,260.6166666666667,0.2061892728255127
RP_Talhao_Central,2025-01-13,25.625,31.6,20.1,1.0,6.44,0.276,318.7083333333333,0.2061892728255127,261.90000000000003,394.5,665.7,10.625,263.47083333333336,0.2061892728255127
RP_Talhao_Central,2025-01-14,25.71666666666667,31.6,20.3,0.6000000000000001,6.16,0.276,297.0416666666667,0.2061892728255127,239.9,389.8,665.5,10.716666666666669,267.0875,0.2061892728255127
RP_Talhao_Central,2025-01-15,24.40416666666667,30.1,21.2,26.9,4.38,0.27608333333333335,239.04166666666666,0.2061892728255127,261.8,401.2,692.4,9.404166666666669,268.8208333333334,0.2061892728255127
RP_Talhao_Central,2025-01-16,24.5,29.0,22.3,10.1,3.88,0.27608333333333335,206.0,0.2061892728255127,271.90000000000003,410.3,696.7,9.5,269.0625,0.2061892728255127
RP_Talhao_Central,2025-01-17,24.929166666666664,28.8,21.3,5.3999999999999995,3.91,0.279125,218.5,0.2061892728255127,277.2,415.7,674.6,9.929166666666664,269.1875,0.2061892728255127
RP_Talhao_Central,2025-01-18,25.358333333333334,30.3,20.2,1.4000000000000001,5.3,0.27595833333333336,295.1666666666667,0.2061892728255127,276.3,416.6,644.3,10.358333333333334,268.7,0.2061892728255127
RP_Talhao_Central,2025-01-19,26.516666666666666,31.4,22.5,0.8,5.69,0.276,305.2916666666667,0.2061892728255127,259.0,416.70000000000005,634.2,11.516666666666666,269.5625,0.2061892728255127
RP_Talhao_Central,2025-01-20,26.129166666666666,31.7,20.9,0.1,6.1,0.276,324.125,0.2061892728255127,242.50000000000003,408.7,632.3,11.129166666666666,272.34999999999997,0.2061892728255127
RP_Talhao_Central,2025-01-21,27.483333333333334,32.6,21.9,0.7,6.6,0.276,325.25,0.2061892728255127,228.10000000000002,409.09999999999997,623.5,12.483333333333334,277.1333333333333,0.2061892728255127
RP_Talhao_Central,2025-01-22,28.09166666666667,34.8,22.0,8.8,6.3100000000000005,0.27545833333333336,315.4583333333333,0.2061892728255127,235.60000000000002,417.0,622.0,13.091666666666669,281.02083333333337,0.2061892728255127
RP_Talhao_Central,2025-01-23,26.22083333333333,35.2,21.4,5.7,5.22,0.275,278.0,0.2061892728255127,241.20000000000002,422.7,617.1,11.220833333333331,282.16249999999997,0.2061892728255127
RP_Talhao_Central,2025-01-24,25.891666666666666,33.0,20.6,0.6,5.92,0.275,321.7083333333333,0.2061892728255127,216.9,423.3,615.1,10.891666666666666,284.6375,0.2061892728255127
RP_Talhao_Central,2025-01-25,26.229166666666668,32.3,21.2,10.0,5.68,0.275,308.6666666666667,0.2061892728255127,198.6,433.3,616.0,11.229166666666668,288.6333333333333,0.2061892728255127
RP_Talhao_Central,2025-01-26,24.6875,30.5,21.1,21.0,4.89,0.275,268.6666666666667,0.2061892728255127,189.2,454.3,634.8000000000001,9.6875,291.30833333333334,0.2061892728255127
RP_Talhao_Central,2025-01-27,24.666666666666668,28.9,21.4,12.3,5.01,0.27508333333333335,287.125,0.2061892728255127,199.4,464.90000000000003,646.9,9.666666666666668,292.7791666666667,0.2061892728255127
RP_Talhao_Central,2025-01-28,24.520833333333332,30.2,20.2,5.3999999999999995,5.06,0.275,292.5416666666667,0.2061892728255127,199.60000000000002,464.9,652.3,9.520833333333332,294.75,0.2061892728255127
RP_Talhao_Central,2025-01-29,24.270833333333332,30.7,20.8,9.5,4.78,0.275,277.4583333333333,0.2061892728255127,205.4,473.6,661.8,9.270833333333332,295.7833333333333,0.2061892728255127
RP_Talhao_Central,2025-01-30,23.858333333333334,29.4,21.2,13.4,4.57,0.2750416666666667,268.4166666666667,0.2061892728255127,212.0,486.3,668.0,8.858333333333334,296.3375,0.2061892728255127
RP_Talhao_Central,2025-01-31,22.433333333333334,24.9,20.3,19.7,2.38,0.285375,142.45833333333334,0.2061892728255127,230.60000000000002,500.90000000000003,679.1,7.433333333333334,295.29583333333335,0.2061892728255127
RP_Talhao_Central,2025-02-01,22.045833333333334,24.8,20.4,20.3,2.56,0.32658333333333334,158.54166666666666,0.2473810741811721,247.79999999999998,481.00000000000006,684.0,7.045833333333334,293.6375,0.2473810741811721
RP_Talhao_Central,2025-02-02,22.666666666666668,27.7,20.3,16.900000000000002,2.89,0.34770833333333334,172.95833333333334,0.2473810741811721,245.0,473.3,678.6,7.666666666666668,294.0416666666667,0.2473810741811721
RP_Talhao_Central,2025-02-03,22.666666666666668,25.3,20.6,15.6,2.88,0.41329166666666667,176.0,0.2473810741811721,241.4,486.6,687.9000000000001,7.666666666666668,293.9083333333333,0.2473810741811721
RP_Talhao_Central,2025-02-04,23.816666666666666,27.1,21.3,0.2,3.5,0.4117916666666666,200.625,0.2473810741811721,236.70000000000002,486.8,686.1999999999999,8.816666666666666,293.6458333333333,0.2473810741811721
RP_Talhao_Central,2025-02-05,23.758333333333336,29.0,20.1,13.200000000000001,4.74,0.4330833333333333,280.625,0.2473810741811721,249.4,500.0,676.6,8.758333333333336,292.4916666666667,0.2473810741811721
RP_Talhao_Central,2025-02-06,24.53333333333333,29.4,20.8,0.8999999999999999,5.09,0.4059166666666667,294.6666666666667,0.2473810741811721,230.9,500.4,627.5,9.533333333333331,293.14166666666665,0.2473810741811721
RP_Talhao_Central,2025-02-07,23.920833333333334,31.0,19.7,4.8,5.44,0.37633333333333335,310.7916666666667,0.2473810741811721,234.3,505.09999999999997,625.1999999999999,8.920833333333334,292.4666666666667,0.2473810741811721
RP_Talhao_Central,2025-02-08,24.6375,30.7,19.1,0.0,5.94,0.3587916666666666,320.0416666666667,0.2473810741811721,231.70000000000002,497.59999999999997,625.1999999999999,9.6375,293.4291666666667,0.2473810741811721
RP_Talhao_Central,2025-02-09,25.383333333333336,30.6,19.6,0.0,5.67,0.339875,305.9583333333333,0.2473810741811721,227.50000000000003,497.09999999999997,625.1999999999999,10.383333333333336,295.19166666666666,0.2473810741811721
RP_Talhao_Central,2025-02-10,25.758333333333336,31.1,20.6,0.0,5.12,0.3215,262.5,0.2473810741811721,227.10000000000002,497.0,625.1999999999999,10.758333333333336,295.77916666666664,0.2473810741811721
RP_Talhao_Central,2025-02-11,26.270833333333332,31.3,20.3,0.6000000000000001,5.68,0.3124166666666667,287.2083333333333,0.2473810741811721,225.9,492.3,620.0,11.270833333333332,296.9916666666667,0.2473810741811721
RP_Talhao_Central,2025-02-12,25.59166666666667,32.1,21.7,0.8999999999999999,4.87,0.30920833333333336,259.625,0.2473810741811721,225.8,487.7,620.3,10.591666666666669,296.9583333333333,0.2473810741811721
RP_Talhao_Central,2025-02-13,25.900000000000002,32.5,21.4,0.7000000000000001,4.7700000000000005,0.2905,259.5416666666667,0.2473810741811721,225.9,465.79999999999995,615.7,10.900000000000002,297.1416666666667,0.2473810741811721
RP_Talhao_Central,2025-02-14,25.8125,32.9,20.7,6.6,5.32,0.29129166666666667,292.3333333333333,0.2473810741811721,205.6,467.4,606.8000000000001,10.8125,298.55,0.2473810741811721
RP_Talhao_Central,2025-02-15,27.09166666666667,32.1,21.2,0.30000000000000004,5.58,0.2874583333333333,293.9583333333333,0.2473810741811721,195.8,467.7,606.1,12.091666666666669,301.14166666666665,0.2473810741811721
RP_Talhao_Central,2025-02-16,28.941666666666666,35.4,22.3,0.0,7.0,0.287,322.375,0.2473810741811721,190.40000000000003,467.6,606.1,13.941666666666666,305.1541666666667,0.2473810741811721
RP_Talhao_Central,2025-02-17,29.204166666666666,34.7,23.5,0.2,6.59,0.27658333333333335,305.375,0.2473810741811721,189.20000000000002,465.5,605.8000000000001,14.204166666666666,309.0,0.2473810741811721
RP_Talhao_Central,2025-02-18,28.087500000000002,34.0,23.1,3.8000000000000003,5.94,0.26416666666666666,292.4166666666667,0.2473810741811721,192.20000000000002,451.2,608.9,13.087500000000002,310.5708333333334,0.2473810741811721
RP_Talhao_Central,2025-02-19,27.554166666666664,35.4,21.5,1.6,5.72,0.262,291.7083333333333,0.2473810741811721,193.70000000000002,436.2,602.4,12.554166666666664,311.9958333333334,0.2473810741811721
RP_Talhao_Central,2025-02-20,27.983333333333334,32.9,22.9,0.6,5.32,0.262,266.125,0.2473810741811721,193.60000000000002,421.7,602.7,12.983333333333334,312.49583333333334,0.2473810741811721
RP_Talhao_Central,2025-02-21,28.175,35.0,22.8,1.5999999999999999,6.12,0.26175,298.7916666666667,0.2473810741811721,186.4,422.0,603.4000000000001,13.175,312.57916666666665,0.2473810741811721
RP_Talhao_Central,2025-02-22,27.316666666666666,33.2,23.2,0.7,5.7,0.2584166666666667,271.6666666666667,0.2473810741811721,181.4,422.6,604.1,12.316666666666666,313.675,0.2473810741811721
RP_Talhao_Central,2025-02-23,27.504166666666666,33.0,22.4,0.0,6.36,0.258,283.8333333333333,0.2473810741811721,180.8,397.7,604.1,12.504166666666666,315.2875,0.2473810741811721
RP_Talhao_Central,2025-02-24,27.066666666666666,32.2,22.1,0.5,5.95,0.2568333333333333,281.9583333333333,0.2473810741811721,171.3,369.90000000000003,604.6,12.066666666666666,316.125,0.2473810741811721
RP_Talhao_Central,2025-02-25,27.116666666666664,32.9,21.5,0.0,5.48,0.256,284.625,0.2473810741811721,150.3,339.5,604.6,12.116666666666664,318.5541666666667,0.2473810741811721
RP_Talhao_Central,2025-02-26,27.8625,34.1,22.0,0.0,5.8500000000000005,0.256,296.8333333333333,0.2473810741811721,138.00000000000003,337.40000000000003,602.9,12.8625,321.75,0.2473810741811721
RP_Talhao_Central,2025-02-27,28.491666666666664,34.9,21.6,0.0,6.16,0.256,297.4166666666667,0.2473810741811721,132.60000000000002,332.2,597.5,13.491666666666664,325.72083333333336,0.2473810741811721
RP_Talhao_Central,2025-02-28,27.875,33.6,22.8,0.2,6.33,0.256,295.9583333333333,0.2473810741811721,123.30000000000001,328.7,596.9,12.875,329.32500000000005,0.2473810741811721
RP_Talhao_Central,2025-03-01,28.079166666666666,33.6,22.5,0.0,7.0,0.256,306.2916666666667,0.229001958696713,109.9,321.9,596.2,13.079166666666666,333.54583333333335,0.229001958696713
RP_Talhao_Central,2025-03-02,28.170833333333334,33.5,23.1,0.0,6.88,0.256,289.8333333333333,0.229001958696713,90.20000000000002,320.8,591.1,13.170833333333334,339.28333333333336,0.229001958696713
RP_Talhao_Central,2025-03-03,27.96666666666667,33.9,22.4,0.0,6.76,0.2554166666666667,295.6666666666667,0.229001958696713,69.9,317.7,550.9,12.966666666666669,345.20416666666665,0.229001958696713
RP_Talhao_Central,2025-03-04,26.375,32.6,22.5,0.5,6.3100000000000005,0.255,284.9166666666667,0.229001958696713,53.500000000000014,298.5,526.8,11.375,348.91249999999997,0.229001958696713
RP_Talhao_Central,2025-03-05,27.066666666666666,31.9,22.5,0.7,5.99,0.255,255.41666666666666,0.229001958696713,38.60000000000001,280.0,525.1999999999999,12.066666666666666,353.3125,0.229001958696713
RP_Talhao_Central,2025-03-06,27.1875,33.5,21.4,0.0,7.26,0.255,319.125,0.229001958696713,38.40000000000001,275.09999999999997,525.1999999999999,12.1875,356.68333333333334,0.229001958696713
RP_Talhao_Central,2025-03-07,27.229166666666668,33.2,21.1,0.0,7.36,0.255,312.2083333333333,0.229001958696713,25.200000000000014,274.59999999999997,525.1999999999999,12.229166666666668,360.15416666666664,0.229001958696713
RP_Talhao_Central,2025-03-08,27.854166666666668,34.3,21.3,0.0,6.23,0.255,282.0416666666667,0.229001958696713,24.300000000000015,255.2,524.6999999999999,12.854166666666668,363.475,0.229001958696713
RP_Talhao_Central,2025-03-09,29.108333333333334,36.0,22.1,0.0,6.34,0.255,283.25,0.229001958696713,19.500000000000014,253.79999999999998,524.5999999999999,14.108333333333334,368.6625,0.229001958696713
RP_Talhao_Central,2025-03-10,27.525000000000002,34.8,23.1,0.30000000000000004,5.47,0.255,252.83333333333334,0.229001958696713,19.800000000000015,251.5,517.4,12.525000000000002,371.55,0.229001958696713
RP_Talhao_Central,2025-03-11,25.837500000000002,32.3,22.4,4.4,4.6,0.255,240.16666666666666,0.229001958696713,24.200000000000014,251.70000000000002,521.3,10.837500000000002,372.00416666666666,0.229001958696713
RP_Talhao_Central,2025-03-12,26.670833333333334,33.7,21.2,2.9,5.3999999999999995,0.255,271.0833333333333,0.229001958696713,27.100000000000016,254.20000000000002,524.0999999999999,11.670833333333334,372.9166666666667,0.229001958696713
RP_Talhao_Central,2025-03-13,26.491666666666664,33.6,21.6,9.0,4.82,0.25508333333333333,247.125,0.229001958696713,35.500000000000014,261.4,527.8,11.491666666666664,373.1375,0.229001958696713
RP_Talhao_Central,2025-03-14,26.55,34.4,21.3,4.7,5.04,0.25866666666666666,263.9166666666667,0.229001958696713,39.30000000000001,265.09999999999997,527.0,11.55,374.09583333333336,0.229001958696713
RP_Talhao_Central,2025-03-15,26.90416666666667,35.2,22.4,6.1,4.92,0.26,255.54166666666666,0.229001958696713,44.70000000000001,270.6,510.5,11.904166666666669,375.09999999999997,0.229001958696713
RP_Talhao_Central,2025-03-16,24.620833333333334,30.1,22.0,10.1,3.83,0.2645416666666667,215.08333333333334,0.229001958696713,48.20000000000002,253.79999999999998,515.6,9.620833333333334,373.9083333333333,0.229001958696713
RP_Talhao_Central,2025-03-17,24.304166666666664,28.7,21.6,3.6,4.05,0.3216666666666667,236.5,0.229001958696713,51.500000000000014,247.3,519.2,9.304166666666664,371.12083333333334,0.229001958696713
RP_Talhao_Central,2025-03-18,23.608333333333334,30.0,20.7,10.0,3.95,0.31666666666666665,239.54166666666666,0.229001958696713,61.500000000000014,251.90000000000003,529.1,8.608333333333334,365.7875,0.229001958696713
RP_Talhao_Central,2025-03-19,22.4875,27.6,19.9,7.1,2.8,0.3084166666666667,158.875,0.229001958696713,68.40000000000002,257.6,533.9000000000001,7.487500000000001,359.0708333333334,0.229001958696713
RP_Talhao_Central,2025-03-20,23.016666666666666,28.6,17.9,0.0,4.78,0.301125,279.5416666666667,0.229001958696713,64.60000000000002,256.8,515.8000000000001,8.016666666666666,354.0,0.229001958696713
RP_Talhao_Central,2025-03-21,24.195833333333336,30.5,18.8,0.0,5.15,0.2917083333333333,276.625,0.229001958696713,63.000000000000014,256.7,499.2,9.195833333333336,350.64166666666665,0.229001958696713
RP_Talhao_Central,2025-03-22,24.90833333333333,31.3,19.9,2.4,4.75,0.2920833333333333,262.4583333333333,0.229001958696713,64.80000000000001,258.4,486.5,9.908333333333331,347.5666666666667,0.229001958696713
RP_Talhao_Central,2025-03-23,23.679166666666664,29.6,20.1,15.3,3.9000000000000004,0.289,224.125,0.229001958696713,78.50000000000001,264.90000000000003,500.5,8.679166666666664,343.0708333333333,0.229001958696713
RP_Talhao_Central,2025-03-24,23.833333333333332,29.2,20.2,5.2,3.56,0.29141666666666666,195.625,0.229001958696713,83.00000000000001,264.40000000000003,505.6,8.833333333333332,339.58750000000003,0.229001958696713
RP_Talhao_Central,2025-03-25,25.579166666666666,32.3,20.1,1.7,4.7299999999999995,0.281125,256.4166666666667,0.229001958696713,84.70000000000002,265.5,482.40000000000003,10.579166666666666,337.6625,0.229001958696713
RP_Talhao_Central,2025-03-26,25.1125,31.0,21.1,8.399999999999999,3.85,0.2729166666666667,206.0,0.229001958696713,92.60000000000001,263.9,462.5,10.1125,335.70833333333337,0.229001958696713
RP_Talhao_Central,2025-03-27,25.458333333333332,30.9,20.0,0.5,4.83,0.272,250.33333333333334,0.229001958696713,93.10000000000001,243.4,432.59999999999997,10.458333333333332,334.05,0.229001958696713
RP_Talhao_Central,2025-03-28,27.0125,33.2,22.0,0.7999999999999999,5.05,0.272,248.75,0.229001958696713,93.9,231.9,431.3,12.0125,333.2,0.229001958696713
RP_Talhao_Central,2025-03-29,25.27916666666667,30.7,21.8,2.8,3.88,0.27183333333333337,207.66666666666666,0.229001958696713,96.70000000000002,229.3,428.90000000000003,10.279166666666669,329.9875,0.229001958696713
RP_Talhao_Central,2025-03-30,24.645833333333332,30.6,20.5,0.3,4.12,0.27,225.875,0.229001958696713,96.80000000000001,220.10000000000002,425.5,9.645833333333332,326.7583333333333,0.229001958696713
RP_Talhao_Central,2025-03-31,22.579166666666666,23.9,21.4,8.5,1.71,0.2699166666666667,92.5,0.229001958696713,105.30000000000001,215.20000000000002,427.20000000000005,7.579166666666666,321.2583333333333,0.229001958696713
RP_Talhao_Central,2025-04-01,25.066666666666666,30.6,19.9,0.8,4.39,0.269,250.04166666666666,0.2348557762656913,106.10000000000001,196.3,426.9,10.066666666666666,318.15416666666664,0.2348557762656913
RP_Talhao_Central,2025-04-02,26.416666666666668,33.3,21.1,0.6,4.46,0.268,231.125,0.2348557762656913,106.7,176.6,424.4,11.416666666666668,316.6041666666667,0.2348557762656913
RP_Talhao_Central,2025-04-03,25.474999999999998,32.1,21.1,4.2,4.0600000000000005,0.268,224.70833333333334,0.2348557762656913,110.4,163.9,408.9,10.474999999999998,315.7041666666667,0.2348557762656913
RP_Talhao_Central,2025-04-04,23.991666666666664,29.9,20.2,5.2,4.3,0.27125000000000005,237.16666666666666,0.2348557762656913,114.90000000000002,153.5,394.9,8.991666666666664,312.62916666666666,0.2348557762656913
RP_Talhao_Central,2025-04-05,22.65833333333333,27.3,18.9,0.1,4.38,0.277,209.625,0.2348557762656913,115.00000000000003,153.4,390.1,7.658333333333331,308.1,0.2348557762656913
RP_Talhao_Central,2025-04-06,21.958333333333332,28.1,16.7,0.6,4.87,0.277,253.20833333333334,0.2348557762656913,115.60000000000002,140.8,390.20000000000005,6.958333333333332,302.82916666666665,0.2348557762656913
RP_Talhao_Central,2025-04-07,22.433333333333334,28.0,17.4,0.0,4.77,0.277,259.7916666666667,0.2348557762656913,115.60000000000002,139.9,370.8,7.433333333333334,297.4083333333333,0.2348557762656913
RP_Talhao_Central,2025-04-08,23.929166666666664,31.4,17.9,0.0,4.95,0.277,258.5833333333333,0.2348557762656913,115.60000000000002,135.10000000000002,369.40000000000003,8.929166666666664,292.22916666666663,0.2348557762656913
RP_Talhao_Central,2025-04-09,23.866666666666664,30.3,20.1,6.5,3.81,0.277,203.04166666666666,0.2348557762656913,121.80000000000001,141.60000000000002,373.3,8.866666666666664,288.5708333333333,0.2348557762656913
RP_Talhao_Central,2025-04-10,22.454166666666666,27.5,19.7,14.4,3.4,0.27758333333333335,196.75,0.2348557762656913,131.8,156.0,383.5,7.454166666666666,285.1875,0.2348557762656913
RP_Talhao_Central,2025-04-11,22.795833333333334,28.2,18.2,0.0,4.21,0.27908333333333335,247.04166666666666,0.2348557762656913,128.9,156.0,383.1,7.795833333333334,281.3125,0.2348557762656913
RP_Talhao_Central,2025-04-12,23.045833333333334,28.9,18.2,0.0,4.3,0.2855833333333333,240.0,0.2348557762656913,119.9,155.4,381.3,8.045833333333334,277.8666666666667,0.2348557762656913
RP_Talhao_Central,2025-04-13,22.0,25.8,18.8,0.2,2.19,0.2985833333333333,114.875,0.2348557762656913,115.4,154.70000000000002,380.5,7.0,273.3166666666666,0.2348557762656913
RP_Talhao_Central,2025-04-14,23.025000000000002,28.5,18.6,1.1,3.69,0.30904166666666666,214.33333333333334,0.2348557762656913,110.40000000000002,155.1,381.0,8.025000000000002,269.4375,0.2348557762656913
RP_Talhao_Central,2025-04-15,22.3,29.6,18.3,8.7,3.46,0.2984583333333333,201.0,0.2348557762656913,109.0,157.2,362.8,7.300000000000001,267.1166666666667,0.2348557762656913
RP_Talhao_Central,2025-04-16,21.474999999999998,26.1,19.3,14.7,2.17,0.30075,131.41666666666666,0.2348557762656913,120.10000000000001,171.60000000000002,367.4,6.474999999999998,264.28749999999997,0.2348557762656913
RP_Talhao_Central,2025-04-17,22.795833333333334,28.3,18.8,8.4,3.52,0.29720833333333335,208.29166666666666,0.2348557762656913,118.50000000000001,180.00000000000003,370.40000000000003,7.795833333333334,263.47499999999997,0.2348557762656913
RP_Talhao_Central,2025-04-18,22.558333333333334,26.6,19.6,3.0,2.75,0.297,159.83333333333334,0.2348557762656913,114.40000000000002,182.8,372.0,7.558333333333334,263.54583333333335,0.2348557762656913
RP_Talhao_Central,2025-04-19,22.416666666666668,27.2,19.3,19.099999999999998,3.18,0.3005,185.79166666666666,0.2348557762656913,133.5,198.10000000000002,390.3,7.416666666666668,262.9458333333333,0.2348557762656913
RP_Talhao_Central,2025-04-20,22.837500000000002,27.9,18.5,0.2,3.98,0.29475,228.125,0.2348557762656913,133.70000000000002,196.7,390.4,7.837500000000002,261.5875,0.2348557762656913
RP_Talhao_Central,2025-04-21,22.47083333333333,27.7,17.6,0.6,4.0200000000000005,0.29275,225.70833333333334,0.2348557762656913,131.9,196.7,390.3,7.470833333333331,259.15,0.2348557762656913
RP_Talhao_Central,2025-04-22,22.233333333333334,28.2,17.3,0.2,3.88,0.29675,220.91666666666666,0.2348557762656913,116.80000000000001,195.3,381.7,7.233333333333334,257.70416666666665,0.2348557762656913
RP_Talhao_Central,2025-04-23,22.733333333333334,28.4,17.9,0.4,3.41,0.29920833333333335,195.54166666666666,0.2348557762656913,112.00000000000001,195.00000000000003,376.40000000000003,7.733333333333334,256.6041666666667,0.2348557762656913
RP_Talhao_Central,2025-04-24,22.395833333333332,28.2,19.9,7.0,2.29,0.3096666666666667,127.58333333333333,0.2348557762656913,117.30000000000001,202.00000000000003,382.8,7.395833333333332,253.42083333333332,0.2348557762656913
RP_Talhao_Central,2025-04-25,21.758333333333336,25.4,19.2,2.8000000000000003,2.44,0.33216666666666667,147.16666666666666,0.2348557762656913,111.70000000000002,204.3,375.59999999999997,6.758333333333336,250.06666666666666,0.2348557762656913
RP_Talhao_Central,2025-04-26,21.416666666666668,26.6,18.3,9.6,2.82,0.3549166666666666,177.08333333333334,0.2348557762656913,120.80000000000001,213.9,364.2,6.416666666666668,246.025,0.2348557762656913
RP_Talhao_Central,2025-04-27,22.28333333333333,26.5,18.7,0.2,2.68,0.353625,162.625,0.2348557762656913,120.20000000000002,214.10000000000002,352.09999999999997,7.283333333333331,241.29583333333335,0.2348557762656913
RP_Talhao_Central,2025-04-28,21.95,24.2,20.4,1.7,1.6,0.35024999999999995,93.625,0.2348557762656913,119.10000000000001,215.8,348.4,6.949999999999999,237.96666666666667,0.2348557762656913
RP_Talhao_Central,2025-04-29,22.075,26.5,19.6,1.1,3.17,0.34008333333333335,185.125,0.2348557762656913,119.9,216.7,340.0,7.074999999999999,235.39583333333331,0.2348557762656913
RP_Talhao_Central,2025-04-30,21.108333333333334,26.5,16.5,0.0,3.68,0.33358333333333334,216.33333333333334,0.2348557762656913,111.4,216.7,326.6,6.108333333333334,233.925,0.2348557762656913
RP_Talhao_Central,2025-05-01,21.016666666666666,27.2,16.1,0.0,3.84,0.3313333333333333,218.70833333333334,0.2501378758223133,110.60000000000001,216.7,306.9,6.016666666666666,229.87499999999997,0.2501378758223133
RP_Talhao_Central,2025-05-02,21.40833333333333,27.6,16.3,0.0,4.04,0.34029166666666666,224.625,0.2501378758223133,110.00000000000001,216.7,286.6,6.408333333333331,224.86666666666665,0.2501378758223133
RP_Talhao_Central,2025-05-03,21.833333333333332,28.2,16.6,0.0,3.72,0.34349999999999997,209.875,0.2501378758223133,105.80000000000001,216.2,269.7,6.833333333333332,221.225,0.2501378758223133
RP_Talhao_Central,2025-05-04,21.129166666666666,26.9,16.0,0.0,3.74,0.35224999999999995,205.79166666666666,0.2501378758223133,100.60000000000001,215.5,254.1,6.129166666666666,218.36249999999998,0.2501378758223133
RP_Talhao_Central,2025-05-05,20.6125,26.2,15.9,0.0,3.7600000000000002,0.36604166666666665,202.20833333333334,0.2501378758223133,100.5,215.5,253.9,5.612500000000001,216.31666666666666,0.2501378758223133
RP_Talhao_Central,2025-05-06,21.066666666666666,27.8,15.1,0.0,3.7,0.37354166666666666,216.20833333333334,0.2501378758223133,99.9,215.5,240.7,6.066666666666666,215.425,0.2501378758223133
RP_Talhao_Central,2025-05-07,22.40416666666667,28.9,16.6,0.0,3.55,0.38562500000000005,201.20833333333334,0.2501378758223133,99.9,215.5,239.8,7.404166666666669,215.39583333333334,0.2501378758223133
RP_Talhao_Central,2025-05-08,23.2625,29.5,18.0,0.0,3.72,0.38875,213.08333333333334,0.2501378758223133,99.9,215.5,235.0,8.2625,214.72916666666666,0.2501378758223133
RP_Talhao_Central,2025-05-09,23.445833333333336,29.9,18.0,0.0,4.06,0.3875,216.91666666666666,0.2501378758223133,93.4,215.2,235.0,8.445833333333336,214.30833333333337,0.2501378758223133
RP_Talhao_Central,2025-05-10,23.991666666666664,30.6,17.8,0.5,3.96,0.3857083333333333,200.5,0.2501378758223133,79.5,211.29999999999998,235.5,8.991666666666664,215.84583333333333,0.2501378758223133
RP_Talhao_Central,2025-05-11,22.066666666666666,28.8,18.0,0.8,3.51,0.3802916666666667,188.70833333333334,0.2501378758223133,80.3,209.20000000000002,236.29999999999998,7.066666666666666,215.11666666666667,0.2501378758223133
RP_Talhao_Central,2025-05-12,21.516666666666666,27.1,17.1,0.6000000000000001,3.61,0.37695833333333334,189.0,0.2501378758223133,80.90000000000002,200.8,236.3,6.516666666666666,213.5875,0.2501378758223133
RP_Talhao_Central,2025-05-13,21.129166666666666,25.1,18.1,0.0,3.18,0.376125,164.79166666666666,0.2501378758223133,80.70000000000002,196.1,235.4,6.129166666666666,212.71666666666667,0.2501378758223133
RP_Talhao_Central,2025-05-14,20.791666666666668,25.9,16.8,0.30000000000000004,3.6,0.37316666666666665,191.625,0.2501378758223133,79.9,190.3,235.0,5.791666666666668,210.48333333333332,0.2501378758223133
RP_Talhao_Central,2025-05-15,19.879166666666666,25.4,15.0,0.0,3.74,0.37375,203.45833333333334,0.2501378758223133,71.20000000000002,180.20000000000002,228.4,4.879166666666666,208.0625,0.2501378758223133
RP_Talhao_Central,2025-05-16,20.579166666666666,26.5,15.7,0.0,3.71,0.37333333333333335,209.625,0.2501378758223133,56.500000000000014,176.60000000000002,228.1,5.579166666666666,207.16666666666666,0.2501378758223133
RP_Talhao_Central,2025-05-17,21.275,27.7,16.0,0.0,3.9000000000000004,0.36641666666666667,209.08333333333334,0.2501378758223133,48.10000000000001,166.60000000000002,228.1,6.274999999999999,205.64583333333334,0.2501378758223133
RP_Talhao_Central,2025-05-18,21.837500000000002,27.9,17.1,0.0,3.99,0.36145833333333327,205.91666666666666,0.2501378758223133,45.10000000000001,159.5,227.9,6.837500000000002,204.925,0.2501378758223133
RP_Talhao_Central,2025-05-19,21.666666666666668,28.2,16.2,0.0,3.97,0.35712499999999997,208.29166666666666,0.2501378758223133,26.000000000000014,159.5,224.1,6.666666666666668,204.175,0.2501378758223133
RP_Talhao_Central,2025-05-20,21.179166666666667,27.3,15.6,0.0,3.6700000000000004,0.35345833333333326,206.125,0.2501378758223133,25.800000000000015,159.5,222.5,6.179166666666667,202.51666666666668,0.2501378758223133
RP_Talhao_Central,2025-05-21,21.275000000000002,27.7,15.3,0.0,3.82,0.3499583333333333,203.41666666666666,0.2501378758223133,25.200000000000014,157.10000000000002,221.9,6.275000000000002,201.32083333333335,0.2501378758223133
RP_Talhao_Central,2025-05-22,21.133333333333333,27.9,15.0,0.0,3.83,0.3467916666666666,205.375,0.2501378758223133,25.000000000000014,141.8,220.29999999999998,6.133333333333333,200.22083333333333,0.2501378758223133
RP_Talhao_Central,2025-05-23,20.679166666666667,27.4,14.7,0.0,3.74,0.34400000000000003,203.79166666666666,0.2501378758223133,24.600000000000016,136.60000000000002,219.6,5.679166666666667,198.16666666666669,0.2501378758223133
RP_Talhao_Central,2025-05-24,21.391666666666666,28.2,15.7,0.0,3.7600000000000002,0.3411666666666667,197.66666666666666,0.2501378758223133,17.600000000000016,134.9,219.6,6.391666666666666,197.1625,0.2501378758223133
RP_Talhao_Central,2025-05-25,21.608333333333334,28.4,16.3,0.0,3.77,0.3389583333333333,196.91666666666666,0.2501378758223133,14.800000000000015,126.50000000000001,219.1,6.608333333333334,197.01250000000002,0.2501378758223133
RP_Talhao_Central,2025-05-26,21.691666666666666,28.1,16.6,0.0,4.15,0.3365833333333334,195.25,0.2501378758223133,5.200000000000014,126.00000000000001,219.1,6.691666666666666,197.2875,0.2501378758223133
RP_Talhao_Central,2025-05-27,22.304166666666664,28.5,16.7,0.0,3.83,0.33441666666666664,165.58333333333334,0.2501378758223133,5.000000000000014,125.20000000000002,219.1,7.304166666666664,197.3083333333333,0.2501378758223133
RP_Talhao_Central,2025-05-28,21.912499999999998,27.2,17.7,1.5,3.21,0.3325416666666667,142.125,0.2501378758223133,4.800000000000015,123.90000000000002,220.6,6.912499999999998,197.27083333333331,0.2501378758223133
RP_Talhao_Central,2025-05-29,15.745833333333332,18.9,12.4,0.8,1.72,0.333875,102.0,0.2501378758223133,4.500000000000014,124.4,221.20000000000002,0.7458333333333318,190.94166666666666,0.2501378758223133
RP_Talhao_Central,2025-05-30,14.887500000000001,21.4,9.0,0.0,2.84,0.3355416666666667,202.20833333333334,0.2501378758223133,4.500000000000014,115.9,221.20000000000002,0.0,184.83333333333331,0.2501378758223133
RP_Talhao_Central,2025-05-31,18.045833333333334,26.0,11.0,0.0,3.19,0.333,198.75,0.2501378758223133,4.500000000000014,115.10000000000001,221.20000000000002,3.0458333333333343,181.8625,0.2501378758223133
RP_Talhao_Central,2025-06-01,19.787499999999998,27.8,12.5,0.0,3.5,0.33258333333333334,195.54166666666666,0.2453675810183314,4.500000000000014,114.50000000000001,221.20000000000002,4.787499999999998,180.24166666666667,0.2453675810183314
RP_Talhao_Central,2025-06-02,21.175,28.2,15.5,0.0,3.87,0.3310416666666667,188.04166666666666,0.2453675810183314,4.500000000000014,110.30000000000001,220.70000000000002,6.175000000000001,179.58333333333334,0.2453675810183314
RP_Talhao_Central,2025-06-03,20.258333333333333,25.1,16.5,1.2,2.57,0.32908333333333334,145.70833333333334,0.2453675810183314,5.700000000000014,106.30000000000001,221.2,5.258333333333333,178.7125,0.2453675810183314
RP_Talhao_Central,2025-06-04,21.195833333333333,27.7,15.4,0.0,3.04,0.332,185.0,0.2453675810183314,5.700000000000014,106.20000000000002,221.2,6.195833333333333,179.29583333333332,0.2453675810183314
RP_Talhao_Central,2025-06-05,22.066666666666666,28.1,16.6,0.0,3.17,0.3404583333333333,170.29166666666666,0.2453675810183314,5.700000000000014,105.60000000000001,221.2,7.066666666666666,180.29583333333332,0.2453675810183314
RP_Talhao_Central,2025-06-06,21.579166666666666,26.9,16.9,1.0,3.0100000000000002,0.3499999999999999,175.04166666666666,0.2453675810183314,6.700000000000014,106.60000000000001,222.2,6.579166666666666,179.47083333333333,0.2453675810183314
RP_Talhao_Central,2025-06-07,21.395833333333332,27.3,16.0,0.0,3.01,0.3609583333333333,175.16666666666666,0.2453675810183314,6.700000000000014,106.60000000000001,222.2,6.395833333333332,177.60416666666666,0.2453675810183314
RP_Talhao_Central,2025-06-08,20.5125,26.6,15.7,0.1,2.73,0.36879166666666663,158.625,0.2453675810183314,6.800000000000014,100.2,222.0,5.512499999999999,174.67083333333332,0.2453675810183314
RP_Talhao_Central,2025-06-09,19.145833333333332,22.9,16.6,3.5,1.92,0.3774583333333333,117.66666666666667,0.2453675810183314,9.800000000000015,89.30000000000001,221.1,4.145833333333332,169.825,0.2453675810183314
RP_Talhao_Central,2025-06-10,18.483333333333334,22.0,16.0,1.8,2.17,0.3761666666666667,141.91666666666666,0.2453675810183314,10.800000000000013,91.10000000000001,220.0,3.4833333333333343,166.24166666666667,0.2453675810183314
RP_Talhao_Central,2025-06-11,15.945833333333333,20.5,12.2,0.0,2.9499999999999997,0.383,194.29166666666666,0.2453675810183314,10.200000000000014,91.10000000000001,211.0,0.9458333333333329,160.67083333333332,0.2453675810183314
RP_Talhao_Central,2025-06-12,14.533333333333333,20.7,9.3,0.0,3.16,0.3857083333333333,195.83333333333334,0.2453675810183314,10.200000000000014,90.9,206.3,0.0,154.54166666666666,0.2453675810183314
RP_Talhao_Central,2025-06-13,16.154166666666665,22.7,11.2,0.0,3.33,0.38845833333333335,192.875,0.2453675810183314,9.900000000000013,89.80000000000001,200.2,1.154166666666665,149.90416666666667,0.2453675810183314
RP_Talhao_Central,2025-06-14,17.275000000000002,23.3,12.6,0.0,3.5700000000000003,0.3837916666666667,189.75,0.2453675810183314,9.900000000000013,81.10000000000001,190.1,2.275000000000002,147.29999999999998,0.2453675810183314
RP_Talhao_Central,2025-06-15,18.104166666666668,24.0,13.7,0.0,2.39,0.397125,138.16666666666666,0.2453675810183314,9.900000000000013,66.4,186.5,3.104166666666668,144.825,0.2453675810183314
RP_Talhao_Central,2025-06-16,18.7,24.9,13.7,0.0,3.05,0.40225,187.91666666666666,0.2453675810183314,9.900000000000013,58.00000000000001,176.5,3.6999999999999993,142.25,0.2453675810183314
RP_Talhao_Central,2025-06-17,18.408333333333335,24.1,14.0,0.0,3.4,0.39295833333333335,192.75,0.2453675810183314,9.900000000000013,55.00000000000001,169.4,3.408333333333335,138.82083333333333,0.2453675810183314
RP_Talhao_Central,2025-06-18,18.695833333333333,25.4,13.1,0.0,3.19,0.3834166666666667,189.25,0.2453675810183314,9.900000000000013,35.900000000000006,169.4,3.695833333333333,135.85,0.2453675810183314
RP_Talhao_Central,2025-06-19,19.566666666666666,26.2,13.1,0.0,2.86,0.3793333333333333,169.875,0.2453675810183314,9.900000000000013,35.7,169.4,4.566666666666666,134.23749999999998,0.2453675810183314
RP_Talhao_Central,2025-06-20,20.433333333333334,26.2,14.2,0.0,3.12,0.37362500000000004,168.29166666666666,0.2453675810183314,9.900000000000013,35.10000000000001,167.0,5.433333333333334,133.39583333333331,0.2453675810183314
RP_Talhao_Central,2025-06-21,20.270833333333332,26.3,15.5,0.0,3.02,0.369,164.125,0.2453675810183314,9.900000000000013,34.900000000000006,151.7,5.270833333333332,132.53333333333333,0.2453675810183314
RP_Talhao_Central,2025-06-22,20.683333333333334,27.9,14.7,0.0,3.37,0.36470833333333336,160.95833333333334,0.2453675810183314,9.900000000000013,34.50000000000001,146.5,5.683333333333334,132.5375,0.2453675810183314
RP_Talhao_Central,2025-06-23,20.845833333333335,28.2,17.1,5.6,3.15,0.36070833333333335,142.91666666666666,0.2453675810183314,15.500000000000014,33.10000000000001,150.4,5.845833333333335,131.99166666666667,0.2453675810183314
RP_Talhao_Central,2025-06-24,14.720833333333333,17.7,8.4,8.8,2.21,0.35791666666666666,162.20833333333334,0.2453675810183314,24.300000000000015,39.10000000000001,150.8,0.0,125.38333333333333,0.2453675810183314
RP_Talhao_Central,2025-06-25,13.85,22.4,5.9,0.0,2.91,0.34175,197.625,0.2453675810183314,24.300000000000015,29.500000000000007,150.3,0.0,118.69166666666666,0.2453675810183314
RP_Talhao_Central,2025-06-26,20.275000000000002,27.4,14.9,0.0,3.31,0.30816666666666664,188.16666666666666,0.2453675810183314,24.300000000000015,29.300000000000008,149.5,5.275000000000002,116.6625,0.2453675810183314
RP_Talhao_Central,2025-06-27,21.191666666666666,26.6,15.8,0.0,2.89,0.29383333333333334,175.79166666666666,0.2453675810183314,22.800000000000015,27.60000000000001,146.70000000000002,6.191666666666666,115.94166666666666,0.2453675810183314
RP_Talhao_Central,2025-06-28,21.2625,27.6,16.5,0.0,3.67,0.297875,186.70833333333334,0.2453675810183314,22.000000000000014,26.500000000000007,146.4,6.262499999999999,121.45833333333333,0.2453675810183314
RP_Talhao_Central,2025-06-29,21.708333333333332,28.1,15.5,0.0,3.71,0.29275,188.0,0.2453675810183314,22.000000000000014,26.500000000000007,137.9,6.708333333333332,128.16666666666666,0.2453675810183314
RP_Talhao_Central,2025-06-30,21.116666666666667,28.1,14.4,0.0,3.16,0.30824999999999997,174.25,0.2453675810183314,22.000000000000014,26.500000000000007,137.1,6.116666666666667,131.23749999999998,0.2453675810183314
RP_Talhao_Central,2025-07-01,19.8875,25.7,15.0,0.0,2.97,0.3130833333333333,176.33333333333334,0.2221529320100108,22.000000000000014,26.500000000000007,136.5,4.887499999999999,131.3375,0.2221529320100108
RP_Talhao_Central,2025-07-02,19.033333333333335,26.1,13.8,0.0,3.03,0.31925,178.91666666666666,0.2221529320100108,22.000000000000014,26.500000000000007,132.3,4.033333333333335,129.19583333333333,0.2221529320100108
RP_Talhao_Central,2025-07-03,17.275,23.4,12.6,0.0,3.03,0.324625,177.70833333333334,0.2221529320100108,20.800000000000015,26.500000000000007,127.10000000000001,2.2749999999999986,126.21249999999999,0.2221529320100108
RP_Talhao_Central,2025-07-04,17.345833333333335,24.2,12.0,0.0,2.9899999999999998,0.325625,176.04166666666666,0.2221529320100108,20.800000000000015,26.500000000000007,127.0,2.345833333333335,122.3625,0.2221529320100108
RP_Talhao_Central,2025-07-05,18.287499999999998,24.3,12.9,0.0,3.11,0.323625,189.08333333333334,0.2221529320100108,20.800000000000015,26.500000000000007,126.4,3.287499999999998,118.58333333333334,0.2221529320100108
RP_Talhao_Central,2025-07-06,17.966666666666665,24.8,11.7,0.0,3.29,0.32254166666666667,194.79166666666666,0.2221529320100108,19.800000000000015,26.500000000000007,126.4,2.966666666666665,114.97083333333333,0.2221529320100108
RP_Talhao_Central,2025-07-07,17.970833333333335,24.9,11.5,0.0,3.29,0.32145833333333335,195.125,0.2221529320100108,19.800000000000015,26.500000000000007,126.4,2.970833333333335,111.54583333333333,0.2221529320100108
RP_Talhao_Central,2025-07-08,18.729166666666668,25.2,12.1,0.0,3.29,0.3202083333333334,194.25,0.2221529320100108,19.700000000000017,26.500000000000007,119.9,3.729166666666668,109.7625,0.2221529320100108
RP_Talhao_Central,2025-07-09,18.775000000000002,25.1,13.1,0.0,3.62,0.31875000000000003,187.5,0.2221529320100108,16.200000000000017,26.000000000000007,105.5,3.775000000000002,109.39166666666667,0.2221529320100108
RP_Talhao_Central,2025-07-10,18.912499999999998,25.0,13.6,0.0,4.14,0.3176666666666667,197.58333333333334,0.2221529320100108,14.400000000000016,25.200000000000006,105.5,3.912499999999998,109.82083333333333,0.2221529320100108
RP_Talhao_Central,2025-07-11,19.841666666666665,24.8,14.8,0.0,3.54,0.31666666666666665,165.41666666666666,0.2221529320100108,14.400000000000016,24.60000000000001,105.5,4.841666666666665,113.71666666666667,0.2221529320100108
RP_Talhao_Central,2025-07-12,20.400000000000002,25.8,15.4,0.0,3.55,0.3157083333333333,156.0,0.2221529320100108,14.400000000000016,24.60000000000001,105.3,5.400000000000002,119.11666666666667,0.2221529320100108
RP_Talhao_Central,2025-07-13,19.879166666666666,23.5,15.9,0.0,2.6,0.315,96.08333333333333,0.2221529320100108,14.400000000000016,24.300000000000008,104.2,4.879166666666666,122.84166666666667,0.2221529320100108
RP_Talhao_Central,2025-07-14,20.175,25.7,14.8,0.0,2.96,0.3144166666666667,138.5,0.2221529320100108,14.400000000000016,24.300000000000008,95.5,5.175000000000001,125.74166666666666,0.2221529320100108
RP_Talhao_Central,2025-07-15,19.754166666666666,25.7,14.6,0.0,3.1999999999999997,0.315625,157.70833333333334,0.2221529320100108,14.400000000000016,24.300000000000008,80.80000000000001,4.754166666666666,127.39166666666668,0.2221529320100108
RP_Talhao_Central,2025-07-16,18.966666666666665,25.8,12.0,0.0,3.86,0.3135833333333333,202.45833333333334,0.2221529320100108,14.400000000000016,24.300000000000008,72.4,3.966666666666665,127.65833333333333,0.2221529320100108
RP_Talhao_Central,2025-07-17,19.55,26.4,12.2,0.0,3.65,0.3125833333333333,200.625,0.2221529320100108,14.400000000000016,24.300000000000008,69.4,4.550000000000001,128.8,0.2221529320100108
RP_Talhao_Central,2025-07-18,19.208333333333332,25.8,12.0,0.0,3.4499999999999997,0.311625,195.95833333333334,0.2221529320100108,14.400000000000016,24.300000000000008,50.3,4.208333333333332,129.3125,0.2221529320100108
RP_Talhao_Central,2025-07-19,19.491666666666667,26.3,12.8,0.0,3.4899999999999998,0.31066666666666665,201.75,0.2221529320100108,14.400000000000016,24.300000000000008,50.099999999999994,4.491666666666667,129.2375,0.2221529320100108
RP_Talhao_Central,2025-07-20,19.733333333333334,27.0,13.2,0.0,3.71,0.31,195.0,0.2221529320100108,14.400000000000016,24.300000000000008,49.5,4.733333333333334,128.5375,0.2221529320100108
RP_Talhao_Central,2025-07-21,20.958333333333332,28.2,14.1,0.0,3.58,0.3090833333333333,199.5,0.2221529320100108,14.400000000000016,24.300000000000008,49.3,5.958333333333332,129.225,0.2221529320100108
RP_Talhao_Central,2025-07-22,21.508333333333336,28.3,14.8,0.0,4.1000000000000005,0.30845833333333333,199.20833333333334,0.2221529320100108,14.400000000000016,24.300000000000008,48.900000000000006,6.508333333333336,130.05,0.2221529320100108
RP_Talhao_Central,2025-07-23,21.295833333333334,28.0,14.9,0.0,4.31,0.3075,203.20833333333334,0.2221529320100108,8.800000000000015,24.300000000000008,41.900000000000006,6.295833333333334,130.5,0.2221529320100108
RP_Talhao_Central,2025-07-24,21.083333333333332,28.4,15.0,0.0,4.34,0.306625,202.70833333333334,0.2221529320100108,0.0,24.300000000000008,39.099999999999994,6.083333333333332,136.58333333333334,0.2221529320100108
RP_Talhao_Central,2025-07-25,21.0125,28.5,16.3,0.0,3.7399999999999998,0.306,166.79166666666666,0.2221529320100108,0.0,24.300000000000008,29.5,6.012499999999999,142.59583333333333,0.2221529320100108
RP_Talhao_Central,2025-07-26,20.95,29.3,13.8,0.0,3.98,0.3050833333333333,207.04166666666666,0.2221529320100108,0.0,24.300000000000008,29.3,5.949999999999999,143.27083333333334,0.2221529320100108
RP_Talhao_Central,2025-07-27,23.229166666666668,31.1,15.9,0.0,4.74,0.3045,198.54166666666666,0.2221529320100108,0.0,22.800000000000008,27.6,8.229166666666668,145.30833333333334,0.2221529320100108
RP_Talhao_Central,2025-07-28,21.266666666666666,24.2,16.6,5.0,3.22,0.30391666666666667,135.625,0.2221529320100108,5.000000000000014,27.000000000000007,31.5,6.266666666666666,145.3125,0.2221529320100108
RP_Talhao_Central,2025-07-29,16.75,21.8,12.5,0.2,3.27,0.30316666666666664,207.58333333333334,0.2221529320100108,5.200000000000014,27.200000000000006,31.7,1.75,140.35416666666666,0.2221529320100108
RP_Talhao_Central,2025-07-30,15.125,22.4,9.3,0.0,3.75,0.3099166666666667,220.125,0.2221529320100108,5.200000000000014,27.200000000000006,31.7,0.125,134.36249999999998,0.2221529320100108
RP_Talhao_Central,2025-07-31,16.925,26.0,9.6,0.0,4.34,0.3104166666666667,218.125,0.2221529320100108,5.200000000000014,27.200000000000006,31.7,1.9250000000000007,131.4,0.2221529320100108
RP_Talhao_Central,2025-08-01,19.929166666666667,28.1,13.9,0.0,4.68,0.30895833333333333,215.41666666666666,0.2052603934085987,5.200000000000014,27.200000000000006,31.7,4.929166666666667,132.29583333333332,0.2052603934085987
RP_Talhao_Central,2025-08-02,20.483333333333334,28.3,14.4,0.0,4.85,0.308,212.66666666666666,0.2052603934085987,5.200000000000014,26.000000000000007,31.7,5.483333333333334,135.50416666666666,0.2052603934085987
RP_Talhao_Central,2025-08-03,20.191666666666666,28.1,14.1,0.0,4.64,0.3072916666666667,217.41666666666666,0.2052603934085987,5.200000000000014,26.000000000000007,31.7,5.191666666666666,138.35,0.2052603934085987
RP_Talhao_Central,2025-08-04,20.579166666666666,27.9,13.9,0.0,4.49,0.30645833333333333,205.04166666666666,0.2052603934085987,5.200000000000014,26.000000000000007,31.7,5.579166666666666,140.64166666666665,0.2052603934085987
RP_Talhao_Central,2025-08-05,18.212500000000002,20.8,15.8,1.9,1.98,0.30591666666666667,56.041666666666664,0.2052603934085987,7.100000000000014,26.90000000000001,33.6,3.212500000000002,140.8875,0.2052603934085987
RP_Talhao_Central,2025-08-06,18.891666666666666,25.4,12.9,0.0,3.79,0.305,204.08333333333334,0.2052603934085987,7.100000000000014,26.90000000000001,33.6,3.8916666666666657,141.80833333333334,0.2052603934085987
RP_Talhao_Central,2025-08-07,20.870833333333334,28.1,13.6,0.0,3.94,0.30454166666666665,199.5,0.2052603934085987,7.100000000000014,26.800000000000008,33.6,5.870833333333334,143.95000000000002,0.2052603934085987
RP_Talhao_Central,2025-08-08,21.983333333333334,28.8,15.7,0.1,4.41,0.303,179.83333333333334,0.2052603934085987,7.200000000000014,23.400000000000006,33.2,6.983333333333334,147.15833333333333,0.2052603934085987
RP_Talhao_Central,2025-08-09,17.525000000000002,21.9,13.5,0.0,3.92,0.30266666666666664,220.45833333333334,0.2052603934085987,7.200000000000014,21.600000000000005,32.400000000000006,2.525000000000002,145.77083333333334,0.2052603934085987
RP_Talhao_Central,2025-08-10,14.995833333333332,21.7,8.6,0.0,4.19,0.313625,233.79166666666666,0.2052603934085987,7.200000000000014,21.600000000000005,31.8,0.0,140.92916666666667,0.2052603934085987
RP_Talhao_Central,2025-08-11,15.279166666666667,22.4,8.5,0.0,3.91,0.312625,232.29166666666666,0.2052603934085987,7.200000000000014,21.600000000000005,31.8,0.2791666666666668,135.80833333333334,0.2052603934085987
RP_Talhao_Central,2025-08-12,16.708333333333332,24.6,9.1,0.0,4.17,0.3119166666666667,232.125,0.2052603934085987,7.200000000000014,21.600000000000005,31.5,1.7083333333333321,132.63750000000002,0.2052603934085987
RP_Talhao_Central,2025-08-13,19.5,28.3,10.8,0.0,4.37,0.31066666666666665,232.25,0.2052603934085987,7.200000000000014,21.600000000000005,31.5,4.5,131.9625,0.2052603934085987
RP_Talhao_Central,2025-08-14,21.125,29.7,13.4,0.0,5.0,0.309625,232.875,0.2052603934085987,7.200000000000014,21.600000000000005,31.5,6.125,133.33333333333334,0.2052603934085987
RP_Talhao_Central,2025-08-15,20.625,29.4,12.7,0.0,4.85,0.308625,228.08333333333334,0.2052603934085987,7.200000000000014,21.600000000000005,31.5,5.625,134.99166666666667,0.2052603934085987
RP_Talhao_Central,2025-08-16,23.066666666666666,30.9,16.6,0.0,4.82,0.307625,222.95833333333334,0.2052603934085987,7.200000000000014,21.600000000000005,31.5,8.066666666666666,138.50833333333335,0.2052603934085987
RP_Talhao_Central,2025-08-17,23.445833333333336,30.7,16.8,0.0,4.61,0.306625,212.04166666666666,0.2052603934085987,7.200000000000014,21.600000000000005,31.5,8.445833333333336,142.74583333333334,0.2052603934085987
RP_Talhao_Central,2025-08-18,23.495833333333334,30.4,17.4,0.0,5.2,0.3056666666666667,230.75,0.2052603934085987,7.200000000000014,21.600000000000005,31.5,8.495833333333334,146.75,0.2052603934085987
RP_Talhao_Central,2025-08-19,24.133333333333336,32.3,17.5,0.0,5.78,0.3047083333333333,228.45833333333334,0.2052603934085987,7.200000000000014,21.600000000000005,31.5,9.133333333333336,151.15,0.2052603934085987
RP_Talhao_Central,2025-08-20,25.537499999999998,32.2,18.9,0.0,5.12,0.30395833333333333,194.25,0.2052603934085987,7.200000000000014,21.600000000000005,31.5,10.537499999999998,155.72916666666669,0.2052603934085987
RP_Talhao_Central,2025-08-21,25.445833333333336,32.5,18.6,0.0,4.4,0.303,203.08333333333334,0.2052603934085987,7.200000000000014,21.600000000000005,31.5,10.445833333333336,159.66666666666669,0.2052603934085987
RP_Talhao_Central,2025-08-22,26.104166666666668,33.2,19.7,0.0,6.36,0.30233333333333334,231.875,0.2052603934085987,7.200000000000014,16.000000000000007,31.5,11.104166666666668,164.475,0.2052603934085987
RP_Talhao_Central,2025-08-23,25.945833333333336,33.0,18.9,0.0,5.5600000000000005,0.30141666666666667,235.79166666666666,0.2052603934085987,7.200000000000014,7.200000000000007,31.5,10.945833333333336,169.33750000000003,0.2052603934085987
RP_Talhao_Central,2025-08-24,25.829166666666666,33.7,17.5,0.0,5.09,0.3005,232.0,0.2052603934085987,7.200000000000014,7.200000000000007,31.5,10.829166666666666,174.15416666666667,0.2052603934085987
RP_Talhao_Central,2025-08-25,25.71666666666667,33.2,18.1,0.0,5.17,0.29954166666666665,217.95833333333334,0.2052603934085987,7.200000000000014,7.200000000000007,31.5,10.716666666666669,178.92083333333335,0.2052603934085987
RP_Talhao_Central,2025-08-26,25.558333333333334,33.1,18.3,0.0,5.14,0.2987083333333333,197.25,0.2052603934085987,7.200000000000014,7.200000000000007,30.0,10.558333333333334,181.25000000000003,0.2052603934085987
RP_Talhao_Central,2025-08-27,24.416666666666668,31.4,18.5,0.0,4.99,0.298,210.95833333333334,0.2052603934085987,2.200000000000014,7.200000000000007,29.2,9.416666666666668,184.4,0.2052603934085987
RP_Talhao_Central,2025-08-28,25.0625,31.3,18.7,0.0,4.9,0.2975,213.66666666666666,0.2052603934085987,2.0000000000000138,7.200000000000007,29.2,10.0625,192.7125,0.2052603934085987
RP_Talhao_Central,2025-08-29,20.404166666666665,25.2,17.5,8.3,2.93,0.297,154.375,0.2052603934085987,10.300000000000015,15.500000000000007,37.5,5.404166666666665,197.99166666666667,0.2052603934085987
RP_Talhao_Central,2025-08-30,21.337500000000002,27.7,15.5,0.0,4.78,0.29516666666666663,232.75,0.2052603934085987,10.300000000000015,15.500000000000007,37.5,6.337500000000002,202.40416666666667,0.2052603934085987
RP_Talhao_Central,2025-08-31,22.5625,29.4,16.5,0.0,5.41,0.2794166666666667,235.70833333333334,0.2052603934085987,10.300000000000015,15.500000000000007,37.5,7.5625,205.03750000000002,0.2052603934085987
RP_Talhao_Central,2025-09-01,23.349999999999998,29.4,17.9,0.0,5.36,0.279,225.33333333333334,0.1927462641845359,10.300000000000015,15.500000000000007,36.3,8.349999999999998,207.90416666666667,0.1927462641845359
RP_Talhao_Central,2025-09-02,23.099999999999998,28.3,18.2,0.0,5.03,0.279,198.79166666666666,0.1927462641845359,10.300000000000015,15.500000000000007,36.3,8.099999999999998,210.8125,0.1927462641845359
RP_Talhao_Central,2025-09-03,23.474999999999998,29.9,18.2,0.0,5.55,0.279,234.08333333333334,0.1927462641845359,10.300000000000015,15.500000000000007,36.3,8.474999999999998,213.70833333333337,0.1927462641845359
RP_Talhao_Central,2025-09-04,23.8875,30.5,17.6,0.0,4.96,0.279,226.33333333333334,0.1927462641845359,8.400000000000015,15.500000000000007,35.3,8.8875,219.38333333333335,0.1927462641845359
RP_Talhao_Central,2025-09-05,24.945833333333336,31.7,17.8,0.0,5.2299999999999995,0.279,248.41666666666666,0.1927462641845359,8.400000000000015,15.500000000000007,35.3,9.945833333333336,225.4375,0.1927462641845359
RP_Talhao_Central,2025-09-06,24.791666666666668,32.7,17.7,0.0,5.79,0.279,240.95833333333334,0.1927462641845359,8.400000000000015,15.500000000000007,35.2,9.791666666666668,229.35833333333335,0.1927462641845359
RP_Talhao_Central,2025-09-07,25.641666666666666,33.3,18.4,0.0,5.42,0.279,230.54166666666666,0.1927462641845359,8.300000000000015,15.500000000000007,31.7,10.641666666666666,233.01666666666668,0.1927462641845359
RP_Talhao_Central,2025-09-08,27.6125,34.3,21.4,0.0,6.29,0.279,224.125,0.1927462641845359,8.300000000000015,15.500000000000007,29.9,12.6125,243.10416666666669,0.1927462641845359
RP_Talhao_Central,2025-09-09,26.712500000000002,31.3,20.9,0.0,6.31,0.279,209.75,0.1927462641845359,8.300000000000015,15.500000000000007,29.9,11.712500000000002,254.8166666666667,0.1927462641845359
RP_Talhao_Central,2025-09-10,24.316666666666666,33.0,16.3,0.0,5.57,0.279,264.4583333333333,0.1927462641845359,8.300000000000015,15.500000000000007,29.9,9.316666666666666,263.8541666666667,0.1927462641845359
RP_Talhao_Central,2025-09-11,25.266666666666666,34.1,16.3,0.0,6.43,0.279,263.6666666666667,0.1927462641845359,8.300000000000015,15.500000000000007,29.9,10.266666666666666,272.4125,0.1927462641845359
RP_Talhao_Central,2025-09-12,25.445833333333336,33.5,18.0,0.0,6.96,0.279,250.5,0.1927462641845359,8.300000000000015,15.500000000000007,29.9,10.445833333333336,278.35833333333335,0.1927462641845359
RP_Talhao_Central,2025-09-13,24.3625,32.0,17.8,0.0,5.82,0.279,243.375,0.1927462641845359,8.300000000000015,15.500000000000007,29.9,9.3625,281.59583333333336,0.1927462641845359
RP_Talhao_Central,2025-09-14,24.766666666666666,32.5,17.4,0.0,5.58,0.279,246.5,0.1927462641845359,8.300000000000015,15.500000000000007,29.9,9.766666666666666,285.7375,0.1927462641845359
RP_Talhao_Central,2025-09-15,26.27916666666667,33.6,19.2,0.0,5.67,0.279,237.25,0.1927462641845359,8.300000000000015,15.500000000000007,29.9,11.279166666666669,288.95000000000005,0.1927462641845359
RP_Talhao_Central,2025-09-16,25.40416666666667,34.4,20.5,7.5,5.45,0.279,232.45833333333334,0.1927462641845359,15.800000000000015,23.000000000000007,37.4,10.404166666666669,290.9083333333333,0.1927462641845359
RP_Talhao_Central,2025-09-17,24.375,31.1,18.8,0.0,5.78,0.27925000000000005,256.625,0.1927462641845359,15.800000000000015,23.000000000000007,37.4,9.375,291.7875,0.1927462641845359
RP_Talhao_Central,2025-09-18,23.645833333333332,32.5,15.0,0.0,5.61,0.2827083333333333,266.75,0.1927462641845359,15.800000000000015,23.000000000000007,37.4,8.645833333333332,291.3,0.1927462641845359
RP_Talhao_Central,2025-09-19,25.266666666666666,33.6,19.2,0.3,5.36,0.283,215.45833333333334,0.1927462641845359,16.100000000000016,23.300000000000008,37.699999999999996,10.266666666666666,291.0291666666667,0.1927462641845359
RP_Talhao_Central,2025-09-20,26.045833333333334,32.6,19.5,0.0,5.22,0.283,245.29166666666666,0.1927462641845359,16.100000000000016,23.300000000000008,37.699999999999996,11.045833333333334,291.6291666666667,0.1927462641845359
RP_Talhao_Central,2025-09-21,28.008333333333336,34.0,23.2,4.2,6.21,0.283,221.70833333333334,0.1927462641845359,20.300000000000015,27.500000000000007,36.3,13.008333333333336,293.53333333333336,0.1927462641845359
RP_Talhao_Central,2025-09-22,23.45,27.3,18.8,51.6,2.94,0.29404166666666665,119.58333333333333,0.1927462641845359,71.90000000000002,79.10000000000001,79.1,8.45,291.0375,0.1927462641845359
RP_Talhao_Central,2025-09-23,21.7625,27.2,17.7,0.0,4.14,0.3270416666666667,233.375,0.1927462641845359,71.9,79.10000000000001,79.1,6.762499999999999,286.9708333333333,0.1927462641845359
RP_Talhao_Central,2025-09-24,22.304166666666664,28.7,17.4,0.0,4.69,0.31695833333333334,239.41666666666666,0.1927462641845359,71.9,79.10000000000001,79.1,7.304166666666664,283.55833333333334,0.1927462641845359
RP_Talhao_Central,2025-09-25,21.429166666666664,27.0,17.0,0.0,5.0,0.306125,242.33333333333334,0.1927462641845359,71.9,79.10000000000001,79.1,6.429166666666664,279.4291666666667,0.1927462641845359
RP_Talhao_Central,2025-09-26,20.724999999999998,27.4,14.7,0.0,5.5,0.303,273.7916666666667,0.1927462641845359,71.9,74.10000000000001,79.1,5.724999999999998,275.73749999999995,0.1927462641845359
RP_Talhao_Central,2025-09-27,22.483333333333334,29.9,15.7,0.0,6.13,0.2973333333333333,279.875,0.1927462641845359,71.9,73.9,79.1,7.483333333333334,273.1583333333333,0.1927462641845359
RP_Talhao_Central,2025-09-28,25.808333333333334,34.4,17.8,0.0,6.33,0.2977083333333333,277.625,0.1927462641845359,63.600000000000016,73.9,79.1,10.808333333333334,278.5625,0.1927462641845359
RP_Talhao_Central,2025-09-29,27.333333333333332,35.2,19.7,0.0,5.93,0.2965,253.04166666666666,0.1927462641845359,63.60000000000001,73.9,79.1,12.333333333333332,284.5583333333333,0.1927462641845359
RP_Talhao_Central,2025-09-30,28.025000000000002,35.7,20.2,0.0,7.21,0.29554166666666665,286.2083333333333,0.1927462641845359,63.60000000000001,73.9,79.1,13.025000000000002,290.0208333333333,0.1927462641845359
RP_Talhao_Central,2025-10-01,28.3125,35.8,20.6,0.0,6.94,0.2945,270.2916666666667,0.2057777977472893,63.60000000000001,73.9,79.1,13.3125,294.98333333333335,0.2057777977472893
RP_Talhao_Central,2025-10-02,27.97083333333333,35.0,21.4,0.0,7.34,0.2934583333333333,261.4166666666667,0.2057777977472893,63.60000000000001,73.9,79.1,12.970833333333331,299.85416666666663,0.2057777977472893
RP_Talhao_Central,2025-10-03,27.495833333333334,33.2,22.0,0.0,7.26,0.2925,263.75,0.2057777977472893,63.60000000000001,73.9,79.1,12.495833333333334,303.875,0.2057777977472893
RP_Talhao_Central,2025-10-04,26.795833333333334,32.1,21.0,0.0,6.99,0.2917916666666666,245.25,0.2057777977472893,63.60000000000001,72.00000000000001,79.1,11.795833333333334,306.78333333333336,0.2057777977472893
RP_Talhao_Central,2025-10-05,28.116666666666664,34.8,20.9,0.0,6.79,0.291,271.4166666666667,0.2057777977472893,63.60000000000001,72.00000000000001,79.1,13.116666666666664,309.95416666666665,0.2057777977472893
RP_Talhao_Central,2025-10-06,29.53333333333333,36.8,20.9,0.0,6.24,0.29033333333333333,270.7083333333333,0.2057777977472893,63.60000000000001,72.00000000000001,79.1,14.533333333333331,314.6958333333333,0.2057777977472893
RP_Talhao_Central,2025-10-07,29.020833333333332,37.2,21.6,0.0,6.56,0.28954166666666664,254.33333333333334,0.2057777977472893,63.60000000000001,71.9,79.1,14.020833333333332,318.075,0.2057777977472893
RP_Talhao_Central,2025-10-08,24.129166666666666,32.9,18.9,9.700000000000001,5.87,0.28854166666666664,254.16666666666666,0.2057777977472893,73.30000000000001,81.60000000000001,88.8,9.129166666666666,314.5916666666667,0.2057777977472893
RP_Talhao_Central,2025-10-09,22.6875,30.6,17.7,18.4,4.86,0.29304166666666664,269.9166666666667,0.2057777977472893,91.70000000000002,100.0,107.2,7.6875,310.56666666666666,0.2057777977472893
RP_Talhao_Central,2025-10-10,21.641666666666666,26.7,19.1,11.700000000000001,3.15,0.35520833333333335,177.75,0.2057777977472893,103.4,111.7,118.9,6.641666666666666,307.89166666666665,0.2057777977472893
RP_Talhao_Central,2025-10-11,21.870833333333334,27.5,18.2,5.6000000000000005,3.7,0.3657083333333333,207.79166666666666,0.2057777977472893,109.00000000000001,117.30000000000001,124.5,6.870833333333334,304.49583333333334,0.2057777977472893
RP_Talhao_Central,2025-10-12,22.6125,30.3,17.7,6.9,4.6,0.36395833333333333,255.875,0.2057777977472893,115.9,124.2,131.4,7.612500000000001,301.6625,0.2057777977472893
RP_Talhao_Central,2025-10-13,21.458333333333332,27.0,19.1,19.599999999999998,2.83,0.37683333333333335,163.70833333333334,0.2057777977472893,135.5,143.8,151.0,6.458333333333332,298.7583333333333,0.2057777977472893
RP_Talhao_Central,2025-10-14,22.929166666666664,28.5,18.0,0.8,4.2299999999999995,0.387,246.875,0.2057777977472893,136.3,144.6,151.8,7.929166666666664,296.92083333333335,0.2057777977472893
RP_Talhao_Central,2025-10-15,24.662499999999998,31.0,19.3,0.0,5.41,0.3913333333333333,282.9583333333333,0.2057777977472893,136.3,144.6,151.8,9.662499999999998,295.3041666666666,0.2057777977472893
RP_Talhao_Central,2025-10-16,26.045833333333334,32.2,20.5,0.0,5.32,0.37295833333333334,279.7916666666667,0.2057777977472893,128.8,144.6,151.8,11.045833333333334,295.9458333333333,0.2057777977472893
RP_Talhao_Central,2025-10-17,26.116666666666664,34.4,21.6,2.6,5.58,0.35370833333333335,264.375,0.2057777977472893,131.4,147.20000000000002,154.4,11.116666666666664,297.6875,0.2057777977472893
RP_Talhao_Central,2025-10-18,21.2,27.7,19.1,33.1,2.23,0.36391666666666667,131.54166666666666,0.2057777977472893,164.5,180.3,187.5,6.199999999999999,295.2416666666666,0.2057777977472893
RP_Talhao_Central,2025-10-19,19.349999999999998,24.5,14.8,0.1,4.84,0.38375000000000004,271.875,0.2057777977472893,164.30000000000004,180.4,187.6,4.349999999999998,289.325,0.2057777977472893
RP_Talhao_Central,2025-10-20,17.958333333333332,24.9,11.9,0.0,5.7,0.38133333333333336,322.0833333333333,0.2057777977472893,164.30000000000004,180.4,187.6,2.958333333333332,281.23749999999995,0.2057777977472893
RP_Talhao_Central,2025-10-21,18.491666666666667,24.8,12.7,0.0,6.17,0.3754583333333333,326.8333333333333,0.2057777977472893,160.10000000000002,180.4,187.6,3.491666666666667,271.7208333333333,0.2057777977472893
RP_Talhao_Central,2025-10-22,19.508333333333333,25.7,14.0,0.0,6.2,0.368125,312.9166666666667,0.2057777977472893,108.50000000000001,180.4,187.6,4.508333333333333,267.77916666666664,0.2057777977472893
RP_Talhao_Central,2025-10-23,20.654166666666665,26.8,14.2,0.0,6.68,0.361375,327.7083333333333,0.2057777977472893,108.50000000000001,180.4,187.6,5.654166666666665,266.67083333333335,0.2057777977472893
RP_Talhao_Central,2025-10-24,22.945833333333336,30.4,16.4,0.0,6.96,0.35824999999999996,317.4166666666667,0.2057777977472893,108.50000000000001,180.4,187.6,7.945833333333336,267.3125,0.2057777977472893
RP_Talhao_Central,2025-10-25,25.47083333333333,33.1,18.7,0.0,6.8,0.35212499999999997,296.4166666666667,0.2057777977472893,108.50000000000001,180.4,187.6,10.470833333333331,271.35416666666663,0.2057777977472893
RP_Talhao_Central,2025-10-26,27.433333333333334,35.4,19.8,0.0,6.58,0.3465,291.3333333333333,0.2057777977472893,108.50000000000001,180.4,182.6,12.433333333333334,278.0625,0.2057777977472893
RP_Talhao_Central,2025-10-27,24.1875,29.7,21.1,1.9,4.27,0.34208333333333335,194.0,0.2057777977472893,110.40000000000002,182.3,184.3,9.1875,279.76666666666665,0.2057777977472893
RP_Talhao_Central,2025-10-28,23.883333333333336,30.2,20.2,4.3999999999999995,4.76,0.344125,249.20833333333334,0.2057777977472893,114.80000000000003,178.4,188.70000000000002,8.883333333333336,277.84166666666664,0.2057777977472893
RP_Talhao_Central,2025-10-29,22.795833333333334,27.4,20.3,3.2,3.1799999999999997,0.34725,186.33333333333334,0.2057777977472893,118.00000000000001,181.60000000000002,191.9,7.795833333333334,273.3041666666667,0.2057777977472893
RP_Talhao_Central,2025-10-30,21.420833333333334,24.5,19.1,12.8,2.88,0.349625,175.66666666666666,0.2057777977472893,130.8,194.40000000000003,204.70000000000002,6.420833333333334,266.7,0.2057777977472893
RP_Talhao_Central,2025-10-31,21.78333333333333,27.0,18.4,7.0,3.69,0.37083333333333335,223.58333333333334,0.2057777977472893,137.8,201.40000000000003,211.70000000000002,6.783333333333331,260.1708333333333,0.2057777977472893
RP_Talhao_Central,2025-11-01,23.679166666666664,29.7,18.9,1.6,5.01,0.364875,283.5,0.2133440909635954,139.40000000000003,203.00000000000003,213.3,8.679166666666664,255.87916666666663,0.2133440909635954
RP_Talhao_Central,2025-11-02,21.804166666666664,25.4,18.9,25.6,2.17,0.37566666666666665,117.0,0.2133440909635954,165.00000000000003,228.6,238.90000000000003,6.804166666666664,250.18749999999997,0.2133440909635954
RP_Talhao_Central,2025-11-03,22.90416666666667,28.3,19.1,6.3,4.33,0.4712083333333333,254.625,0.2133440909635954,171.3,234.90000000000003,243.3,7.904166666666669,246.29583333333332,0.2133440909635954
RP_Talhao_Central,2025-11-04,24.270833333333332,30.6,19.5,4.2,5.15,0.47179166666666666,291.0833333333333,0.2133440909635954,175.50000000000003,239.10000000000002,247.5,9.270833333333332,242.45,0.2133440909635954
RP_Talhao_Central,2025-11-05,22.575,29.8,19.6,5.0,3.69,0.45675,210.95833333333334,0.2133440909635954,180.50000000000003,244.10000000000002,252.5,7.574999999999999,235.49166666666665,0.2133440909635954
RP_Talhao_Central,2025-11-06,22.770833333333332,29.1,18.0,0.0,4.69,0.44295833333333334,249.95833333333334,0.2133440909635954,180.50000000000003,244.10000000000002,252.40000000000003,7.770833333333332,229.24166666666667,0.2133440909635954
RP_Talhao_Central,2025-11-07,24.504166666666666,32.7,16.5,0.0,5.86,0.427125,316.375,0.2133440909635954,170.80000000000004,244.10000000000002,252.40000000000003,9.504166666666666,229.61666666666667,0.2133440909635954
RP_Talhao_Central,2025-11-08,23.71666666666667,27.3,21.1,22.1,3.3000000000000003,0.41129166666666667,181.5,0.2133440909635954,174.50000000000003,266.20000000000005,274.5,8.716666666666669,230.64583333333334,0.2133440909635954
RP_Talhao_Central,2025-11-09,22.325,28.5,16.7,0.4,6.07,0.3970833333333334,335.6666666666667,0.2133440909635954,163.20000000000002,266.6,274.90000000000003,7.324999999999999,231.32916666666665,0.2133440909635954
RP_Talhao_Central,2025-11-10,21.9375,29.7,14.3,0.0,6.37,0.3832083333333334,340.5416666666667,0.2133440909635954,157.60000000000002,266.6,274.90000000000003,6.9375,231.39583333333331,0.2133440909635954
RP_Talhao_Central,2025-11-11,24.104166666666668,31.1,17.3,0.0,6.25,0.36591666666666667,304.5833333333333,0.2133440909635954,150.70000000000002,266.6,274.90000000000003,9.104166666666668,232.88749999999996,0.2133440909635954
RP_Talhao_Central,2025-11-12,26.495833333333334,34.0,19.5,0.0,6.89,0.35462499999999997,326.9166666666667,0.2133440909635954,131.10000000000002,266.6,274.90000000000003,11.495833333333334,237.92499999999998,0.2133440909635954
RP_Talhao_Central,2025-11-13,25.366666666666664,28.4,22.3,0.0,3.7,0.35104166666666664,158.20833333333334,0.2133440909635954,130.30000000000004,266.6,274.90000000000003,10.366666666666664,240.36249999999998,0.2133440909635954
RP_Talhao_Central,2025-11-14,25.625,31.4,21.9,0.2,4.25,0.34583333333333327,181.41666666666666,0.2133440909635954,130.50000000000003,266.8,275.1,10.625,241.325,0.2133440909635954
RP_Talhao_Central,2025-11-15,25.1375,31.1,19.9,2.5,5.25,0.3459999999999999,250.75,0.2133440909635954,133.00000000000003,261.8,277.6,10.1375,240.41666666666666,0.2133440909635954
RP_Talhao_Central,2025-11-16,24.2625,31.1,21.9,5.8999999999999995,3.99,0.3464583333333333,207.91666666666666,0.2133440909635954,136.3,267.70000000000005,283.5,9.2625,238.5625,0.2133440909635954
RP_Talhao_Central,2025-11-17,23.870833333333334,30.1,21.1,10.1,3.87,0.35512499999999997,208.625,0.2133440909635954,113.30000000000001,277.8,293.6,8.870833333333334,241.23333333333335,0.2133440909635954
RP_Talhao_Central,2025-11-18,23.133333333333336,29.4,19.3,1.9,5.03,0.351625,275.8333333333333,0.2133440909635954,115.10000000000002,279.40000000000003,295.5,8.133333333333336,245.01666666666665,0.2133440909635954
RP_Talhao_Central,2025-11-19,21.875,28.0,15.2,0.0,6.12,0.3415416666666667,353.5416666666667,0.2133440909635954,115.10000000000002,279.40000000000003,295.5,6.875,248.93333333333334,0.2133440909635954
RP_Talhao_Central,2025-11-20,24.541666666666668,32.6,16.9,0.0,7.19,0.3315,337.2083333333333,0.2133440909635954,115.10000000000002,275.20000000000005,295.5,9.541666666666668,254.98333333333332,0.2133440909635954
RP_Talhao_Central,2025-11-21,27.2,34.6,19.9,0.0,7.54,0.32083333333333336,331.0833333333333,0.2133440909635954,115.10000000000002,223.6,295.5,12.2,262.675,0.2133440909635954
RP_Talhao_Central,2025-11-22,27.195833333333336,33.1,21.4,0.1,5.8,0.31833333333333336,283.1666666666667,0.2133440909635954,115.20000000000002,223.70000000000002,295.6,12.195833333333336,269.2166666666667,0.2133440909635954
RP_Talhao_Central,2025-11-23,23.537499999999998,29.0,19.7,7.4,4.39,0.307875,242.875,0.2133440909635954,122.60000000000002,231.10000000000002,303.0,8.537499999999998,269.80833333333334,0.2133440909635954
RP_Talhao_Central,2025-11-24,20.954166666666666,27.0,17.9,10.1,3.82,0.30216666666666664,229.58333333333334,0.2133440909635954,132.70000000000002,241.20000000000002,313.1,5.954166666666666,265.2916666666667,0.2133440909635954
RP_Talhao_Central,2025-11-25,21.7375,27.4,16.6,0.0,5.77,0.32154166666666667,332.9166666666667,0.2133440909635954,132.70000000000002,241.20000000000002,313.1,6.737500000000001,259.59583333333336,0.2133440909635954
RP_Talhao_Central,2025-11-26,22.5,29.4,15.7,0.0,6.99,0.318125,366.0,0.2133440909635954,130.8,241.20000000000002,313.1,7.5,257.90833333333336,0.2133440909635954
RP_Talhao_Central,2025-11-27,23.75,31.8,15.3,0.0,6.94,0.31054166666666666,351.4583333333333,0.2133440909635954,126.4,241.20000000000002,304.8,8.75,257.775,0.2133440909635954
RP_Talhao_Central,2025-11-28,25.224999999999998,32.1,18.0,0.0,7.2299999999999995,0.31004166666666666,350.0833333333333,0.2133440909635954,123.20000000000002,241.20000000000002,304.8,10.224999999999998,260.20416666666665,0.2133440909635954
RP_Talhao_Central,2025-11-29,26.820833333333336,35.4,17.9,0.0,7.08,0.3156666666666667,342.125,0.2133440909635954,110.4,241.20000000000002,304.8,11.820833333333336,265.60416666666663,0.2133440909635954
RP_Talhao_Central,2025-11-30,28.4875,36.0,20.3,0.0,7.26,0.318375,333.3333333333333,0.2133440909635954,103.4,241.20000000000002,304.8,13.4875,272.30833333333334,0.2133440909635954
RP_Talhao_Central,2025-12-01,29.6375,35.7,21.4,0.0,7.15,0.312625,317.625,0.2258013876908789,101.80000000000001,241.20000000000002,304.8,14.6375,278.26666666666665,0.2258013876908789
RP_Talhao_Central,2025-12-02,25.837500000000002,32.9,22.3,5.6,4.25,0.3095833333333333,205.04166666666666,0.2258013876908789,81.80000000000003,246.8,310.40000000000003,10.837500000000002,282.3,0.2258013876908789
RP_Talhao_Central,2025-12-03,23.8875,29.4,20.2,12.5,4.0200000000000005,0.30145833333333333,222.54166666666666,0.2258013876908789,88.00000000000001,259.3,322.90000000000003,8.8875,283.28333333333336,0.2258013876908789
RP_Talhao_Central,2025-12-04,25.070833333333336,30.3,19.7,0.4,5.42,0.29266666666666663,287.2916666666667,0.2258013876908789,84.2,259.7,323.3,10.070833333333336,284.0833333333333,0.2258013876908789
RP_Talhao_Central,2025-12-05,26.020833333333332,31.9,19.9,0.6,6.3100000000000005,0.290875,319.1666666666667,0.2258013876908789,79.80000000000003,260.3,323.90000000000003,11.020833333333332,287.5291666666667,0.2258013876908789
RP_Talhao_Central,2025-12-06,27.941666666666666,34.1,22.0,0.5,6.68,0.28624999999999995,320.375,0.2258013876908789,80.30000000000001,260.8,324.40000000000003,12.941666666666666,292.70000000000005,0.2258013876908789
RP_Talhao_Central,2025-12-07,27.070833333333336,31.9,22.4,0.0,5.25,0.28875,262.1666666666667,0.2258013876908789,80.30000000000001,251.10000000000002,324.40000000000003,12.070833333333336,295.2666666666667,0.2258013876908789
RP_Talhao_Central,2025-12-08,24.070833333333336,29.1,21.0,14.3,4.45,0.29724999999999996,251.91666666666666,0.2258013876908789,72.50000000000001,247.0,338.7,9.070833333333336,295.62083333333334,0.2258013876908789
RP_Talhao_Central,2025-12-09,21.599999999999998,23.6,20.5,20.0,1.72,0.3045833333333333,94.58333333333333,0.2258013876908789,92.10000000000001,255.3,358.7,6.599999999999998,294.89583333333337,0.2258013876908789
RP_Talhao_Central,2025-12-10,23.258333333333336,27.6,20.3,15.700000000000001,4.12,0.3627916666666666,251.04166666666666,0.2258013876908789,107.80000000000001,265.4,374.40000000000003,8.258333333333336,296.2166666666667,0.2258013876908789
RP_Talhao_Central,2025-12-11,25.058333333333334,29.9,20.9,0.1,6.05,0.35670833333333335,334.2916666666667,0.2258013876908789,107.9,258.6,374.5,10.058333333333334,297.17083333333335,0.2258013876908789
RP_Talhao_Central,2025-12-12,24.241666666666664,29.4,19.9,6.2,4.03,0.345625,225.79166666666666,0.2258013876908789,114.10000000000001,245.20000000000002,380.7,9.241666666666664,294.91666666666663,0.2258013876908789
RP_Talhao_Central,2025-12-13,22.6125,26.9,20.6,19.7,3.08,0.35754166666666665,183.625,0.2258013876908789,133.8,264.1,400.40000000000003,7.612500000000001,292.1625,0.2258013876908789
RP_Talhao_Central,2025-12-14,22.854166666666668,25.0,21.1,6.3,2.05,0.38762500000000005,118.58333333333333,0.2258013876908789,139.9,270.40000000000003,406.7,7.854166666666668,289.3916666666667,0.2258013876908789
RP_Talhao_Central,2025-12-15,25.083333333333332,29.3,21.5,0.6,4.65,0.387875,263.875,0.2258013876908789,138.00000000000003,271.0,399.8,10.083333333333332,289.3375,0.2258013876908789
RP_Talhao_Central,2025-12-16,23.712500000000002,28.3,20.6,2.8000000000000003,2.98,0.3802083333333333,170.20833333333334,0.2258013876908789,134.9,271.2,402.6,8.712500000000002,288.7875,0.2258013876908789
RP_Talhao_Central,2025-12-17,22.766666666666666,27.4,19.8,4.3,4.1899999999999995,0.3899166666666667,229.41666666666666,0.2258013876908789,129.10000000000002,242.4,406.90000000000003,7.766666666666666,287.68333333333334,0.2258013876908789
RP_Talhao_Central,2025-12-18,22.808333333333334,27.0,18.9,0.8,4.56,0.40320833333333334,255.45833333333334,0.2258013876908789,128.0,243.1,407.4,7.808333333333334,287.35833333333335,0.2258013876908789
RP_Talhao_Central,2025-12-19,23.1125,27.5,20.4,17.7,3.9499999999999997,0.42291666666666666,238.66666666666666,0.2258013876908789,145.70000000000002,260.8,425.1,8.1125,288.59583333333336,0.2258013876908789
RP_Talhao_Central,2025-12-20,23.379166666666666,27.1,20.5,2.1999999999999997,4.36,0.46504166666666674,263.4166666666667,0.2258013876908789,147.9,263.0,423.1,8.379166666666666,287.43333333333334,0.2258013876908789
RP_Talhao_Central,2025-12-21,25.120833333333334,30.1,20.1,1.5,5.83,0.45145833333333335,328.75,0.2258013876908789,149.4,264.5,373.0,10.120833333333334,285.3541666666667,0.2258013876908789
RP_Talhao_Central,2025-12-22,25.733333333333334,31.3,21.0,0.0,6.31,0.430625,334.3333333333333,0.2258013876908789,149.3,264.5,373.0,10.733333333333334,283.89166666666665,0.2258013876908789
RP_Talhao_Central,2025-12-23,25.84583333333333,31.1,20.5,0.1,5.89,0.4074166666666667,320.6666666666667,0.2258013876908789,142.0,264.6,373.09999999999997,10.845833333333331,286.2,0.2258013876908789
RP_Talhao_Central,2025-12-24,27.0,32.4,20.4,0.0,5.859999999999999,0.38604166666666667,321.375,0.2258013876908789,131.9,264.6,373.09999999999997,12.0,292.24583333333334,0.2258013876908789
RP_Talhao_Central,2025-12-25,28.03333333333333,34.0,21.6,0.7,6.08,0.3754583333333333,318.9583333333333,0.2258013876908789,132.60000000000002,265.3,373.8,13.033333333333331,298.54166666666663,0.2258013876908789
RP_Talhao_Central,2025-12-26,28.45,35.1,23.2,0.2,6.25,0.36824999999999997,328.625,0.2258013876908789,132.8,263.6,374.0,13.45,304.4916666666667,0.2258013876908789
RP_Talhao_Central,2025-12-27,26.570833333333336,31.3,22.5,1.2,4.7,0.3739166666666667,255.625,0.2258013876908789,134.00000000000003,260.4,375.2,11.570833333333336,307.3125,0.2258013876908789
RP_Talhao_Central,2025-12-28,26.370833333333334,33.2,21.4,0.0,5.52,0.3798333333333333,303.0833333333333,0.2258013876908789,134.00000000000003,257.2,375.2,11.370833333333334,308.45833333333337,0.2258013876908789
RP_Talhao_Central,2025-12-29,27.02916666666667,33.7,21.2,2.1,6.12,0.38633333333333336,330.75,0.2258013876908789,136.10000000000002,246.5,377.3,12.029166666666669,308.6666666666667,0.2258013876908789
RP_Talhao_Central,2025-12-30,28.4875,33.9,22.5,0.3,6.57,0.3685,334.0,0.2258013876908789,136.4,239.79999999999998,377.59999999999997,13.4875,308.6666666666667,0.2258013876908789
RP_Talhao_Central,2025-12-31,26.28333333333333,31.7,21.8,1.0,4.1000000000000005,0.35600000000000004,211.29166666666666,0.2258013876908789,137.4,239.2,378.59999999999997,11.283333333333331,305.31250000000006,0.2258013876908789
RP_Talhao_Central,2026-01-01,27.087500000000002,33.4,22.4,19.6,6.16,0.35175,311.9583333333333,0.1823386117608879,151.40000000000003,233.20000000000002,398.2,12.087500000000002,306.5625,0.1823386117608879
RP_Talhao_Central,2026-01-02,23.729166666666668,29.0,21.7,15.7,3.52,0.3463333333333333,205.875,0.1823386117608879,154.60000000000002,242.6,413.9,8.729166666666668,306.4041666666667,0.1823386117608879
RP_Talhao_Central,2026-01-03,24.116666666666664,28.5,20.9,4.5,3.52,0.33720833333333333,201.375,0.1823386117608879,158.70000000000002,242.9,418.4,9.116666666666664,305.45000000000005,0.1823386117608879
RP_Talhao_Central,2026-01-04,24.84583333333333,30.1,20.5,1.6,5.56,0.32925,307.7916666666667,0.1823386117608879,159.70000000000002,239.5,420.0,9.845833333333331,304.275,0.1823386117608879
RP_Talhao_Central,2026-01-05,23.8875,30.0,19.9,0.7000000000000001,5.7299999999999995,0.32483333333333336,313.0416666666667,0.1823386117608879,159.90000000000003,240.20000000000002,420.7,8.8875,300.2208333333333,0.1823386117608879
RP_Talhao_Central,2026-01-06,23.75,28.8,19.8,0.30000000000000004,5.23,0.32058333333333333,256.1666666666667,0.1823386117608879,160.20000000000002,240.5,411.3,8.75,296.9,0.1823386117608879
RP_Talhao_Central,2026-01-07,24.116666666666664,29.3,20.1,3.5,5.08,0.3085,275.625,0.1823386117608879,149.4,221.9,396.40000000000003,9.116666666666664,296.9458333333333,0.1823386117608879
RP_Talhao_Central,2026-01-08,25.191666666666666,30.3,20.7,0.1,5.36,0.31145833333333334,296.0833333333333,0.1823386117608879,129.50000000000003,221.60000000000002,384.8,10.191666666666666,300.53749999999997,0.1823386117608879
RP_Talhao_Central,2026-01-09,27.879166666666666,35.2,21.5,0.4,6.41,0.3067083333333333,317.25,0.1823386117608879,114.20000000000002,222.0,379.6,12.879166666666666,305.1583333333333,0.1823386117608879
RP_Talhao_Central,2026-01-10,28.370833333333334,34.3,22.1,0.0,6.3500000000000005,0.3157083333333333,315.3333333333333,0.1823386117608879,114.10000000000002,222.0,372.70000000000005,13.370833333333334,308.4708333333333,0.1823386117608879
RP_Talhao_Central,2026-01-11,28.233333333333334,34.3,22.0,0.0,6.51,0.3254166666666667,326.125,0.1823386117608879,107.90000000000002,222.0,353.1,13.233333333333334,312.46250000000003,0.1823386117608879
RP_Talhao_Central,2026-01-12,26.275000000000002,30.2,20.5,8.7,4.94,0.33187500000000003,256.8333333333333,0.1823386117608879,96.9,230.70000000000002,361.0,11.275000000000002,316.125,0.1823386117608879
RP_Talhao_Central,2026-01-13,23.054166666666664,28.6,19.4,4.2,4.55,0.3314166666666667,263.5833333333333,0.1823386117608879,94.80000000000001,234.70000000000002,365.2,8.054166666666664,316.325,0.1823386117608879
RP_Talhao_Central,2026-01-14,23.708333333333332,29.0,19.6,3.0,4.64,0.340125,264.4166666666667,0.1823386117608879,97.20000000000002,235.20000000000002,368.2,8.708333333333332,314.95,0.1823386117608879
RP_Talhao_Central,2026-01-15,24.258333333333336,29.0,20.8,2.3000000000000003,4.55,0.3383333333333334,251.45833333333334,0.1823386117608879,96.7,231.60000000000002,367.90000000000003,9.258333333333336,315.49583333333334,0.1823386117608879
RP_Talhao_Central,2026-01-16,23.983333333333334,29.4,20.4,7.4,4.07,0.32233333333333336,231.5,0.1823386117608879,99.80000000000001,228.90000000000003,342.2,8.983333333333334,316.7125,0.1823386117608879
RP_Talhao_Central,2026-01-17,24.116666666666664,29.3,20.8,9.9,4.97,0.32379166666666664,288.0,0.1823386117608879,108.90000000000002,236.9,352.0,9.116666666666664,318.0208333333333,0.1823386117608879
RP_Talhao_Central,2026-01-18,23.349999999999998,28.6,20.0,5.9,4.7,0.32808333333333334,283.125,0.1823386117608879,97.10000000000001,242.8,357.9,8.349999999999998,318.2583333333333,0.1823386117608879
RP_Talhao_Central,2026-01-19,22.724999999999998,27.5,20.1,7.3,3.81,0.38070833333333337,217.95833333333334,0.1823386117608879,102.2,250.10000000000002,365.2,7.724999999999998,317.60416666666663,0.1823386117608879
RP_Talhao_Central,2026-01-20,22.05,26.4,18.2,0.1,5.86,0.3938333333333333,333.4583333333333,0.1823386117608879,100.80000000000001,250.20000000000002,365.3,7.050000000000001,314.5333333333333,0.1823386117608879
RP_Talhao_Central,2026-01-21,22.079166666666666,27.5,17.2,0.6000000000000001,5.47,0.388875,314.25,0.1823386117608879,101.4,250.70000000000002,365.9,7.079166666666666,310.87916666666666,0.1823386117608879
RP_Talhao_Central,2026-01-22,20.954166666666666,26.4,18.5,8.799999999999999,3.28,0.38358333333333333,189.95833333333334,0.1823386117608879,110.10000000000001,252.10000000000002,374.7,5.954166666666666,305.9875,0.1823386117608879
RP_Talhao_Central,2026-01-23,21.65833333333333,26.5,17.5,0.30000000000000004,4.39,0.3838333333333333,268.8333333333333,0.1823386117608879,110.40000000000002,242.3,375.0,6.658333333333331,300.6458333333333,0.1823386117608879
RP_Talhao_Central,2026-01-24,23.25,28.2,18.8,0.1,5.1000000000000005,0.393125,301.5,0.1823386117608879,109.80000000000001,242.4,375.09999999999997,8.25,295.8625,0.1823386117608879
RP_Talhao_Central,2026-01-25,23.974999999999998,29.4,19.0,3.7,5.4399999999999995,0.3804166666666667,320.875,0.1823386117608879,113.30000000000001,246.10000000000002,376.90000000000003,8.974999999999998,291.3875,0.1823386117608879
RP_Talhao_Central,2026-01-26,23.8625,29.5,20.0,5.0,5.16,0.35799999999999993,296.9166666666667,0.1823386117608879,117.10000000000002,251.10000000000002,377.5,8.8625,288.6791666666666,0.1823386117608879
RP_Talhao_Central,2026-01-27,23.870833333333334,29.9,19.5,1.1,4.9799999999999995,0.3429166666666667,284.5,0.1823386117608879,118.20000000000002,252.20000000000002,375.4,8.870833333333334,286.1791666666666,0.1823386117608879
RP_Talhao_Central,2026-01-28,23.15833333333333,29.0,19.9,9.3,4.47,0.33408333333333334,262.0416666666667,0.1823386117608879,125.4,261.5,371.9,8.158333333333331,282.30833333333334,0.1823386117608879
RP_Talhao_Central,2026-01-29,23.358333333333334,29.3,19.1,7.2,5.01,0.325,291.9583333333333,0.1823386117608879,132.3,268.70000000000005,372.09999999999997,8.358333333333334,277.1791666666667,0.1823386117608879
RP_Talhao_Central,2026-01-30,21.166666666666668,25.0,19.3,34.7,2.35,0.3607916666666666,146.0,0.1823386117608879,166.0,303.40000000000003,405.2,6.166666666666668,272.06249999999994,0.1823386117608879
RP_Talhao_Central,2026-01-31,22.829166666666666,27.8,18.8,1.8,4.6,0.41487499999999994,278.6666666666667,0.1823386117608879,148.20000000000002,299.6,381.4,7.829166666666666,267.8041666666667,0.1823386117608879
RP_Talhao_Central,2026-02-01,23.133333333333336,28.3,19.9,12.3,4.11,0.41054166666666664,254.625,0.221687646666832,144.8,299.4,387.4,8.133333333333336,267.2083333333333,0.221687646666832
RP_Talhao_Central,2026-02-02,22.641666666666666,26.8,20.3,7.3,3.09,0.41691666666666666,183.625,0.221687646666832,147.6,306.3,390.5,7.641666666666666,265.73333333333335,0.221687646666832
RP_Talhao_Central,2026-02-03,22.633333333333336,26.2,20.5,28.5,3.5,0.447375,221.79166666666666,0.221687646666832,174.5,334.2,414.0,7.633333333333336,263.5208333333333,0.221687646666832
RP_Talhao_Central,2026-02-04,21.84166666666667,25.5,19.7,18.8,2.29,0.4987083333333333,144.75,0.221687646666832,192.60000000000002,352.5,432.8,6.841666666666669,261.475,0.221687646666832
RP_Talhao_Central,2026-02-05,22.433333333333334,26.7,19.6,19.6,3.23,0.498,191.33333333333334,0.221687646666832,211.9,372.1,452.4,7.433333333333334,260.15833333333336,0.221687646666832
RP_Talhao_Central,2026-02-06,24.09166666666667,29.7,20.2,1.8,5.2299999999999995,0.4711666666666667,304.5,0.221687646666832,210.20000000000002,359.59999999999997,432.1,9.091666666666669,260.1333333333333,0.221687646666832
RP_Talhao_Central,2026-02-07,24.05,29.2,21.3,12.6,4.38,0.45545833333333335,256.75,0.221687646666832,222.70000000000002,352.2,444.3,9.05,258.9916666666667,0.221687646666832
RP_Talhao_Central,2026-02-08,21.05,22.5,20.3,35.8,0.95,0.5009583333333333,51.083333333333336,0.221687646666832,258.1,372.3,480.09999999999997,6.050000000000001,252.16250000000002,0.221687646666832
RP_Talhao_Central,2026-02-09,20.775000000000002,22.3,19.9,34.2,1.08,0.5065416666666667,59.791666666666664,0.221687646666832,292.3,406.40000000000003,514.3,5.775000000000002,244.56666666666666,0.221687646666832
RP_Talhao_Central,2026-02-10,21.579166666666666,25.2,19.6,36.4,2.33,0.5022083333333334,144.79166666666666,0.221687646666832,328.7,436.59999999999997,550.7,6.579166666666666,237.9125,0.221687646666832
RP_Talhao_Central,2026-02-11,22.45,26.4,20.3,22.3,2.91,0.49404166666666666,174.625,0.221687646666832,342.3,439.2,573.0,7.449999999999999,234.08749999999998,0.221687646666832
RP_Talhao_Central,2026-02-12,24.429166666666664,29.7,20.4,7.8,4.99,0.4882916666666666,282.9583333333333,0.221687646666832,345.90000000000003,440.7,580.6,9.429166666666664,235.4625,0.221687646666832
RP_Talhao_Central,2026-02-13,25.954166666666666,31.3,21.2,0.2,5.5200000000000005,0.46904166666666663,313.375,0.221687646666832,343.1,440.3,578.3000000000001,10.954166666666666,237.70833333333331,0.221687646666832
RP_Talhao_Central,2026-02-14,25.895833333333332,31.5,21.1,0.0,5.69,0.45379166666666665,310.625,0.221687646666832,340.8,437.5,572.4,10.895833333333332,239.34583333333333,0.221687646666832
RP_Talhao_Central,2026-02-15,26.316666666666666,31.6,21.5,0.0,5.82,0.423,313.2083333333333,0.221687646666832,333.4,433.2,562.3000000000001,11.316666666666666,241.67916666666665,0.221687646666832
RP_Talhao_Central,2026-02-16,26.445833333333336,31.7,21.1,0.0,5.81,0.37483333333333335,313.6666666666667,0.221687646666832,323.5,432.4,560.4,11.445833333333336,244.00833333333333,0.221687646666832
RP_Talhao_Central,2026-02-17,26.616666666666664,33.3,21.1,0.0,5.75,0.3482083333333333,311.0833333333333,0.221687646666832,317.6,414.7,560.4,11.616666666666664,247.275,0.221687646666832
RP_Talhao_Central,2026-02-18,24.808333333333334,30.3,20.5,6.3999999999999995,4.35,0.32808333333333334,242.33333333333334,0.221687646666832,316.70000000000005,418.90000000000003,566.8,9.808333333333334,249.35833333333335,0.221687646666832
RP_Talhao_Central,2026-02-19,25.6375,30.9,20.5,0.6000000000000001,5.37,0.322375,309.0833333333333,0.221687646666832,317.2,418.0,567.4,10.6375,252.94583333333333,0.221687646666832
RP_Talhao_Central,2026-02-20,26.7375,32.7,20.9,0.7000000000000001,5.51,0.2906666666666667,303.125,0.221687646666832,317.3,418.7,568.0000000000001,11.7375,257.60416666666663,0.221687646666832
RP_Talhao_Central,2026-02-21,27.0125,32.9,21.3,4.1,5.8,0.266,294.6666666666667,0.221687646666832,312.6,422.7,564.6999999999999,12.0125,263.6625,0.221687646666832
RP_Talhao_Central,2026-02-22,24.808333333333334,30.5,22.0,5.5,5.0,0.266125,281.5,0.221687646666832,317.8,428.2,560.1,9.808333333333334,266.8125,0.221687646666832
RP_Talhao_Central,2026-02-23,23.145833333333332,27.9,20.6,13.5,3.52,0.2708333333333333,210.45833333333334,0.221687646666832,331.20000000000005,441.0,573.6,8.145833333333332,266.7083333333333,0.221687646666832
RP_Talhao_Central,2026-02-24,22.883333333333336,26.8,20.4,10.6,3.15,0.27587500000000004,189.0,0.221687646666832,338.1,451.40000000000003,584.2,7.883333333333336,265.6166666666667,0.221687646666832
RP_Talhao_Central,2026-02-25,23.1375,26.9,20.3,29.0,3.31,0.3122083333333333,202.5,0.221687646666832,362.1,479.20000000000005,613.2,8.1375,264.89166666666665,0.221687646666832
RP_Talhao_Central,2026-02-26,23.016666666666666,27.5,20.6,15.6,3.13,0.3725,183.625,0.221687646666832,376.6,494.8,628.8000000000001,8.016666666666666,264.0375,0.221687646666832
RP_Talhao_Central,2026-02-27,23.516666666666666,28.1,19.8,0.6000000000000001,4.85,0.38079166666666664,273.125,0.221687646666832,367.90000000000003,493.3,629.4000000000001,8.516666666666666,264.3958333333333,0.221687646666832
RP_Talhao_Central,2026-02-28,22.037499999999998,27.3,16.7,0.0,5.390000000000001,0.379125,313.0833333333333,0.221687646666832,360.70000000000005,493.0,629.4000000000001,7.037499999999998,263.075,0.221687646666832
RP_Talhao_Central,2026-03-01,21.825,27.7,16.7,0.0,5.56,0.3689166666666666,322.625,0.2250441629166617,326.0,492.0,629.4000000000001,6.824999999999999,263.73333333333335,0.2250441629166617
RP_Talhao_Central,2026-03-02,22.675,29.6,16.0,0.0,5.8,0.3586666666666667,318.2083333333333,0.2250441629166617,324.20000000000005,472.40000000000003,623.8000000000001,7.675000000000001,263.57916666666665,0.2250441629166617
RP_Talhao_Central,2026-03-03,24.145833333333332,31.0,17.6,0.0,5.83,0.34991666666666665,302.0833333333333,0.2250441629166617,311.90000000000003,456.70000000000005,611.3000000000001,9.145833333333332,264.5916666666667,0.2250441629166617
RP_Talhao_Central,2026-03-04,25.066666666666666,31.6,18.1,0.0,6.18,0.3389583333333333,303.4166666666667,0.2250441629166617,304.6,452.20000000000005,610.9000000000001,10.066666666666666,267.0166666666667,0.2250441629166617
RP_Talhao_Central,2026-03-05,26.183333333333334,32.8,19.3,0.1,5.83,0.32879166666666665,294.2916666666667,0.2250441629166617,276.2,450.7,610.4,11.183333333333334,270.56666666666666,0.2250441629166617
RP_Talhao_Central,2026-03-06,25.125,30.9,20.8,11.6,3.52,0.31904166666666667,185.0,0.2250441629166617,269.0,461.6,621.5,10.125,273.85,0.2250441629166617
RP_Talhao_Central,2026-03-07,22.925,25.9,21.0,4.3,3.55,0.31024999999999997,222.16666666666666,0.2250441629166617,253.7,465.6,625.8000000000001,7.925000000000001,274.3416666666667,0.2250441629166617
RP_Talhao_Central,2026-03-08,24.916666666666668,30.5,19.2,1.0,4.83,0.3087083333333333,276.5,0.2250441629166617,252.9,463.1,612.5,9.916666666666668,275.16666666666663,0.2250441629166617
RP_Talhao_Central,2026-03-09,23.09166666666667,26.5,20.6,7.1,2.81,0.297875,152.79166666666666,0.2250441629166617,247.4,470.09999999999997,599.5999999999999,8.091666666666669,274.20833333333337,0.2250441629166617
RP_Talhao_Central,2026-03-10,22.520833333333332,25.7,20.1,8.6,1.74,0.297875,92.66666666666667,0.2250441629166617,220.20000000000002,478.3,592.5,7.520833333333332,275.6791666666667,0.2250441629166617
RP_Talhao_Central,2026-03-11,22.458333333333332,23.9,20.9,11.8,1.71,0.298875,96.45833333333333,0.2250441629166617,197.8,490.1,604.2,7.458333333333332,277.36249999999995,0.2250441629166617
RP_Talhao_Central,2026-03-12,22.625,25.8,20.9,7.3,2.45,0.304125,140.29166666666666,0.2250441629166617,168.70000000000002,497.40000000000003,605.3,7.625,278.4083333333333,0.2250441629166617
RP_Talhao_Central,2026-03-13,22.087500000000002,25.4,20.0,19.2,2.5,0.34508333333333335,155.125,0.2250441629166617,165.60000000000002,507.90000000000003,604.8000000000001,7.087500000000002,278.04583333333335,0.2250441629166617
RP_Talhao_Central,2026-03-14,23.1375,28.8,19.2,0.2,4.14,0.38037499999999996,239.95833333333334,0.2250441629166617,158.00000000000003,503.90000000000003,598.6999999999999,8.1375,276.75416666666666,0.2250441629166617
RP_Talhao_Central,2026-03-15,24.075,30.7,18.0,0.0,5.16,0.37354166666666666,299.6666666666667,0.2250441629166617,157.8,500.90000000000003,598.1,9.075,274.875,0.2250441629166617
RP_Talhao_Central,2026-03-16,25.15416666666667,31.8,19.3,0.0,5.41,0.36241666666666666,285.4166666666667,0.2250441629166617,157.8,498.6,595.3,10.154166666666669,274.1333333333333,0.2250441629166617
RP_Talhao_Central,2026-03-17,24.59583333333333,30.4,20.6,2.0999999999999996,4.59,0.3555,260.0416666666667,0.2250441629166617,159.9,493.3,593.1,9.595833333333331,272.41249999999997,0.2250441629166617
RP_Talhao_Central,2026-03-18,24.337500000000002,29.0,20.4,10.0,3.96,0.34208333333333335,224.33333333333334,0.2250441629166617,169.9,493.40000000000003,602.3,9.337500000000002,270.3041666666667,0.2250441629166617
RP_Talhao_Central,2026-03-19,23.8125,29.8,21.0,13.9,4.17,0.3374166666666667,238.54166666666666,0.2250441629166617,183.8,501.40000000000003,598.5,8.8125,267.5,0.2250441629166617
RP_Talhao_Central,2026-03-20,24.09166666666667,28.9,20.6,0.1,3.76,0.32937500000000003,216.0,0.2250441629166617,177.5,494.20000000000005,596.4,9.091666666666669,266.78333333333336,0.2250441629166617
RP_Talhao_Central,2026-03-21,24.45,30.8,19.5,0.30000000000000004,4.51,0.3202916666666667,261.375,0.2250441629166617,177.20000000000002,494.4,595.1999999999999,9.45,265.5958333333333,0.2250441629166617
RP_Talhao_Central,2026-03-22,25.016666666666666,31.6,19.4,0.0,4.83,0.31625,260.8333333333333,0.2250441629166617,176.50000000000003,493.8,595.1999999999999,10.016666666666666,263.875,0.2250441629166617
RP_Talhao_Central,2026-03-23,25.1125,31.7,19.8,1.2,4.81,0.31124999999999997,261.9166666666667,0.2250441629166617,173.60000000000002,486.20000000000005,596.3,10.1125,261.975,0.2250441629166617
RP_Talhao_Central,2026-03-24,25.895833333333332,31.6,20.2,1.3,5.21,0.3035,265.8333333333333,0.2250441629166617,169.40000000000003,487.2,597.5999999999999,10.895833333333332,263.0625,0.2250441629166617
RP_Talhao_Central,2026-03-25,22.833333333333332,28.1,19.9,7.1000000000000005,3.46,0.30075,198.83333333333334,0.2250441629166617,163.00000000000003,494.2,604.0,7.833333333333332,262.75,0.2250441629166617
RP_Talhao_Central,2026-03-26,23.479166666666668,29.0,19.2,4.2,3.89,0.30120833333333336,226.375,0.2250441629166617,156.6,494.7,608.0,8.479166666666668,263.34583333333336,0.2250441629166617
RP_Talhao_Central,2026-03-27,24.395833333333332,30.1,19.4,0.1,4.74,0.30575,261.7916666666667,0.2250441629166617,127.70000000000002,489.8,606.9000000000001,9.395833333333332,264.60416666666663,0.2250441629166617
RP_Talhao_Central,2026-03-28,24.03333333333333,30.5,18.8,0.0,5.18,0.30704166666666666,275.625,0.2250441629166617,112.10000000000001,488.70000000000005,606.9000000000001,9.033333333333331,265.62083333333334,0.2250441629166617
RP_Talhao_Central,2026-03-29,24.28333333333333,29.9,18.8,0.0,5.0200000000000005,0.30441666666666667,268.0,0.2250441629166617,111.50000000000001,479.40000000000003,604.8000000000001,9.283333333333331,266.3875,0.2250441629166617
RP_Talhao_Central,2026-03-30,24.787499999999998,30.8,18.5,0.0,4.68,0.30420833333333336,264.25,0.2250441629166617,111.50000000000001,472.20000000000005,604.5,9.787499999999998,269.1375,0.2250441629166617
RP_Talhao_Central,2026-03-31,22.945833333333336,29.3,19.3,1.7999999999999998,3.64,0.30975,203.58333333333334,0.2250441629166617,113.30000000000001,439.3,605.3,7.945833333333336,270.2583333333333,0.2250441629166617
RP_Talhao_Central,2026-04-01,22.962500000000002,30.1,18.5,2.6,4.16,0.30816666666666664,243.5,0.2465156130065718,115.90000000000002,440.1,588.3000000000001,7.962500000000002,270.54583333333335,0.2465156130065718
RP_Talhao_Central,2026-04-02,23.745833333333334,29.3,19.5,1.7,4.45,0.3075833333333333,259.0,0.2465156130065718,117.60000000000002,429.5,574.3000000000001,8.745833333333334,270.14583333333337,0.2465156130065718
RP_Talhao_Central,2026-04-03,24.016666666666666,29.8,19.0,8.2,4.5600000000000005,0.27887500000000004,257.9583333333333,0.2465156130065718,125.80000000000001,430.40000000000003,578.0,9.016666666666666,269.09583333333336,0.2465156130065718
RP_Talhao_Central,2026-04-04,24.825,31.4,20.4,8.2,4.41,0.27725000000000005,239.58333333333334,0.2465156130065718,133.90000000000003,410.1,584.6,9.825,267.7375,0.2465156130065718
RP_Talhao_Central,2026-04-05,24.825,31.8,20.4,0.7,3.9800000000000004,0.278,221.54166666666666,0.2465156130065718,123.00000000000001,392.0,584.6,9.825,267.4375,0.2465156130065718
RP_Talhao_Central,2026-04-06,24.379166666666666,31.8,20.9,1.3,4.02,0.278,220.66666666666666,0.2465156130065718,120.00000000000001,373.7,585.6,9.379166666666666,268.89166666666665,0.2465156130065718
RP_Talhao_Central,2026-04-07,23.395833333333332,29.3,20.6,3.0000000000000004,3.3000000000000003,0.278,192.625,0.2465156130065718,122.00000000000001,374.90000000000003,585.1,8.395833333333332,267.37083333333334,0.2465156130065718
RP_Talhao_Central,2026-04-08,23.516666666666666,28.0,20.4,8.200000000000001,3.17,0.278,177.54166666666666,0.2465156130065718,123.10000000000002,370.5,593.1999999999999,8.516666666666666,267.79583333333335,0.2465156130065718
RP_Talhao_Central,2026-04-09,24.09166666666667,29.9,19.6,0.1,4.38,0.276,239.95833333333334,0.2465156130065718,114.60000000000001,334.8,592.9,9.091666666666669,269.3666666666666,0.2465156130065718
RP_Talhao_Central,2026-04-10,24.150000000000002,31.1,20.1,0.6000000000000001,4.39,0.266125,234.54166666666666,0.2465156130065718,103.40000000000002,301.2,593.5,9.150000000000002,271.05833333333334,0.2465156130065718
RP_Talhao_Central,2026-04-11,23.59166666666667,30.2,18.7,0.9,4.5600000000000005,0.2671666666666667,241.375,0.2465156130065718,97.00000000000001,265.70000000000005,594.4,8.591666666666669,272.025,0.2465156130065718
RP_Talhao_Central,2026-04-12,23.995833333333334,30.6,18.9,0.0,5.27,0.267,256.25,0.2465156130065718,77.80000000000001,243.4,585.7,8.995833333333334,273.93333333333334,0.2465156130065718
RP_Talhao_Central,2026-04-13,23.516666666666666,30.6,18.1,0.0,4.72,0.26687500000000003,232.25,0.2465156130065718,77.60000000000001,235.6,581.5,8.516666666666666,274.3125,0.2465156130065718
RP_Talhao_Central,2026-04-14,23.3,29.9,17.1,0.0,4.84,0.26475,250.54166666666666,0.2465156130065718,77.60000000000001,235.4,578.5,8.3,273.53749999999997,0.2465156130065718
RP_Talhao_Central,2026-04-15,23.579166666666666,29.8,18.1,0.0,4.77,0.264,238.83333333333334,0.2465156130065718,77.60000000000001,235.4,576.2,8.579166666666666,271.9625,0.2465156130065718
RP_Talhao_Central,2026-04-16,23.3,30.0,16.7,0.0,4.91,0.262625,254.95833333333334,0.2465156130065718,75.50000000000001,235.4,568.8,8.3,270.66666666666663,0.2465156130065718
RP_Talhao_Central,2026-04-17,23.77916666666667,30.3,16.9,0.0,4.53,0.261,249.75,0.2465156130065718,65.50000000000001,235.4,558.9,8.779166666666669,270.10833333333335,0.2465156130065718
RP_Talhao_Central,2026-04-18,23.829166666666666,29.9,17.7,0.0,3.89,0.261,217.04166666666666,0.2465156130065718,51.600000000000016,235.4,553.0,8.829166666666666,270.125,0.2465156130065718
RP_Talhao_Central,2026-04-19,24.879166666666666,30.8,19.2,0.1,4.56,0.261,232.83333333333334,0.2465156130065718,51.60000000000001,229.1,545.8000000000001,9.879166666666666,270.91249999999997,0.2465156130065718
RP_Talhao_Central,2026-04-20,24.287499999999998,31.5,18.1,0.0,5.17,0.261,248.75,0.2465156130065718,51.30000000000001,228.5,545.7,9.287499999999998,270.75,0.2465156130065718
RP_Talhao_Central,2026-04-21,23.59583333333333,31.2,16.6,0.0,5.06,0.261,245.54166666666666,0.2465156130065718,51.30000000000001,227.79999999999998,545.1,8.595833333333331,269.32916666666665,0.2465156130065718
RP_Talhao_Central,2026-04-22,24.504166666666666,31.7,18.3,0.0,4.97,0.261,239.66666666666666,0.2465156130065718,50.10000000000001,223.7,536.3000000000001,9.504166666666666,268.7208333333333,0.2465156130065718
RP_Talhao_Central,2026-04-23,24.7,31.1,18.8,0.0,5.18,0.26025000000000004,232.16666666666666,0.2465156130065718,48.80000000000001,218.2,536.0,9.7,267.525,0.2465156130065718
RP_Talhao_Central,2026-04-24,24.59583333333333,30.3,19.7,0.0,4.04,0.26,204.625,0.2465156130065718,41.70000000000001,204.7,535.9,9.595833333333331,269.2875,0.2465156130065718
RP_Talhao_Central,2026-04-25,25.02916666666667,31.1,18.4,0.0,4.15,0.26,218.25,0.2465156130065718,37.500000000000014,194.1,532.2,10.029166666666669,270.8375,0.2465156130065718
RP_Talhao_Central,2026-04-26,25.541666666666668,32.0,18.9,0.0,4.92,0.26,231.54166666666666,0.2465156130065718,37.40000000000001,165.1,527.2,10.541666666666668,271.98333333333335,0.2465156130065718
RP_Talhao_Central,2026-04-27,25.058333333333334,30.9,19.5,1.2,4.09,0.26,207.29166666666666,0.2465156130065718,38.600000000000016,150.70000000000002,527.3,10.058333333333334,273.0083333333333,0.2465156130065718
RP_Talhao_Central,2026-04-28,26.22083333333333,32.7,20.7,0.2,4.56,0.26,217.29166666666666,0.2465156130065718,38.80000000000002,150.3,518.2,11.220833333333331,274.9458333333334,0.2465156130065718
RP_Talhao_Central,2026-04-29,26.075,31.9,20.7,0.1,4.24,0.26,209.29166666666666,0.2465156130065718,38.90000000000001,150.4,511.1,11.075,276.23333333333335,0.2465156130065718
RP_Talhao_Central,2026-04-30,25.3625,31.4,19.9,0.0,4.43,0.26,222.79166666666666,0.2465156130065718,37.10000000000001,150.4,476.40000000000003,10.3625,278.65000000000003,0.2465156130065718
RP_Talhao_Central,2026-05-01,25.054166666666664,30.8,20.2,0.0,4.5,0.26,211.25,0.2348740841665869,34.500000000000014,150.4,474.6,10.054166666666664,280.7416666666666,0.2348740841665869
RP_Talhao_Central,2026-05-02,24.5125,30.3,18.8,0.0,4.73,0.26,226.70833333333334,0.2348740841665869,32.80000000000001,150.4,462.3,9.5125,281.5083333333333,0.2348740841665869
RP_Talhao_Central,2026-05-03,23.0125,29.2,18.4,0.0,4.72,0.26,224.54166666666666,0.2348740841665869,24.600000000000016,150.4,455.0,8.0125,280.50416666666666,0.2348740841665869
RP_Talhao_Central,2026-05-04,23.758333333333336,30.8,17.9,0.0,4.31,0.26,211.29166666666666,0.2348740841665869,16.400000000000016,150.3,426.5,8.758333333333336,279.4375,0.2348740841665869
RP_Talhao_Central,2026-05-05,24.666666666666668,30.6,19.3,0.0,4.49,0.26,208.45833333333334,0.2348740841665869,15.700000000000015,138.7,407.7,9.666666666666668,279.2791666666667,0.2348740841665869
RP_Talhao_Central,2026-05-06,24.766666666666666,31.3,18.9,0.0,5.13,0.25975,220.95833333333334,0.2348740841665869,14.400000000000015,134.4,388.1,9.766666666666666,279.6666666666667,0.2348740841665869
RP_Talhao_Central,2026-05-07,24.954166666666666,31.7,18.5,0.0,4.98,0.259,207.83333333333334,0.2348740841665869,11.400000000000015,133.4,386.3,9.954166666666666,281.22499999999997,0.2348740841665869
RP_Talhao_Central,2026-05-08,25.7,31.7,20.8,0.0,5.03,0.259,206.45833333333334,0.2348740841665869,3.2000000000000144,126.30000000000001,373.7,10.7,283.4083333333333,0.2348740841665869
RP_Talhao_Central,2026-05-09,25.9375,31.6,20.9,0.0,4.86,0.259,198.5,0.2348740841665869,3.1000000000000143,117.70000000000002,337.90000000000003,10.9375,285.25416666666666,0.2348740841665869
RP_Talhao_Central,2026-05-10,20.045833333333334,24.4,15.7,0.2,2.19,0.259,106.125,0.2348740841665869,2.7000000000000144,106.1,303.9,5.045833333333334,281.15,0.2348740841665869
RP_Talhao_Central,2026-05-11,16.920833333333334,21.6,13.8,1.0,3.03,0.259,187.54166666666666,0.2348740841665869,2.800000000000014,99.8,268.5,1.9208333333333343,274.4791666666667,0.2348740841665869
RP_Talhao_Central,2026-05-12,17.491666666666667,26.7,9.5,0.0,3.72,0.29391666666666666,223.29166666666666,0.2348740841665869,2.800000000000014,80.6,246.2,2.491666666666667,267.975,0.2348740841665869
RP_Talhao_Central,2026-05-13,20.791666666666668,29.0,12.8,0.0,4.07,0.2977083333333333,211.75,0.2348740841665869,2.800000000000014,80.4,238.4,5.791666666666668,265.25,0.2348740841665869
RP_Talhao_Central,2026-05-14,22.583333333333332,29.2,15.9,0.0,3.64,0.297,188.08333333333334,0.2348740841665869,2.800000000000014,80.4,238.2,7.583333333333332,264.53333333333336,0.2348740841665869
RP_Talhao_Central,2026-05-15,20.858333333333334,26.8,18.3,3.1,2.27,0.296375,111.70833333333333,0.2348740841665869,5.900000000000015,83.50000000000001,241.29999999999998,5.858333333333334,261.8125,0.2348740841665869
RP_Talhao_Central,2026-05-16,22.108333333333334,28.8,16.0,0.1,3.2399999999999998,0.29624999999999996,182.5,0.2348740841665869,6.000000000000014,81.5,241.39999999999998,7.108333333333334,260.62083333333334,0.2348740841665869
RP_Talhao_Central,2026-05-17,21.5625,30.2,18.0,2.9000000000000004,3.1,0.30191666666666667,172.66666666666666,0.2348740841665869,8.900000000000015,74.4,244.29999999999998,6.5625,258.40416666666664,0.2348740841665869
RP_Talhao_Central,2026-05-18,20.670833333333334,25.1,17.5,1.5,2.07,0.3005,117.79166666666667,0.2348740841665869,10.400000000000015,62.00000000000001,245.79999999999998,5.670833333333334,255.24583333333334,0.2348740841665869
RP_Talhao_Central,2026-05-19,20.654166666666665,24.8,18.9,2.5,1.98,0.30245833333333333,121.0,0.2348740841665869,12.800000000000015,64.4,241.9,5.654166666666665,251.02083333333334,0.2348740841665869
RP_Talhao_Central,2026-05-20,19.833333333333332,23.8,16.9,2.6,2.4000000000000004,0.3097083333333333,156.16666666666666,0.2348740841665869,15.400000000000016,66.7,243.89999999999998,4.833333333333332,246.56666666666666,0.2348740841665869
RP_Talhao_Central,2026-05-21,19.337500000000002,24.5,15.6,0.0,2.81,0.31925,172.08333333333334,0.2348740841665869,15.400000000000016,66.7,243.2,4.337500000000002,242.30833333333334,0.2348740841665869
RP_Talhao_Central,2026-05-22,19.6125,25.7,14.6,0.2,2.89,0.3160833333333333,176.75,0.2348740841665869,15.600000000000016,65.7,239.3,4.612500000000001,237.41666666666669,0.2348740841665869
RP_Talhao_Central,2026-05-23,20.837500000000002,25.8,17.8,0.8,2.45,0.311875,149.41666666666666,0.2348740841665869,16.400000000000016,65.2,234.6,5.837500000000002,233.55416666666667,0.2348740841665869
RP_Talhao_Central,2026-05-24,21.583333333333332,27.4,17.0,0.2,2.77,0.311375,168.04166666666666,0.2348740841665869,16.600000000000016,58.300000000000004,221.3,6.583333333333332,230.54166666666666,0.2348740841665869
RP_Talhao_Central,2026-05-25,22.366666666666664,27.7,19.0,0.2,2.71,0.30724999999999997,157.91666666666666,0.2348740841665869,16.800000000000015,54.30000000000001,210.9,7.366666666666664,227.87916666666666,0.2348740841665869
RP_Talhao_Central,2026-05-26,22.650000000000002,29.0,17.6,0.0,3.04,0.30475,175.75,0.2348740841665869,16.800000000000015,54.20000000000001,181.9,7.650000000000002,224.9875,0.2348740841665869
RP_Talhao_Central,2026-05-27,22.954166666666666,28.5,18.1,0.0,3.37,0.30554166666666666,185.20833333333334,0.2348740841665869,15.600000000000014,54.20000000000001,166.29999999999998,7.954166666666666,222.88333333333333,0.2348740841665869
RP_Talhao_Central,2026-05-28,20.845833333333335,26.8,16.1,0.0,3.42,0.3105,197.29166666666666,0.2348740841665869,15.400000000000015,54.20000000000001,165.7,5.845833333333335,217.50833333333333,0.2348740841665869
RP_Talhao_Central,2026-05-29,20.4375,27.9,14.1,0.0,3.3,0.3145833333333333,191.625,0.2348740841665869,15.300000000000015,54.20000000000001,165.7,5.4375,211.87083333333334,0.2348740841665869
RP_Talhao_Central,2026-05-30,21.224999999999998,27.2,15.9,0.1,3.13,0.31904166666666667,185.0,0.2348740841665869,15.400000000000016,52.50000000000001,165.79999999999998,6.224999999999998,207.73333333333335,0.2348740841665869
RP_Talhao_Central,2026-05-31,20.179166666666667,26.7,14.6,0.0,3.41,0.319,197.08333333333334,0.2348740841665869,15.400000000000016,49.900000000000006,165.79999999999998,5.179166666666667,202.85833333333332,0.2348740841665869
RP_Talhao_Central,2026-06-01,19.479166666666668,26.0,14.2,0.0,3.33,0.32408333333333333,193.375,0.2354551999163852,15.400000000000016,48.20000000000001,165.79999999999998,4.479166666666668,197.82500000000002,0.2354551999163852
RP_Talhao_Central,2026-06-02,18.175,24.8,12.4,0.0,3.23,0.3317083333333333,196.54166666666666,0.2354551999163852,15.400000000000016,40.000000000000014,165.79999999999998,3.1750000000000007,192.98749999999998,0.2354551999163852
RP_Talhao_Central,2026-06-03,19.429166666666667,26.0,14.3,0.0,3.46,0.33283333333333337,187.66666666666666,0.2354551999163852,15.400000000000016,31.800000000000008,165.7,4.429166666666667,188.65833333333333,0.2354551999163852
RP_Talhao_Central,2026-06-04,19.720833333333335,25.9,14.9,0.0,3.73,0.33058333333333334,194.54166666666666,0.2354551999163852,15.400000000000016,31.10000000000001,154.1,4.720833333333335,183.7125,0.2354551999163852
RP_Talhao_Central,2026-06-05,18.466666666666665,24.2,13.4,0.0,3.35,0.32879166666666665,195.41666666666666,0.2354551999163852,15.400000000000016,29.800000000000008,149.79999999999998,3.466666666666665,177.4125,0.2354551999163852
RP_Talhao_Central,2026-06-06,17.816666666666666,24.6,11.5,0.0,3.17,0.3270416666666667,198.625,0.2354551999163852,15.400000000000016,26.800000000000008,148.79999999999998,2.8166666666666664,170.275,0.2354551999163852
RP_Talhao_Central,2026-06-07,17.8875,25.1,10.9,0.0,3.21,0.32516666666666666,200.0,0.2354551999163852,15.400000000000016,18.60000000000001,141.7,2.8874999999999993,162.4625,0.2354551999163852
RP_Talhao_Central,2026-06-08,18.9375,26.6,11.7,0.0,3.53,0.3235,195.41666666666666,0.2354551999163852,15.400000000000016,18.500000000000007,133.1,3.9375,155.4625,0.2354551999163852
RP_Talhao_Central,2026-06-09,19.508333333333333,26.4,13.1,0.0,3.23,0.32175000000000004,174.95833333333334,0.2354551999163852,15.200000000000015,17.900000000000006,121.3,4.508333333333333,154.925,0.2354551999163852
RP_Talhao_Central,2026-06-10,20.341666666666665,27.4,13.8,0.0,3.08,0.32033333333333336,169.5,0.2354551999163852,14.200000000000015,17.000000000000007,114.0,5.341666666666665,158.34583333333333,0.2354551999163852
RP_Talhao_Central,2026-06-11,18.462500000000002,22.4,15.7,4.1,1.79,0.320875,101.54166666666667,0.2354551999163852,18.300000000000015,21.10000000000001,98.9,3.462500000000002,159.3166666666667,0.2354551999163852
RP_Talhao_Central,2026-06-12,18.4375,23.2,14.8,4.0,1.83,0.3212916666666667,111.0,0.2354551999163852,22.300000000000015,25.10000000000001,102.7,3.4375,156.9625,0.2354551999163852
RP_Talhao_Central,2026-06-13,17.5625,19.4,16.4,15.6,1.11,0.3153333333333333,76.75,0.2354551999163852,37.90000000000001,40.7,118.30000000000001,2.5625,151.9416666666667,0.2354551999163852
RP_Talhao_Central,2026-06-14,18.170833333333334,21.8,16.0,4.8,1.52,0.32837500000000003,97.91666666666667,0.2354551999163852,39.60000000000001,45.50000000000001,123.10000000000001,3.1708333333333343,149.25416666666666,0.2354551999163852
RP_Talhao_Central,2026-06-15,18.383333333333333,23.1,15.2,13.6,1.77,0.3562083333333333,121.54166666666667,0.2354551999163852,53.10000000000001,59.10000000000001,134.6,3.383333333333333,145.52916666666667,0.2354551999163852
RP_Talhao_Central,2026-06-16,18.320833333333333,22.3,14.7,0.0,2.55,0.4040416666666667,171.0,0.2354551999163852,50.20000000000001,59.10000000000001,124.6,3.320833333333333,142.28750000000002,0.2354551999163852
RP_Talhao_Central,2026-06-17,15.833333333333334,22.2,11.1,0.0,2.67,0.41654166666666664,181.04166666666666,0.2354551999163852,48.70000000000001,59.10000000000001,110.7,0.8333333333333339,137.45,0.2354551999163852
RP_Talhao_Central,2026-06-18,16.037499999999998,24.0,10.1,0.0,3.07,0.407375,193.75,0.2354551999163852,46.20000000000001,59.0,110.6,1.0374999999999979,132.83333333333331,0.2354551999163852
RP_Talhao_Central,2026-06-19,18.691666666666666,26.4,13.2,0.0,3.21,0.3921666666666667,190.625,0.2354551999163852,43.60000000000001,59.0,110.3,3.6916666666666664,131.69166666666666,0.2354551999163852
RP_Talhao_Central,2026-06-20,18.879166666666666,24.2,14.4,0.7,2.33,0.3695,133.0,0.2354551999163852,44.30000000000001,59.7,111.0,3.8791666666666664,131.23333333333332,0.2354551999163852
RP_Talhao_Central,2026-06-21,18.2625,24.4,14.2,0.0,2.83,0.363375,188.33333333333334,0.2354551999163852,44.100000000000016,59.7,109.8,3.2624999999999993,129.88333333333333,0.2354551999163852
RP_Talhao_Central,2026-06-22,20.116666666666667,28.2,12.6,0.0,3.57,0.3581666666666667,192.125,0.2354551999163852,43.30000000000001,59.7,108.5,5.116666666666667,129.1625,0.2354551999163852
RP_Talhao_Central,2026-06-23,18.837500000000002,20.7,16.7,22.0,1.43,0.3565833333333333,89.5,0.2354551999163852,65.10000000000001,81.7,123.4,3.837500000000002,126.41666666666666,0.2354551999163852
RP_Talhao_Central,2026-06-24,15.833333333333334,17.8,12.9,16.7,0.9500000000000001,0.40770833333333334,65.33333333333333,0.2354551999163852,81.60000000000001,98.4,135.9,0.8333333333333339,119.88333333333334,0.2354551999163852
RP_Talhao_Central,2026-06-25,15.608333333333334,18.5,13.0,11.5,1.53,0.46399999999999997,109.0,0.2354551999163852,93.10000000000001,109.9,147.3,0.6083333333333343,112.84166666666667,0.2354551999163852
RP_Talhao_Central,2026-06-26,18.875,24.4,14.8,0.0,2.48,0.47741666666666666,160.58333333333334,0.2354551999163852,93.10000000000001,108.7,147.3,3.875,108.7625,0.2354551999163852
RP_Talhao_Central,2026-06-27,19.954166666666666,26.7,15.3,0.0,2.97,0.46854166666666663,182.66666666666666,0.2354551999163852,93.10000000000001,108.5,147.3,4.954166666666666,107.87083333333334,0.2354551999163852
RP_Talhao_Central,2026-06-28,20.3,26.8,15.2,0.0,2.98,0.45937500000000003,187.91666666666666,0.2354551999163852,93.10000000000001,108.4,147.3,5.300000000000001,107.73333333333333,0.2354551999163852
RP_Talhao_Central,2026-06-29,20.875,27.0,15.7,0.0,3.11,0.4504166666666667,186.83333333333334,0.2354551999163852,93.00000000000001,108.4,145.5,5.875,107.38333333333334,0.2354551999163852
RP_Talhao_Central,2026-06-30,20.4375,26.9,15.0,0.0,3.15,0.43933333333333335,188.70833333333334,0.2354551999163852,93.00000000000001,108.4,142.9,5.4375,107.64166666666667,0.2354551999163852
RP_Talhao_Central,2026-07-01,20.683333333333334,26.8,15.4,0.0,3.14,0.42924999999999996,188.29166666666666,0.2378814392429888,93.00000000000001,108.4,141.2,5.683333333333334,108.84583333333333,0.2378814392429888
RP_Talhao_Central,2026-07-02,20.141666666666666,26.5,14.5,0.0,2.97,0.41312499999999996,192.33333333333334,0.2378814392429888,93.00000000000001,108.4,133.0,5.141666666666666,110.8125,0.2378814392429888
RP_Talhao_Central,2026-07-03,19.7,26.4,13.9,0.0,2.92,0.39254166666666673,190.375,0.2378814392429888,93.00000000000001,108.4,124.80000000000001,4.699999999999999,111.08333333333334,0.2378814392429888
RP_Talhao_Central,2026-07-04,19.966666666666665,26.8,14.6,0.0,3.16,0.38225,187.375,0.2378814392429888,93.00000000000001,108.4,124.1,4.966666666666665,111.32916666666667,0.2378814392429888
RP_Talhao_Central,2026-07-05,19.916666666666668,25.9,15.3,0.0,3.08,0.381,185.54166666666666,0.2378814392429888,93.00000000000001,108.4,122.79999999999998,4.916666666666668,112.77916666666667,0.2378814392429888
RP_Talhao_Central,2026-07-06,19.974999999999998,26.1,15.1,0.0,3.05,0.384125,183.75,0.2378814392429888,93.00000000000001,108.4,119.79999999999998,4.974999999999998,114.9375,0.2378814392429888
RP_Talhao_Central,2026-07-07,18.75,24.7,12.5,0.1,3.04,0.3992083333333334,187.5,0.2378814392429888,93.10000000000001,108.5,111.7,3.75,115.8,0.2378814392429888
RP_Talhao_Central,2026-07-08,18.133333333333333,23.6,12.7,0.0,2.75,0.40116666666666667,186.08333333333334,0.2378814392429888,93.10000000000001,108.5,111.6,3.133333333333333,114.99583333333334,0.2378814392429888
RP_Talhao_Central,2026-07-09,17.570833333333333,25.1,11.6,0.0,3.07,0.40841666666666665,201.375,0.2378814392429888,93.10000000000001,108.3,111.0,2.570833333333333,113.05833333333332,0.2378814392429888
RP_Talhao_Central,2026-07-10,18.337500000000002,26.7,10.7,0.0,3.16,0.40970833333333334,198.66666666666666,0.2378814392429888,93.10000000000001,107.3,110.1,3.337500000000002,111.05416666666667,0.2378814392429888
RP_Talhao_Central,2026-07-11,20.241666666666667,28.5,13.6,0.0,3.69,0.4048333333333333,196.54166666666666,0.2378814392429888,89.0,107.3,110.1,5.241666666666667,112.83333333333334,0.2378814392429888
RP_Talhao_Central,2026-07-12,19.629166666666666,26.0,14.5,2.3,2.65,0.4137916666666666,152.125,0.2378814392429888,87.30000000000001,109.6,112.39999999999999,4.629166666666666,114.025,0.2378814392429888
RP_Talhao_Central,2026-07-13,17.724999999999998,22.6,13.4,0.4,3.06,0.388875,194.625,0.2378814392429888,72.10000000000001,110.0,112.8,2.724999999999998,114.1875,0.2378814392429888
RP_Talhao_Central,2026-07-14,14.799999999999999,22.7,8.3,0.0,3.2600000000000002,0.38599999999999995,206.83333333333334,0.2378814392429888,67.30000000000001,106.9,112.8,0.0,111.01666666666667,0.2378814392429888
RP_Talhao_Central,2026-07-15,17.05,25.0,11.5,0.0,3.82,0.39125000000000004,207.375,0.2378814392429888,53.70000000000001,106.8,112.8,2.0500000000000007,109.68333333333332,0.2378814392429888
RP_Talhao_Central,2026-07-16,18.587500000000002,26.6,13.2,0.0,3.92,0.39799999999999996,204.04166666666666,0.2378814392429888,53.70000000000001,103.9,112.8,3.587500000000002,109.95,0.2378814392429888
RP_Talhao_Central,2026-07-17,17.804166666666667,25.2,12.5,0.0,3.88,0.40441666666666665,207.45833333333334,0.2378814392429888,53.70000000000001,102.4,112.8,2.804166666666667,111.92083333333332,0.2378814392429888
RP_Talhao_Central,2026-07-18,17.875,25.4,11.9,0.0,3.57,0.4123333333333333,207.20833333333334,0.2378814392429888,53.70000000000001,99.9,112.7,2.875,113.75833333333333,0.2378814392429888
RP_Talhao_Central,2026-07-19,19.295833333333334,26.1,13.3,0.0,3.95,0.41100000000000003,206.91666666666666,0.2378814392429888,53.70000000000001,97.3,112.7,4.295833333333334,114.36250000000001,0.2378814392429888
RP_Talhao_Central,2026-07-20,20.3,26.9,14.7,0.0,3.65,0.39995833333333336,204.75,0.2378814392429888,53.00000000000001,97.3,112.7,5.300000000000001,115.78333333333335,0.2378814392429888
RP_Talhao_Central,2026-07-21,20.212500000000002,27.3,14.4,0.0,3.58,0.38625,206.66666666666666,0.2378814392429888,53.00000000000001,97.10000000000001,112.7,5.212500000000002,117.73333333333335,0.2378814392429888
RP_Talhao_Central,2026-07-22,20.629166666666666,28.3,13.8,0.0,3.6799999999999997,0.38025,201.29166666666666,0.2378814392429888,53.00000000000001,96.3,112.7,5.629166666666666,118.24583333333334,0.2378814392429888
RP_Talhao_Central,2026-07-23,21.016666666666666,28.1,15.8,0.0,3.35,0.37483333333333335,185.5,0.2378814392429888,31.000000000000014,96.10000000000001,112.7,6.016666666666666,120.42500000000001,0.2378814392429888
RP_Talhao_Central,2026-07-24,17.233333333333334,22.0,15.1,10.4,1.84,0.371125,121.70833333333333,0.2378814392429888,24.700000000000017,106.30000000000001,123.1,2.2333333333333343,121.825,0.2378814392429888
RP_Talhao_Central,2026-07-25,16.92083333333333,22.2,14.4,7.600000000000001,2.3000000000000003,0.38158333333333333,157.0,0.2378814392429888,20.80000000000002,113.9,130.7,1.9208333333333307,123.13749999999999,0.2378814392429888
RP_Talhao_Central,2026-07-26,18.0,25.4,12.6,0.0,3.0300000000000002,0.376125,201.33333333333334,0.2378814392429888,20.80000000000002,113.9,129.5,3.0,122.26249999999999,0.2378814392429888
RP_Talhao_Central,2026-07-27,19.6375,27.4,13.4,0.0,3.36,0.3717083333333333,209.66666666666666,0.2378814392429888,20.80000000000002,113.9,129.29999999999998,4.637499999999999,121.94583333333333,0.2378814392429888
RP_Talhao_Central,2026-07-28,20.654166666666665,28.8,13.7,0.0,3.52,0.3645,212.125,0.2378814392429888,20.80000000000002,113.9,129.2,5.654166666666665,122.3,0.2378814392429888
RP_Talhao_Central,2026-07-29,21.53333333333333,30.4,14.4,0.0,3.92,0.3605833333333333,200.0,0.2378814392429888,20.80000000000002,113.8,129.2,6.533333333333331,122.95833333333333,0.2378814392429888
RP_Talhao_Central,2026-07-30,20.916666666666668,27.1,15.5,0.0,3.2,0.35641666666666666,166.25,0.2378814392429888,20.80000000000002,113.8,129.2,5.916666666666668,123.4375,0.2378814392429888
RP_Talhao_Central,2026-07-31,20.858333333333334,27.9,15.7,0.0,4.33,0.3622916666666667,218.5,0.2378814392429888,20.80000000000002,113.8,129.2,5.858333333333334,123.6125,0.2378814392429888
RP_Talhao_Central,2026-08-01,20.733333333333334,27.2,15.6,0.0,4.08,0.3645833333333333,216.83333333333334,0.2106968991467145,20.80000000000002,113.8,129.2,5.733333333333334,124.20416666666667,0.2106968991467145
RP_Talhao_Central,2026-08-02,21.0,28.3,14.7,0.0,4.0200000000000005,0.3619583333333333,221.04166666666666,0.2106968991467145,20.80000000000002,113.8,129.2,6.0,125.50416666666666,0.2106968991467145
RP_Talhao_Central,2026-08-03,20.191666666666666,27.0,14.5,0.0,3.56,0.3746666666666667,188.79166666666666,0.2106968991467145,20.80000000000002,113.8,129.2,5.191666666666666,125.72916666666667,0.2106968991467145
RP_Talhao_Central,2026-08-04,20.779166666666665,27.6,15.9,0.0,3.35,0.381375,167.25,0.2106968991467145,20.80000000000002,113.8,129.2,5.779166666666665,126.59166666666667,0.2106968991467145
RP_Talhao_Central,2026-08-05,21.875,28.7,15.5,0.2,4.08,0.3786666666666667,212.08333333333334,0.2106968991467145,21.000000000000018,114.0,129.4,6.875,128.49166666666667,0.2106968991467145
RP_Talhao_Central,2026-08-06,21.645833333333332,27.9,16.6,1.5,3.46,0.37633333333333335,195.29166666666666,0.2106968991467145,22.400000000000016,115.5,130.9,6.645833333333332,131.3875,0.2106968991467145
RP_Talhao_Central,2026-08-07,21.791666666666668,26.6,17.6,0.0,3.0500000000000003,0.380625,154.45833333333334,0.2106968991467145,22.400000000000016,115.5,130.9,6.791666666666668,135.04583333333335,0.2106968991467145
RP_Talhao_Central,2026-08-08,22.90416666666667,29.7,16.4,0.0,4.109999999999999,0.384125,210.5,0.2106968991467145,22.400000000000016,115.5,130.70000000000002,7.904166666666669,140.37916666666666,0.2106968991467145
RP_Talhao_Central,2026-08-09,24.675,30.9,19.6,0.1,4.14,0.38929166666666665,205.83333333333334,0.2106968991467145,22.500000000000014,115.6,129.8,9.675,146.7166666666667,0.2106968991467145
RP_Talhao_Central,2026-08-10,22.53333333333333,29.9,17.8,0.0,4.21,0.3913333333333333,213.58333333333334,0.2106968991467145,22.500000000000014,111.5,129.8,7.533333333333331,149.00833333333333,0.2106968991467145
RP_Talhao_Central,2026-08-11,21.34583333333333,29.2,15.5,0.0,4.15,0.38825,220.20833333333334,0.2106968991467145,20.200000000000017,107.5,129.8,6.345833333333331,150.72500000000002,0.2106968991467145
RP_Talhao_Central,2026-08-12,22.875,30.0,17.4,0.1,3.89,0.3834166666666667,213.625,0.2106968991467145,19.900000000000016,92.00000000000001,129.9,7.875,155.875,0.2106968991467145
