talhao,date,t_mean,t_max,t_min,precipitacao_total,evapotranspiracao_total,umidade_solo_mean,radiacao_solar_mean,ndvi_medio,ndvi_periodo,gdd,gdd_acumulado_30d,gdd_acumulado_90d,chuva_acumulada_30d,evapo_acumulada_30d,balanco_hidrico_30d,balanco_hidrico_lag_30d,balanco_hidrico_lag_60d,chuva_acumulada_lag_30d,radiacao_acumulada_30d,dias_calor_extremo_30d,dias_frio_extremo_30d,mes_seno,mes_cosseno,eventos_chuva_extrema_30d
RP_Talhao_Central,2021-08-12,21.52916666666667,30.0,14.8,0.0,4.47,0.28,220.20833333333334,0.1653728686395618,2021-08,3.5291666666666686,3.5291666666666686,3.5291666666666686,0.0,4.47,-4.47,-4.47,-4.47,0.0,220.20833333333334,0.0,0.0,-0.8660254037844384,-0.5000000000000004,0.0
RP_Talhao_Central,2021-08-13,22.53333333333333,30.7,16.2,0.0,4.89,0.28,223.41666666666666,0.1653728686395618,2021-08,4.533333333333331,8.0625,8.0625,0.0,9.36,-9.36,-4.47,-4.47,0.0,443.625,0.0,0.0,-0.8660254037844384,-0.5000000000000004,0.0
RP_Talhao_Central,2021-08-14,23.254166666666666,30.5,17.4,0.0,4.9,0.28,208.75,0.1653728686395618,2021-08,5.254166666666666,13.316666666666666,13.316666666666666,0.0,14.26,-14.26,-4.47,-4.47,0.0,652.375,0.0,0.0,-0.8660254037844384,-0.5000000000000004,0.0
RP_Talhao_Central,2021-08-15,23.59583333333333,31.1,16.8,0.0,4.61,0.28,214.04166666666666,0.1653728686395618,2021-08,5.595833333333331,18.912499999999998,18.912499999999998,0.0,18.87,-18.87,-4.47,-4.47,0.0,866.4166666666666,0.0,0.0,-0.8660254037844384,-0.5000000000000004,0.0
RP_Talhao_Central,2021-08-16,24.633333333333336,32.7,18.1,0.0,5.4799999999999995,0.28,207.04166666666666,0.1653728686395618,2021-08,6.633333333333336,25.545833333333334,25.545833333333334,0.0,24.35,-24.35,-4.47,-4.47,0.0,1073.4583333333333,0.0,0.0,-0.8660254037844384,-0.5000000000000004,0.0
RP_Talhao_Central,2021-08-17,24.295833333333334,31.3,18.3,0.0,4.68,0.2805416666666667,190.04166666666666,0.1653728686395618,2021-08,6.295833333333334,31.84166666666667,31.84166666666667,0.0,29.03,-29.03,-4.47,-4.47,0.0,1263.5,0.0,0.0,-0.8660254037844384,-0.5000000000000004,0.0
RP_Talhao_Central,2021-08-18,25.55,32.7,18.9,0.0,5.72,0.2805,232.58333333333334,0.1653728686395618,2021-08,7.550000000000001,39.391666666666666,39.391666666666666,0.0,34.75,-34.75,-4.47,-4.47,0.0,1496.0833333333333,0.0,0.0,-0.8660254037844384,-0.5000000000000004,0.0
RP_Talhao_Central,2021-08-19,24.775000000000002,31.7,19.1,0.0,6.17,0.279,237.25,0.1653728686395618,2021-08,6.775000000000002,46.16666666666667,46.16666666666667,0.0,40.92,-40.92,-4.47,-4.47,0.0,1733.3333333333333,0.0,0.0,-0.8660254037844384,-0.5000000000000004,0.0
RP_Talhao_Central,2021-08-20,23.875,30.4,16.9,0.0,5.34,0.279,238.41666666666666,0.1653728686395618,2021-08,5.875,52.04166666666667,52.04166666666667,0.0,46.26,-46.26,-4.47,-4.47,0.0,1971.75,0.0,0.0,-0.8660254037844384,-0.5000000000000004,0.0
RP_Talhao_Central,2021-08-21,23.666666666666668,30.9,17.0,0.0,5.58,0.279,236.29166666666666,0.1653728686395618,2021-08,5.666666666666668,57.70833333333334,57.70833333333334,0.0,51.839999999999996,-51.839999999999996,-4.47,-4.47,0.0,2208.0416666666665,0.0,0.0,-0.8660254037844384,-0.5000000000000004,0.0
RP_Talhao_Central,2021-08-22,23.90416666666667,31.2,17.3,0.0,5.53,0.279,239.91666666666666,0.1653728686395618,2021-08,5.904166666666669,63.61250000000001,63.61250000000001,0.0,57.37,-57.37,-4.47,-4.47,0.0,2447.9583333333335,0.0,0.0,-0.8660254037844384,-0.5000000000000004,0.0
RP_Talhao_Central,2021-08-23,25.087500000000002,32.3,18.0,0.0,5.54,0.280625,237.125,0.1653728686395618,2021-08,7.087500000000002,70.70000000000002,70.70000000000002,0.0,62.91,-62.91,-4.47,-4.47,0.0,2685.0833333333335,0.0,0.0,-0.8660254037844384,-0.5000000000000004,0.0
RP_Talhao_Central,2021-08-24,26.433333333333334,33.8,19.7,0.0,5.57,0.279,217.0,0.1653728686395618,2021-08,8.433333333333334,79.13333333333334,79.13333333333334,0.0,68.48,-68.48,-4.47,-4.47,0.0,2902.0833333333335,0.0,0.0,-0.8660254037844384,-0.5000000000000004,0.0
RP_Talhao_Central,2021-08-25,26.858333333333334,34.3,20.4,0.0,5.69,0.279,239.45833333333334,0.1653728686395618,2021-08,8.858333333333334,87.99166666666667,87.99166666666667,0.0,74.17,-74.17,-4.47,-4.47,0.0,3141.5416666666665,0.0,0.0,-0.8660254037844384,-0.5000000000000004,0.0
RP_Talhao_Central,2021-08-26,26.808333333333334,34.4,19.5,0.0,6.04,0.279,225.45833333333334,0.1653728686395618,2021-08,8.808333333333334,96.80000000000001,96.80000000000001,0.0,80.21,-80.21,-4.47,-4.47,0.0,3367.0,0.0,0.0,-0.8660254037844384,-0.5000000000000004,0.0
RP_Talhao_Central,2021-08-27,24.945833333333336,31.7,19.1,0.0,5.21,0.279,192.375,0.1653728686395618,2021-08,6.945833333333336,103.74583333333335,103.74583333333335,0.0,85.42,-85.42,-4.47,-4.47,0.0,3559.375,0.0,0.0,-0.8660254037844384,-0.5000000000000004,0.0
RP_Talhao_Central,2021-08-28,21.216666666666665,25.1,18.7,0.8999999999999999,3.67,0.279,167.83333333333334,0.1653728686395618,2021-08,3.216666666666665,106.9625,106.9625,0.8999999999999999,89.09,-88.19,-4.47,-4.47,0.0,3727.2083333333335,0.0,0.0,-0.8660254037844384,-0.5000000000000004,0.0
RP_Talhao_Central,2021-08-29,21.979166666666668,27.6,17.8,0.0,3.52,0.279,141.20833333333334,0.1653728686395618,2021-08,3.979166666666668,110.94166666666668,110.94166666666668,0.8999999999999999,92.61,-91.71,-4.47,-4.47,0.0,3868.4166666666665,0.0,0.0,-0.8660254037844384,-0.5000000000000004,0.0
RP_Talhao_Central,2021-08-30,22.34583333333333,27.6,16.6,0.2,4.63,0.279125,203.70833333333334,0.1653728686395618,2021-08,4.345833333333331,115.28750000000001,115.28750000000001,1.0999999999999999,97.24,-96.14,-4.47,-4.47,0.0,4072.125,0.0,0.0,-0.8660254037844384,-0.5000000000000004,0.0
RP_Talhao_Central,2021-08-31,22.758333333333336,29.1,17.0,0.0,5.91,0.27875,233.66666666666666,0.1653728686395618,2021-08,4.758333333333336,120.04583333333335,120.04583333333335,1.0999999999999999,103.15,-102.05000000000001,-4.47,-4.47,0.0,4305.791666666667,0.0,0.0,-0.8660254037844384,-0.5000000000000004,0.0
RP_Talhao_Central,2021-09-01,22.337500000000002,28.8,16.2,0.0,5.56,0.27675,237.33333333333334,0.1296162015402646,2021-09,4.337500000000002,124.38333333333335,124.38333333333335,1.0999999999999999,108.71,-107.61,-4.47,-4.47,0.0,4543.125,0.0,0.0,-1.0,-1.8369701987210297e-16,0.0
RP_Talhao_Central,2021-09-02,23.5625,30.6,17.6,0.0,5.14,0.276,229.79166666666666,0.1296162015402646,2021-09,5.5625,129.94583333333335,129.94583333333335,1.0999999999999999,113.85,-112.75,-4.47,-4.47,0.0,4772.916666666667,0.0,0.0,-1.0,-1.8369701987210297e-16,0.0
RP_Talhao_Central,2021-09-03,24.833333333333332,32.2,19.2,0.0,5.24,0.276,231.875,0.1296162015402646,2021-09,6.833333333333332,136.7791666666667,136.7791666666667,1.0999999999999999,119.09,-117.99000000000001,-4.47,-4.47,0.0,5004.791666666667,0.0,0.0,-1.0,-1.8369701987210297e-16,0.0
RP_Talhao_Central,2021-09-04,26.037499999999998,33.9,18.6,0.0,5.36,0.2765,248.0,0.1296162015402646,2021-09,8.037499999999998,144.8166666666667,144.8166666666667,1.0999999999999999,124.45,-123.35000000000001,-4.47,-4.47,0.0,5252.791666666667,0.0,0.0,-1.0,-1.8369701987210297e-16,0.0
RP_Talhao_Central,2021-09-05,27.770833333333332,36.0,20.0,0.0,6.36,0.276,228.54166666666666,0.1296162015402646,2021-09,9.770833333333332,154.5875,154.5875,1.0999999999999999,130.81,-129.71,-4.47,-4.47,0.0,5481.333333333333,1.0,0.0,-1.0,-1.8369701987210297e-16,0.0
RP_Talhao_Central,2021-09-06,27.537499999999998,35.7,20.5,0.0,6.53,0.276,252.66666666666666,0.1296162015402646,2021-09,9.537499999999998,164.125,164.125,1.0999999999999999,137.34,-136.24,-4.47,-4.47,0.0,5734.0,2.0,0.0,-1.0,-1.8369701987210297e-16,0.0
RP_Talhao_Central,2021-09-07,28.208333333333332,36.9,19.9,0.0,6.54,0.2755,223.16666666666666,0.1296162015402646,2021-09,10.208333333333332,174.33333333333334,174.33333333333334,1.0999999999999999,143.88,-142.78,-4.47,-4.47,0.0,5957.166666666667,3.0,0.0,-1.0,-1.8369701987210297e-16,0.0
RP_Talhao_Central,2021-09-08,29.979166666666668,37.9,23.4,0.0,7.12,0.276,211.66666666666666,0.1296162015402646,2021-09,11.979166666666668,186.3125,186.3125,1.0999999999999999,151.0,-149.9,-4.47,-4.47,0.0,6168.833333333333,4.0,0.0,-1.0,-1.8369701987210297e-16,0.0
RP_Talhao_Central,2021-09-09,28.412499999999998,35.2,23.7,0.1,5.91,0.276,183.125,0.1296162015402646,2021-09,10.412499999999998,196.72500000000002,196.72500000000002,1.2,156.91,-155.71,-4.47,-4.47,0.0,6351.958333333333,5.0,0.0,-1.0,-1.8369701987210297e-16,0.0
RP_Talhao_Central,2021-09-10,25.45,30.4,21.2,0.5,3.61,0.27375,160.54166666666666,0.1296162015402646,2021-09,7.449999999999999,204.175,204.175,1.7,160.52,-158.82000000000002,-4.47,-4.47,0.0,6512.5,5.0,0.0,-1.0,-1.8369701987210297e-16,0.0
RP_Talhao_Central,2021-09-11,25.7625,33.5,20.4,1.1,5.13,0.271,210.0,0.1296162015402646,2021-09,7.762499999999999,208.40833333333333,211.9375,2.8,161.18,-158.38,-4.47,-4.47,0.0,6502.291666666667,5.0,0.0,-1.0,-1.8369701987210297e-16,0.0
RP_Talhao_Central,2021-09-12,27.670833333333334,34.9,20.0,0.1,5.94,0.27575,216.375,0.1296162015402646,2021-09,9.670833333333334,213.54583333333335,221.60833333333335,2.9,162.23000000000002,-159.33,-9.36,-4.47,0.0,6495.25,5.0,0.0,-1.0,-1.8369701987210297e-16,0.0
RP_Talhao_Central,2021-09-13,29.191666666666666,36.6,23.3,0.0,6.92,0.277,228.5,0.1296162015402646,2021-09,11.191666666666666,219.48333333333335,232.8,2.9,164.25,-161.35,-14.26,-4.47,0.0,6515.0,6.0,0.0,-1.0,-1.8369701987210297e-16,0.0
RP_Talhao_Central,2021-09-14,28.6375,36.3,21.0,0.0,6.89,0.27725000000000005,237.45833333333334,0.1296162015402646,2021-09,10.6375,224.525,243.4375,2.9,166.53,-163.63,-18.87,-4.47,0.0,6538.416666666666,7.0,0.0,-1.0,-1.8369701987210297e-16,0.0
RP_Talhao_Central,2021-09-15,27.9875,33.9,21.9,0.0,5.11,0.2810416666666667,180.29166666666666,0.1296162015402646,2021-09,9.9875,227.87916666666666,253.425,2.9,166.16,-163.26,-24.35,-4.47,0.0,6511.666666666667,7.0,0.0,-1.0,-1.8369701987210297e-16,0.0
RP_Talhao_Central,2021-09-16,28.1125,35.3,22.9,0.0,6.2,0.27975,224.875,0.1296162015402646,2021-09,10.1125,231.69583333333333,263.5375,2.9,167.68,-164.78,-29.03,-4.47,0.0,6546.5,8.0,0.0,-1.0,-1.8369701987210297e-16,0.0
RP_Talhao_Central,2021-09-17,27.900000000000002,34.5,22.7,0.0,6.07,0.28154166666666663,229.125,0.1296162015402646,2021-09,9.900000000000002,234.04583333333332,273.4375,2.9,168.03,-165.13,-34.75,-4.47,0.0,6543.041666666667,8.0,0.0,-1.0,-1.8369701987210297e-16,0.0
RP_Talhao_Central,2021-09-18,28.8625,36.0,21.7,0.0,5.87,0.27937500000000004,254.25,0.1296162015402646,2021-09,10.8625,238.13333333333333,284.3,2.9,167.73000000000002,-164.83,-40.92,-4.47,0.0,6560.041666666667,9.0,0.0,-1.0,-1.8369701987210297e-16,0.0
RP_Talhao_Central,2021-09-19,29.65416666666667,36.1,21.7,0.0,6.12,0.28,232.0,0.1296162015402646,2021-09,11.654166666666669,243.9125,295.95416666666665,2.9,168.51000000000002,-165.61,-46.26,-4.47,0.0,6553.625,10.0,0.0,-1.0,-1.8369701987210297e-16,0.0
RP_Talhao_Central,2021-09-20,30.9375,37.2,24.4,0.0,6.13,0.28,216.91666666666666,0.1296162015402646,2021-09,12.9375,251.18333333333334,308.89166666666665,2.9,169.06,-166.16,-51.839999999999996,-4.47,0.0,6534.25,11.0,0.0,-1.0,-1.8369701987210297e-16,0.0
RP_Talhao_Central,2021-09-21,30.870833333333334,38.1,23.3,0.0,6.83,0.27987500000000004,220.625,0.1296162015402646,2021-09,12.870833333333334,258.15,321.7625,2.9,170.35999999999999,-167.45999999999998,-57.37,-4.47,0.0,6514.958333333334,12.0,0.0,-1.0,-1.8369701987210297e-16,0.0
RP_Talhao_Central,2021-09-22,23.224999999999998,30.6,17.2,0.0,6.86,0.279,267.125,0.1296162015402646,2021-09,5.224999999999998,256.2875,326.9875,2.9,171.68,-168.78,-62.91,-4.47,0.0,6544.958333333334,12.0,0.0,-1.0,-1.8369701987210297e-16,0.0
RP_Talhao_Central,2021-09-23,24.541666666666668,32.9,17.2,0.0,6.57,0.27975,266.3333333333333,0.1296162015402646,2021-09,6.541666666666668,254.39583333333331,333.5291666666667,2.9,172.68,-169.78,-68.48,-4.47,0.0,6594.291666666667,12.0,0.0,-1.0,-1.8369701987210297e-16,0.0
RP_Talhao_Central,2021-09-24,26.870833333333334,34.9,19.4,0.0,6.7,0.279,254.20833333333334,0.1296162015402646,2021-09,8.870833333333334,254.40833333333333,342.40000000000003,2.9,173.69000000000003,-170.79000000000002,-74.17,-4.47,0.0,6609.041666666666,12.0,0.0,-1.0,-1.8369701987210297e-16,0.0
RP_Talhao_Central,2021-09-25,26.5,34.4,20.0,0.0,5.59,0.279,236.16666666666666,0.1296162015402646,2021-09,8.5,254.1,350.90000000000003,2.9,173.23999999999998,-170.33999999999997,-80.21,-4.47,0.0,6619.75,12.0,0.0,-1.0,-1.8369701987210297e-16,0.0
RP_Talhao_Central,2021-09-26,24.84583333333333,33.3,19.7,5.7,4.95,0.28054166666666663,217.29166666666666,0.1296162015402646,2021-09,6.845833333333331,254.0,357.74583333333334,8.6,172.98000000000002,-164.38000000000002,-85.42,-4.47,0.0,6644.666666666667,12.0,0.0,-1.0,-1.8369701987210297e-16,0.0
RP_Talhao_Central,2021-09-27,24.766666666666666,32.5,18.3,0.2,4.75,0.277625,237.83333333333334,0.1296162015402646,2021-09,6.766666666666666,257.55,364.5125,7.9,174.06,-166.16,-88.19,-4.47,0.8999999999999999,6714.666666666667,12.0,0.0,-1.0,-1.8369701987210297e-16,0.0
RP_Talhao_Central,2021-09-28,27.21666666666667,33.6,21.1,0.0,5.65,0.27829166666666666,244.625,0.1296162015402646,2021-09,9.216666666666669,262.78749999999997,373.7291666666667,7.9,176.19,-168.29,-91.71,-4.47,0.8999999999999999,6818.083333333333,12.0,0.0,-1.0,-1.8369701987210297e-16,0.0
RP_Talhao_Central,2021-09-29,28.02916666666667,35.1,20.8,0.0,6.29,0.2805,223.45833333333334,0.1296162015402646,2021-09,10.029166666666669,268.47083333333336,383.7583333333333,7.700000000000001,177.85,-170.15,-96.14,-4.47,1.0999999999999999,6837.833333333333,13.0,0.0,-1.0,-1.8369701987210297e-16,0.0
RP_Talhao_Central,2021-09-30,26.754166666666666,33.5,20.0,0.0,5.75,0.2856666666666667,245.83333333333334,0.1296162015402646,2021-09,8.754166666666666,272.46666666666664,392.5125,7.700000000000001,177.69,-169.99,-102.05000000000001,-4.47,1.0999999999999999,6850.0,13.0,0.0,-1.0,-1.8369701987210297e-16,0.0
RP_Talhao_Central,2021-10-01,27.066666666666666,36.5,20.6,4.6,6.08,0.29162499999999997,233.25,0.1474616900526334,2021-10,9.066666666666666,277.1958333333333,401.57916666666665,12.3,178.21,-165.91,-107.61,-4.47,1.0999999999999999,6845.916666666667,14.0,0.0,-0.8660254037844386,0.5,0.0
RP_Talhao_Central,2021-10-02,24.9875,31.5,20.4,1.8,3.94,0.29104166666666664,193.125,0.1474616900526334,2021-10,6.987500000000001,278.62083333333334,408.56666666666666,14.100000000000001,177.01000000000002,-162.91000000000003,-112.75,-4.47,1.0999999999999999,6809.25,14.0,0.0,-0.8660254037844386,0.5,0.0
RP_Talhao_Central,2021-10-03,26.625,35.7,21.3,3.7,5.88,0.28424999999999995,250.08333333333334,0.1474616900526334,2021-10,8.625,280.4125,417.19166666666666,17.8,177.65,-159.85,-117.99000000000001,-4.47,1.0999999999999999,6827.458333333333,15.0,0.0,-0.8660254037844386,0.5,0.0
RP_Talhao_Central,2021-10-04,25.28333333333333,33.1,20.5,2.4,4.58,0.28954166666666664,215.70833333333334,0.1474616900526334,2021-10,7.283333333333331,279.6583333333333,424.475,20.2,176.87,-156.67000000000002,-123.35000000000001,-4.47,1.0999999999999999,6795.166666666666,15.0,0.0,-0.8660254037844386,0.5,0.0
RP_Talhao_Central,2021-10-05,25.912499999999998,33.0,21.3,1.1,4.89,0.28724999999999995,245.91666666666666,0.1474616900526334,2021-10,7.912499999999998,277.8,432.3875,21.3,175.4,-154.1,-129.71,-4.47,1.0999999999999999,6812.541666666667,14.0,0.0,-0.8660254037844386,0.5,0.0
RP_Talhao_Central,2021-10-06,26.933333333333334,34.9,21.0,0.1,5.35,0.27937500000000004,252.66666666666666,0.1474616900526334,2021-10,8.933333333333334,277.1958333333333,441.3208333333333,21.400000000000002,174.22,-152.82,-136.24,-4.47,1.0999999999999999,6812.541666666667,13.0,0.0,-0.8660254037844386,0.5,0.0
RP_Talhao_Central,2021-10-07,22.954166666666666,27.0,20.9,17.0,1.76,0.28875,83.66666666666667,0.1474616900526334,2021-10,4.954166666666666,271.94166666666666,446.27500000000003,38.400000000000006,169.44,-131.04,-142.78,-4.47,1.0999999999999999,6673.041666666666,12.0,0.0,-0.8660254037844386,0.5,0.0
RP_Talhao_Central,2021-10-08,24.1875,31.5,18.4,0.1,4.67,0.282375,227.25,0.1474616900526334,2021-10,6.1875,266.15,452.46250000000003,38.5,166.99,-128.49,-149.9,-4.47,1.0999999999999999,6688.625,11.0,0.0,-0.8660254037844386,0.5,0.0
RP_Talhao_Central,2021-10-09,24.516666666666666,32.9,20.4,27.5,4.36,0.2900833333333333,221.41666666666666,0.1474616900526334,2021-10,6.516666666666666,262.25416666666666,458.9791666666667,65.9,165.44,-99.53999999999999,-155.71,-4.47,1.2,6726.916666666667,10.0,0.0,-0.8660254037844386,0.5,0.0
RP_Talhao_Central,2021-10-10,21.416666666666668,25.4,19.3,48.1,1.97,0.3745,104.83333333333333,0.1474616900526334,2021-10,3.416666666666668,258.2208333333333,462.39583333333337,113.5,163.79999999999998,-50.29999999999998,-158.82000000000002,-4.47,1.7,6671.208333333333,10.0,0.0,-0.8660254037844386,0.5,0.0
RP_Talhao_Central,2021-10-11,21.275,24.8,18.4,4.4,2.67,0.42375,149.0,0.1474616900526334,2021-10,3.2749999999999986,253.73333333333335,465.67083333333335,116.80000000000001,161.34,-44.53999999999999,-158.38,-4.47,2.8,6610.208333333333,10.0,0.0,-0.8660254037844386,0.5,0.0
RP_Talhao_Central,2021-10-12,22.858333333333334,29.8,17.0,0.0,5.31,0.43883333333333335,283.4583333333333,0.1474616900526334,2021-10,4.858333333333334,248.92083333333332,470.5291666666667,116.7,160.71,-44.010000000000005,-159.33,-9.36,2.9,6677.291666666667,10.0,0.0,-0.8660254037844386,0.5,0.0
RP_Talhao_Central,2021-10-13,24.175,30.8,18.1,0.0,5.46,0.42395833333333327,279.5,0.1474616900526334,2021-10,6.175000000000001,243.90416666666667,476.70416666666665,116.7,159.25,-42.55,-161.35,-14.26,2.9,6728.291666666667,9.0,0.0,-0.8660254037844386,0.5,0.0
RP_Talhao_Central,2021-10-14,24.108333333333334,31.1,20.9,4.199999999999999,4.06,0.4074583333333333,190.625,0.1474616900526334,2021-10,6.108333333333334,239.375,482.8125,120.89999999999999,156.42,-35.519999999999996,-163.63,-18.87,2.9,6681.458333333334,8.0,0.0,-0.8660254037844386,0.5,0.0
RP_Talhao_Central,2021-10-15,24.741666666666664,31.1,19.5,4.1,4.890000000000001,0.3982916666666667,239.33333333333334,0.1474616900526334,2021-10,6.741666666666664,236.12916666666666,489.5541666666667,125.0,156.20000000000002,-31.200000000000017,-163.26,-24.35,2.9,6740.5,8.0,0.0,-0.8660254037844386,0.5,0.0
RP_Talhao_Central,2021-10-16,23.983333333333334,29.4,20.8,4.1,4.04,0.40724999999999995,229.45833333333334,0.1474616900526334,2021-10,5.983333333333334,232.0,495.5375,129.1,154.04,-24.939999999999998,-164.78,-29.03,2.9,6745.083333333333,7.0,0.0,-0.8660254037844386,0.5,0.0
RP_Talhao_Central,2021-10-17,23.854166666666668,30.2,19.1,2.0,4.24,0.4061666666666666,235.33333333333334,0.1474616900526334,2021-10,5.854166666666668,227.95416666666668,501.39166666666665,131.1,152.21,-21.110000000000014,-165.13,-34.75,2.9,6751.291666666667,7.0,0.0,-0.8660254037844386,0.5,0.0
RP_Talhao_Central,2021-10-18,22.84583333333333,29.2,20.0,16.599999999999998,3.82,0.40599999999999997,217.625,0.1474616900526334,2021-10,4.845833333333331,221.9375,506.2375,147.7,150.16,-2.460000000000008,-164.83,-40.92,2.9,6714.666666666667,6.0,0.0,-0.8660254037844386,0.5,0.0
RP_Talhao_Central,2021-10-19,21.379166666666666,26.7,17.6,10.9,3.6,0.39008333333333334,198.625,0.1474616900526334,2021-10,3.3791666666666664,213.6625,509.6166666666667,158.6,147.64,10.960000000000008,-165.61,-46.26,2.9,6681.291666666667,5.0,0.0,-0.8660254037844386,0.5,0.0
RP_Talhao_Central,2021-10-20,20.270833333333332,25.8,15.9,24.4,4.15,0.4219166666666667,231.41666666666666,0.1474616900526334,2021-10,2.270833333333332,202.99583333333334,511.8875,183.0,145.66,37.34,-166.16,-51.839999999999996,2.9,6695.791666666666,4.0,0.0,-0.8660254037844386,0.5,0.0
RP_Talhao_Central,2021-10-21,20.908333333333335,27.2,15.4,0.0,5.48,0.39891666666666664,299.9166666666667,0.1474616900526334,2021-10,2.908333333333335,193.03333333333333,514.7958333333333,183.0,144.31,38.69,-167.45999999999998,-57.37,2.9,6775.083333333333,3.0,0.0,-0.8660254037844386,0.5,0.0
RP_Talhao_Central,2021-10-22,22.004166666666666,29.0,15.4,0.0,5.75,0.38533333333333336,321.9583333333333,0.1474616900526334,2021-10,4.004166666666666,191.8125,518.8,183.0,143.2,39.80000000000001,-168.78,-62.91,2.9,6829.916666666666,3.0,0.0,-0.8660254037844386,0.5,0.0
RP_Talhao_Central,2021-10-23,25.170833333333334,32.9,17.8,0.0,6.8100000000000005,0.36533333333333334,320.2916666666667,0.1474616900526334,2021-10,7.170833333333334,192.44166666666666,525.9708333333333,183.0,143.44,39.56,-169.78,-68.48,2.9,6883.875,3.0,0.0,-0.8660254037844386,0.5,0.0
RP_Talhao_Central,2021-10-24,21.870833333333334,24.1,19.2,17.8,2.69,0.35991666666666666,141.875,0.1474616900526334,2021-10,3.8708333333333336,187.44166666666666,529.8416666666667,200.79999999999998,139.42999999999998,61.370000000000005,-170.79000000000002,-74.17,2.9,6771.541666666667,3.0,0.0,-0.8660254037844386,0.5,0.0
RP_Talhao_Central,2021-10-25,23.650000000000002,30.9,17.7,0.5,5.07,0.35470833333333335,267.8333333333333,0.1474616900526334,2021-10,5.650000000000002,184.59166666666667,535.4916666666667,201.29999999999998,138.91000000000003,62.38999999999996,-170.33999999999997,-80.21,2.9,6803.208333333333,3.0,0.0,-0.8660254037844386,0.5,0.0
RP_Talhao_Central,2021-10-26,23.6875,30.6,20.3,1.9000000000000001,4.38,0.35145833333333326,238.95833333333334,0.1474616900526334,2021-10,5.6875,183.43333333333334,541.1791666666667,197.5,138.34,59.16,-164.38000000000002,-85.42,8.6,6824.875,3.0,0.0,-0.8660254037844386,0.5,0.0
RP_Talhao_Central,2021-10-27,23.125,29.0,20.4,8.4,2.79,0.36024999999999996,149.04166666666666,0.1474616900526334,2021-10,5.125,181.79166666666666,546.3041666666667,205.7,136.38,69.32,-166.16,-88.19,7.9,6736.083333333333,3.0,0.0,-0.8660254037844386,0.5,0.0
RP_Talhao_Central,2021-10-28,23.525000000000002,27.8,20.3,11.7,3.22,0.40199999999999997,149.45833333333334,0.1474616900526334,2021-10,5.525000000000002,178.1,551.8291666666667,217.39999999999998,133.95,83.44999999999999,-168.29,-91.71,7.9,6640.916666666667,3.0,0.0,-0.8660254037844386,0.5,0.0
RP_Talhao_Central,2021-10-29,24.53333333333333,29.9,19.7,0.30000000000000004,5.44,0.3955416666666667,282.5,0.1474616900526334,2021-10,6.533333333333331,174.60416666666666,558.3625,217.7,133.1,84.6,-170.15,-96.14,7.700000000000001,6699.958333333334,2.0,0.0,-0.8660254037844386,0.5,0.0
RP_Talhao_Central,2021-10-30,23.462500000000002,30.6,19.4,4.3,5.0,0.38245833333333334,268.125,0.1474616900526334,2021-10,5.462500000000002,171.3125,563.825,222.0,132.35,89.65,-169.99,-102.05000000000001,7.700000000000001,6722.25,2.0,0.0,-0.8660254037844386,0.5,0.0
RP_Talhao_Central,2021-10-31,20.037499999999998,22.0,19.0,40.2,1.17,0.40170833333333333,63.041666666666664,0.1474616900526334,2021-10,2.037499999999998,164.28333333333333,565.8625,257.6,127.44,130.16000000000003,-165.91,-107.61,12.3,6552.041666666666,1.0,0.0,-0.8660254037844386,0.5,0.0
RP_Talhao_Central,2021-11-01,21.945833333333336,26.9,18.9,2.3,3.69,0.4300833333333333,209.16666666666666,0.1855005646925566,2021-11,3.9458333333333364,161.24166666666665,569.8083333333334,258.1,127.19,130.91000000000003,-162.91000000000003,-112.75,14.100000000000001,6568.083333333333,1.0,0.0,-0.5000000000000004,0.8660254037844384,0.0
RP_Talhao_Central,2021-11-02,22.641666666666666,28.4,16.9,0.2,5.12,0.41862499999999997,282.0833333333333,0.1855005646925566,2021-11,4.641666666666666,157.25833333333333,574.45,254.6,126.43,128.17,-159.85,-117.99000000000001,17.8,6600.083333333333,0.0,0.0,-0.5000000000000004,0.8660254037844384,0.0
RP_Talhao_Central,2021-11-03,24.133333333333336,30.8,17.5,0.1,5.74,0.4027083333333333,298.5,0.1855005646925566,2021-11,6.133333333333336,156.10833333333332,580.5833333333334,252.29999999999998,127.59,124.70999999999998,-156.67000000000002,-123.35000000000001,20.2,6682.875,0.0,0.0,-0.5000000000000004,0.8660254037844384,0.0
RP_Talhao_Central,2021-11-04,25.483333333333334,32.6,18.5,0.0,6.8,0.3759166666666667,335.4583333333333,0.1855005646925566,2021-11,7.483333333333334,155.67916666666667,588.0666666666667,251.2,129.5,121.69999999999999,-154.1,-129.71,21.3,6772.416666666667,0.0,0.0,-0.5000000000000004,0.8660254037844384,0.0
RP_Talhao_Central,2021-11-05,26.758333333333336,33.5,20.0,0.0,6.56,0.34725,293.125,0.1855005646925566,2021-11,8.758333333333336,155.50416666666666,596.825,251.1,130.71,120.38999999999999,-152.82,-136.24,21.400000000000002,6812.875,0.0,0.0,-0.5000000000000004,0.8660254037844384,0.0
RP_Talhao_Central,2021-11-06,27.52916666666667,33.9,20.9,0.1,6.34,0.32579166666666665,291.9166666666667,0.1855005646925566,2021-11,9.529166666666669,160.07916666666668,606.3541666666667,234.2,135.29000000000002,98.90999999999997,-131.04,-142.78,38.400000000000006,7021.125,0.0,0.0,-0.5000000000000004,0.8660254037844384,0.0
RP_Talhao_Central,2021-11-07,28.037499999999998,34.7,21.8,0.0,7.17,0.31175,308.0833333333333,0.1855005646925566,2021-11,10.037499999999998,163.92916666666667,616.3916666666667,234.1,137.79,96.31,-128.49,-149.9,38.5,7101.958333333334,0.0,0.0,-0.5000000000000004,0.8660254037844384,0.0
RP_Talhao_Central,2021-11-08,26.620833333333334,35.1,21.1,0.0,6.13,0.3036666666666667,276.625,0.1855005646925566,2021-11,8.620833333333334,166.03333333333333,625.0125,206.6,139.56,67.03999999999999,-99.53999999999999,-155.71,65.9,7157.166666666667,1.0,0.0,-0.5000000000000004,0.8660254037844384,0.0
RP_Talhao_Central,2021-11-09,25.95,33.7,20.5,3.2,5.3500000000000005,0.296125,267.3333333333333,0.1855005646925566,2021-11,7.949999999999999,170.56666666666666,632.9625,161.70000000000002,142.94,18.76000000000002,-50.29999999999998,-158.82000000000002,113.5,7319.666666666667,1.0,0.0,-0.5000000000000004,0.8660254037844384,0.0
RP_Talhao_Central,2021-11-10,24.3625,30.7,21.0,5.7,4.35,0.2830416666666667,223.08333333333334,0.1855005646925566,2021-11,6.362500000000001,173.65416666666667,635.7958333333333,163.0,144.62,18.379999999999995,-44.53999999999999,-158.38,116.80000000000001,7393.75,1.0,0.0,-0.5000000000000004,0.8660254037844384,0.0
RP_Talhao_Central,2021-11-11,21.708333333333332,26.4,20.1,11.2,2.49,0.32841666666666663,144.25,0.1855005646925566,2021-11,3.708333333333332,172.5041666666667,634.9708333333333,174.20000000000002,141.79999999999998,32.400000000000034,-44.010000000000005,-159.33,116.7,7254.541666666666,1.0,0.0,-0.5000000000000004,0.8660254037844384,0.0
RP_Talhao_Central,2021-11-12,22.02916666666667,25.9,18.2,0.4,4.46,0.39283333333333337,225.20833333333334,0.1855005646925566,2021-11,4.029166666666669,170.35833333333335,633.7458333333333,174.6,140.8,33.79999999999998,-42.55,-161.35,116.7,7200.25,1.0,0.0,-0.5000000000000004,0.8660254037844384,0.0
RP_Talhao_Central,2021-11-13,21.55,28.0,15.8,0.0,6.18,0.38775000000000004,339.5416666666667,0.1855005646925566,2021-11,3.5500000000000007,167.8,631.7,170.39999999999998,142.92000000000002,27.47999999999996,-35.519999999999996,-163.63,120.89999999999999,7349.166666666666,1.0,0.0,-0.5000000000000004,0.8660254037844384,0.0
RP_Talhao_Central,2021-11-14,22.7375,29.1,16.7,0.0,6.43,0.37704166666666666,347.2916666666667,0.1855005646925566,2021-11,4.737500000000001,165.79583333333335,629.8041666666667,166.29999999999998,144.46,21.839999999999975,-31.200000000000017,-163.26,125.0,7457.125,1.0,0.0,-0.5000000000000004,0.8660254037844384,0.0
RP_Talhao_Central,2021-11-15,23.945833333333336,29.6,17.7,0.0,6.76,0.36516666666666664,324.7083333333333,0.1855005646925566,2021-11,5.945833333333336,165.75833333333333,629.4541666666667,162.2,147.18,15.019999999999982,-24.939999999999998,-164.78,129.1,7552.375,1.0,0.0,-0.5000000000000004,0.8660254037844384,0.0
RP_Talhao_Central,2021-11-16,24.758333333333336,30.9,18.9,0.0,6.72,0.353875,324.625,0.1855005646925566,2021-11,6.758333333333336,166.66250000000002,628.6625,160.2,149.66,10.539999999999992,-21.110000000000014,-165.13,131.1,7641.666666666666,1.0,0.0,-0.5000000000000004,0.8660254037844384,0.0
RP_Talhao_Central,2021-11-17,26.229166666666668,31.9,20.4,0.1,6.09,0.34170833333333334,295.0833333333333,0.1855005646925566,2021-11,8.229166666666668,170.04583333333335,630.1166666666668,143.70000000000002,151.93,-8.22999999999999,-2.460000000000008,-164.83,147.7,7719.125,1.0,0.0,-0.5000000000000004,0.8660254037844384,0.0
RP_Talhao_Central,2021-11-18,22.929166666666664,28.3,20.6,19.3,3.06,0.33395833333333336,164.58333333333334,0.1855005646925566,2021-11,4.929166666666664,171.59583333333336,629.1708333333333,152.1,151.39000000000001,0.7099999999999795,10.960000000000008,-165.61,158.6,7685.083333333333,1.0,0.0,-0.5000000000000004,0.8660254037844384,0.0
RP_Talhao_Central,2021-11-19,21.691666666666666,25.1,20.4,45.9,1.83,0.43625,111.29166666666667,0.1855005646925566,2021-11,3.6916666666666664,173.01666666666668,627.1958333333333,173.6,149.07,24.53,37.34,-166.16,183.0,7564.958333333334,1.0,0.0,-0.5000000000000004,0.8660254037844384,0.0
RP_Talhao_Central,2021-11-20,23.554166666666664,29.2,18.7,0.30000000000000004,5.49,0.47741666666666666,288.0833333333333,0.1855005646925566,2021-11,5.554166666666664,175.66250000000002,626.8458333333334,173.9,149.08,24.819999999999993,38.69,-167.45999999999998,183.0,7553.125,1.0,0.0,-0.5000000000000004,0.8660254037844384,0.0
RP_Talhao_Central,2021-11-21,23.558333333333334,29.5,17.3,0.0,5.96,0.453,314.7083333333333,0.1855005646925566,2021-11,5.558333333333334,177.21666666666667,625.3166666666666,173.9,149.29000000000002,24.609999999999985,39.80000000000001,-168.78,183.0,7545.875,1.0,0.0,-0.5000000000000004,0.8660254037844384,0.0
RP_Talhao_Central,2021-11-22,24.854166666666668,31.6,18.7,0.0,6.640000000000001,0.4286666666666667,352.0,0.1855005646925566,2021-11,6.854166666666668,176.90000000000003,623.7375000000001,173.9,149.12,24.78,39.56,-169.78,183.0,7577.583333333333,1.0,0.0,-0.5000000000000004,0.8660254037844384,0.0
RP_Talhao_Central,2021-11-23,25.983333333333334,34.1,18.5,0.0,7.22,0.3977916666666667,354.6666666666667,0.1855005646925566,2021-11,7.983333333333334,181.01250000000002,622.8625000000001,156.10000000000002,153.65,2.450000000000017,61.370000000000005,-170.79000000000002,200.79999999999998,7790.375,1.0,0.0,-0.5000000000000004,0.8660254037844384,0.0
RP_Talhao_Central,2021-11-24,26.599999999999998,34.0,20.2,0.0,7.26,0.3760833333333333,334.9166666666667,0.1855005646925566,2021-11,8.599999999999998,183.9625,622.6541666666667,155.60000000000002,155.83999999999997,-0.23999999999995225,62.38999999999996,-170.33999999999997,201.29999999999998,7857.458333333334,1.0,0.0,-0.5000000000000004,0.8660254037844384,0.0
RP_Talhao_Central,2021-11-25,27.058333333333334,33.3,19.8,0.1,6.4799999999999995,0.360875,304.4583333333333,0.1855005646925566,2021-11,9.058333333333334,187.33333333333334,624.7666666666667,153.8,157.94,-4.139999999999986,59.16,-164.38000000000002,197.5,7922.958333333333,1.0,0.0,-0.5000000000000004,0.8660254037844384,0.0
RP_Talhao_Central,2021-11-26,22.724999999999998,27.4,20.7,32.8,2.6,0.35804166666666665,140.125,0.1855005646925566,2021-11,4.724999999999998,186.93333333333334,626.2750000000001,178.2,157.75,20.44999999999999,69.32,-166.16,205.7,7914.041666666667,1.0,0.0,-0.5000000000000004,0.8660254037844384,0.0
RP_Talhao_Central,2021-11-27,24.883333333333336,31.3,20.1,1.0,6.13,0.36366666666666664,317.4583333333333,0.1855005646925566,2021-11,6.883333333333336,188.29166666666669,629.1791666666667,167.5,160.66,6.840000000000003,83.44999999999999,-168.29,217.39999999999998,8082.041666666666,1.0,0.0,-0.5000000000000004,0.8660254037844384,0.0
RP_Talhao_Central,2021-11-28,25.783333333333335,32.6,18.6,0.0,7.1,0.35545833333333327,353.75,0.1855005646925566,2021-11,7.783333333333335,189.54166666666669,632.6166666666667,167.2,162.32,4.8799999999999955,84.6,-170.15,217.7,8153.291666666666,1.0,0.0,-0.5000000000000004,0.8660254037844384,0.0
RP_Talhao_Central,2021-11-29,25.59166666666667,30.1,20.4,2.2,5.08,0.34570833333333334,249.54166666666666,0.1855005646925566,2021-11,7.591666666666669,191.67083333333335,635.45,165.1,162.4,2.6999999999999886,89.65,-169.99,222.0,8134.708333333333,1.0,0.0,-0.5000000000000004,0.8660254037844384,0.0
RP_Talhao_Central,2021-11-30,22.8625,26.0,20.4,17.9,2.71,0.34970833333333334,157.875,0.1855005646925566,2021-11,4.862500000000001,194.49583333333334,635.975,142.79999999999998,163.94,-21.140000000000015,130.16000000000003,-165.91,257.6,8229.541666666666,1.0,0.0,-0.5000000000000004,0.8660254037844384,0.0
RP_Talhao_Central,2021-12-01,24.508333333333336,30.9,19.2,0.8,5.2,0.40091666666666664,281.25,0.2305654798637997,2021-12,6.508333333333336,197.05833333333337,636.9208333333333,141.29999999999998,165.45,-24.150000000000006,130.91000000000003,-162.91000000000003,258.1,8301.625,1.0,0.0,-2.4492935982947064e-16,1.0,0.0
RP_Talhao_Central,2021-12-02,25.204166666666666,31.7,19.4,0.0,5.66,0.39395833333333335,293.6666666666667,0.2305654798637997,2021-12,7.204166666666666,199.62083333333334,637.2916666666666,141.1,165.98999999999998,-24.889999999999986,128.17,-159.85,254.6,8313.208333333334,1.0,0.0,-2.4492935982947064e-16,1.0,0.0
RP_Talhao_Central,2021-12-03,25.416666666666668,30.7,20.6,0.7,6.12,0.37995833333333334,307.7083333333333,0.2305654798637997,2021-12,7.416666666666668,200.9041666666667,636.6708333333333,141.7,166.37,-24.670000000000016,124.70999999999998,-156.67000000000002,252.29999999999998,8322.416666666666,1.0,0.0,-2.4492935982947064e-16,1.0,0.0
RP_Talhao_Central,2021-12-04,25.537499999999998,31.0,20.6,0.30000000000000004,6.12,0.36445833333333333,311.2083333333333,0.2305654798637997,2021-12,7.537499999999998,200.95833333333334,634.4375,142.0,165.69,-23.689999999999998,121.69999999999999,-154.1,251.2,8298.166666666666,1.0,0.0,-2.4492935982947064e-16,1.0,0.0
RP_Talhao_Central,2021-12-05,23.629166666666666,28.3,20.6,24.2,4.38,0.36516666666666664,247.04166666666666,0.2305654798637997,2021-12,5.629166666666666,197.82916666666668,630.5291666666667,166.2,163.51,2.6899999999999977,120.38999999999999,-152.82,251.1,8252.083333333332,1.0,0.0,-2.4492935982947064e-16,1.0,0.0
RP_Talhao_Central,2021-12-06,23.370833333333334,28.4,19.4,17.7,4.63,0.449625,260.875,0.2305654798637997,2021-12,5.370833333333334,193.67083333333335,625.6916666666666,183.8,161.79999999999998,22.00000000000003,98.90999999999997,-131.04,234.2,8221.041666666666,1.0,0.0,-2.4492935982947064e-16,1.0,0.0
RP_Talhao_Central,2021-12-07,22.21666666666667,26.2,18.4,1.9000000000000004,4.63,0.4422916666666667,239.75,0.2305654798637997,2021-12,4.216666666666669,187.85000000000002,617.9291666666667,185.70000000000002,159.26,26.440000000000026,96.31,-128.49,234.1,8152.708333333333,1.0,0.0,-2.4492935982947064e-16,1.0,0.0
RP_Talhao_Central,2021-12-08,20.945833333333333,26.8,15.9,0.0,5.12,0.43216666666666664,279.2083333333333,0.2305654798637997,2021-12,2.945833333333333,182.175,610.4625,185.70000000000002,158.25,27.450000000000017,67.03999999999999,-99.53999999999999,206.6,8155.291666666666,0.0,0.0,-2.4492935982947064e-16,1.0,0.0
RP_Talhao_Central,2021-12-09,21.9375,29.2,15.7,0.0,6.18,0.4157916666666666,348.5,0.2305654798637997,2021-12,3.9375,178.16250000000002,606.95,182.5,159.08,23.419999999999987,18.76000000000002,-50.29999999999998,161.70000000000002,8236.458333333334,0.0,0.0,-2.4492935982947064e-16,1.0,0.0
RP_Talhao_Central,2021-12-10,23.133333333333336,30.3,15.7,0.0,6.760000000000001,0.3975,361.9166666666667,0.2305654798637997,2021-12,5.133333333333336,176.93333333333334,604.3208333333333,176.8,161.48999999999998,15.31000000000003,18.379999999999995,-44.53999999999999,163.0,8375.291666666666,0.0,0.0,-2.4492935982947064e-16,1.0,0.0
RP_Talhao_Central,2021-12-11,25.125,32.0,17.5,0.0,6.78,0.3799166666666667,337.9166666666667,0.2305654798637997,2021-12,7.125,180.35000000000002,601.775,165.6,165.78,-0.18000000000000682,32.400000000000034,-44.010000000000005,174.20000000000002,8568.958333333334,0.0,0.0,-2.4492935982947064e-16,1.0,0.0
RP_Talhao_Central,2021-12-12,25.495833333333334,31.6,20.8,7.2,5.03,0.36466666666666664,273.75,0.2305654798637997,2021-12,7.495833333333334,183.81666666666666,598.0791666666668,172.4,166.35,6.050000000000011,33.79999999999998,-42.55,174.6,8617.5,0.0,0.0,-2.4492935982947064e-16,1.0,0.0
RP_Talhao_Central,2021-12-13,23.629166666666666,27.7,20.9,3.7,2.9,0.36141666666666666,155.25,0.2305654798637997,2021-12,5.629166666666666,185.89583333333337,593.0708333333333,176.1,163.07,13.030000000000001,27.47999999999996,-35.519999999999996,170.39999999999998,8433.208333333334,0.0,0.0,-2.4492935982947064e-16,1.0,0.0
RP_Talhao_Central,2021-12-14,23.462500000000002,28.9,20.5,13.5,3.51,0.3864166666666667,195.45833333333334,0.2305654798637997,2021-12,5.462500000000002,186.62083333333334,588.5458333333335,189.6,160.14999999999998,29.450000000000017,21.839999999999975,-31.200000000000017,166.29999999999998,8281.375,0.0,0.0,-2.4492935982947064e-16,1.0,0.0
RP_Talhao_Central,2021-12-15,22.270833333333332,23.6,21.6,25.1,1.58,0.4389166666666667,91.625,0.2305654798637997,2021-12,4.270833333333332,184.94583333333335,582.7041666666667,214.70000000000002,154.97,59.73000000000002,15.019999999999982,-24.939999999999998,162.2,8048.291666666667,0.0,0.0,-2.4492935982947064e-16,1.0,0.0
RP_Talhao_Central,2021-12-16,24.183333333333334,28.6,21.3,6.0,3.8800000000000003,0.4784583333333334,219.20833333333334,0.2305654798637997,2021-12,6.183333333333334,184.37083333333334,578.9875000000001,220.70000000000002,152.13,68.57000000000002,10.539999999999992,-21.110000000000014,160.2,7942.875,0.0,0.0,-2.4492935982947064e-16,1.0,0.0
RP_Talhao_Central,2021-12-17,23.441666666666666,28.0,20.6,20.9,3.17,0.4905833333333333,183.79166666666666,0.2305654798637997,2021-12,5.441666666666666,181.58333333333334,573.5666666666666,241.49999999999997,149.20999999999998,92.28999999999999,-8.22999999999999,-2.460000000000008,143.70000000000002,7831.583333333333,0.0,0.0,-2.4492935982947064e-16,1.0,0.0
RP_Talhao_Central,2021-12-18,23.59166666666667,27.4,20.3,6.800000000000001,4.41,0.4796666666666667,258.4166666666667,0.2305654798637997,2021-12,5.591666666666669,182.24583333333334,567.5041666666667,229.0,150.56,78.44,0.7099999999999795,10.960000000000008,152.1,7925.416666666667,0.0,0.0,-2.4492935982947064e-16,1.0,0.0
RP_Talhao_Central,2021-12-19,23.8,28.7,19.5,0.0,5.39,0.46525,285.5833333333333,0.2305654798637997,2021-12,5.800000000000001,184.35416666666669,560.3666666666667,183.1,154.12,28.97999999999999,24.53,37.34,173.6,8099.708333333333,0.0,0.0,-2.4492935982947064e-16,1.0,0.0
RP_Talhao_Central,2021-12-20,24.004166666666666,29.3,19.0,0.1,5.99,0.443,336.375,0.2305654798637997,2021-12,6.004166666666666,184.80416666666667,553.5,182.89999999999998,154.62,28.279999999999973,24.819999999999993,38.69,173.9,8148.0,0.0,0.0,-2.4492935982947064e-16,1.0,0.0
RP_Talhao_Central,2021-12-21,25.133333333333336,30.9,19.4,0.0,6.0,0.4234583333333333,329.2916666666667,0.2305654798637997,2021-12,7.133333333333336,186.3791666666667,555.4083333333334,182.89999999999998,154.66,28.23999999999998,24.609999999999985,39.80000000000001,173.9,8162.583333333334,0.0,0.0,-2.4492935982947064e-16,1.0,0.0
RP_Talhao_Central,2021-12-22,25.958333333333332,31.5,19.9,0.5,6.05,0.40770833333333334,322.0416666666667,0.2305654798637997,2021-12,7.958333333333332,187.48333333333335,556.825,183.39999999999998,154.07,29.329999999999984,24.78,39.56,173.9,8132.625,0.0,0.0,-2.4492935982947064e-16,1.0,0.0
RP_Talhao_Central,2021-12-23,24.295833333333334,30.3,19.7,9.8,5.39,0.42483333333333334,285.5833333333333,0.2305654798637997,2021-12,6.295833333333334,185.79583333333335,554.2500000000001,193.2,152.24,40.95999999999998,2.450000000000017,61.370000000000005,156.10000000000002,8063.541666666667,0.0,0.0,-2.4492935982947064e-16,1.0,0.0
RP_Talhao_Central,2021-12-24,22.141666666666666,28.5,15.6,0.0,6.760000000000001,0.45012500000000005,371.6666666666667,0.2305654798637997,2021-12,4.141666666666666,181.33750000000003,549.8916666666668,193.2,151.74,41.45999999999998,-0.23999999999995225,62.38999999999996,155.60000000000002,8100.291666666666,0.0,0.0,-2.4492935982947064e-16,1.0,0.0
RP_Talhao_Central,2021-12-25,23.0125,28.7,17.5,0.2,5.76,0.431625,321.7916666666667,0.2305654798637997,2021-12,5.012499999999999,177.29166666666669,548.0583333333333,193.29999999999998,151.01999999999998,42.28,-4.139999999999986,59.16,153.8,8117.625,0.0,0.0,-2.4492935982947064e-16,1.0,0.0
RP_Talhao_Central,2021-12-26,23.97083333333333,29.7,18.8,0.7,5.68,0.4141666666666666,319.4583333333333,0.2305654798637997,2021-12,5.970833333333331,178.53750000000002,547.2625,161.20000000000002,154.1,7.100000000000023,20.44999999999999,69.32,178.2,8296.958333333334,0.0,0.0,-2.4492935982947064e-16,1.0,0.0
RP_Talhao_Central,2021-12-27,25.650000000000002,31.3,19.6,0.0,6.03,0.3954166666666667,314.25,0.2305654798637997,2021-12,7.650000000000002,179.30416666666667,545.6958333333334,160.20000000000002,154.0,6.200000000000017,6.840000000000003,83.44999999999999,167.5,8293.75,0.0,0.0,-2.4492935982947064e-16,1.0,0.0
RP_Talhao_Central,2021-12-28,24.445833333333336,31.9,20.8,10.0,5.29,0.38529166666666664,275.5416666666667,0.2305654798637997,2021-12,6.445833333333336,177.96666666666667,542.1125000000001,170.20000000000002,152.19,18.01000000000002,4.8799999999999955,84.6,167.2,8215.541666666668,0.0,0.0,-2.4492935982947064e-16,1.0,0.0
RP_Talhao_Central,2021-12-29,23.604166666666668,29.7,20.1,6.5,4.8,0.40066666666666667,275.125,0.2305654798637997,2021-12,5.604166666666668,175.97916666666669,538.9625,174.5,151.91,22.590000000000003,2.6999999999999886,89.65,165.1,8241.125,0.0,0.0,-2.4492935982947064e-16,1.0,0.0
RP_Talhao_Central,2021-12-30,21.645833333333332,25.0,19.8,6.7,2.35,0.4229583333333333,138.33333333333334,0.2305654798637997,2021-12,3.645833333333332,174.7625,533.5416666666667,163.3,151.54999999999998,11.750000000000028,-21.140000000000015,130.16000000000003,142.79999999999998,8221.583333333334,0.0,0.0,-2.4492935982947064e-16,1.0,0.0
RP_Talhao_Central,2021-12-31,21.033333333333335,26.6,18.7,12.2,2.64,0.44616666666666666,160.91666666666666,0.2305654798637997,2021-12,3.033333333333335,171.28750000000002,529.5875,174.7,148.99,25.70999999999998,-24.150000000000006,130.91000000000003,141.29999999999998,8101.25,0.0,0.0,-2.4492935982947064e-16,1.0,0.0
RP_Talhao_Central,2022-01-01,21.6875,27.0,18.9,15.700000000000001,2.59,0.4609166666666667,154.08333333333334,0.2241811766191683,2022-01,3.6875,167.77083333333337,524.65,190.4,145.92000000000002,44.47999999999999,-24.889999999999986,128.17,141.1,7961.666666666666,0.0,0.0,0.49999999999999994,0.8660254037844387,0.0
RP_Talhao_Central,2022-01-02,22.675,27.9,19.9,7.0,3.81,0.453625,226.95833333333334,0.2241811766191683,2022-01,4.675000000000001,165.02916666666667,522.0416666666667,196.70000000000002,143.61,53.09,-24.670000000000016,124.70999999999998,141.7,7880.916666666667,0.0,0.0,0.49999999999999994,0.8660254037844387,0.0
RP_Talhao_Central,2022-01-03,22.900000000000002,27.2,19.4,6.8,3.65,0.47279166666666667,220.625,0.2241811766191683,2022-01,4.900000000000002,162.39166666666668,519.0291666666667,203.2,141.14,62.06,-23.689999999999998,121.69999999999999,142.0,7790.333333333334,0.0,0.0,0.49999999999999994,0.8660254037844387,0.0
RP_Talhao_Central,2022-01-04,22.954166666666666,27.5,20.2,14.200000000000001,3.38,0.47362499999999996,200.04166666666666,0.2241811766191683,2022-01,4.954166666666666,161.7166666666667,515.0500000000001,193.20000000000002,140.14000000000001,53.06,2.6899999999999977,120.38999999999999,166.2,7743.333333333333,0.0,0.0,0.49999999999999994,0.8660254037844387,0.0
RP_Talhao_Central,2022-01-05,22.75,26.5,20.5,22.2,2.74,0.4882916666666666,161.29166666666666,0.2241811766191683,2022-01,4.75,161.09583333333336,514.8458333333333,197.7,138.25,59.44999999999999,22.00000000000003,98.90999999999997,183.8,7643.75,0.0,0.0,0.49999999999999994,0.8660254037844387,0.0
RP_Talhao_Central,2022-01-06,22.433333333333334,28.0,20.2,24.3,3.12,0.49604166666666666,182.375,0.2241811766191683,2022-01,4.433333333333334,161.3125,513.0916666666667,220.1,136.74,83.35999999999999,26.440000000000026,96.31,185.70000000000002,7586.375,0.0,0.0,0.49999999999999994,0.8660254037844387,0.0
RP_Talhao_Central,2022-01-07,21.9375,25.0,20.4,16.9,2.3200000000000003,0.501625,131.04166666666666,0.2241811766191683,2022-01,3.9375,162.30416666666667,510.51250000000005,237.0,133.94,103.06,27.450000000000017,67.03999999999999,185.70000000000002,7438.208333333334,0.0,0.0,0.49999999999999994,0.8660254037844387,0.0
RP_Talhao_Central,2022-01-08,22.712500000000002,28.5,18.4,0.6000000000000001,4.9,0.47841666666666666,276.4166666666667,0.2241811766191683,2022-01,4.712500000000002,163.07916666666668,511.8083333333334,237.6,132.66,104.94,23.419999999999987,18.76000000000002,182.5,7366.125,0.0,0.0,0.49999999999999994,0.8660254037844387,0.0
RP_Talhao_Central,2022-01-09,21.745833333333334,25.6,18.3,4.4,4.04,0.4620416666666667,234.95833333333334,0.2241811766191683,2022-01,3.7458333333333336,161.69166666666666,512.2791666666667,242.0,129.94,112.06,15.31000000000003,18.379999999999995,176.8,7239.166666666667,0.0,0.0,0.49999999999999994,0.8660254037844387,0.0
RP_Talhao_Central,2022-01-10,21.645833333333332,24.9,18.4,0.4,2.18,0.46,119.08333333333333,0.2241811766191683,2022-01,3.645833333333332,158.2125,511.06666666666666,242.39999999999998,125.33999999999999,117.05999999999999,-0.18000000000000682,32.400000000000034,165.6,7020.333333333333,0.0,0.0,0.49999999999999994,0.8660254037844387,0.0
RP_Talhao_Central,2022-01-11,21.816666666666666,25.4,19.2,6.4,3.17,0.451625,195.95833333333334,0.2241811766191683,2022-01,3.8166666666666664,154.53333333333336,508.70833333333337,241.6,123.48,118.11999999999999,6.050000000000011,33.79999999999998,172.4,6942.541666666666,0.0,0.0,0.49999999999999994,0.8660254037844387,0.0
RP_Talhao_Central,2022-01-12,22.758333333333336,27.3,18.6,3.5,4.21,0.4539166666666667,249.375,0.2241811766191683,2022-01,4.758333333333336,153.66250000000002,507.3583333333334,241.4,124.79,116.61,13.030000000000001,27.47999999999996,176.1,7036.666666666666,0.0,0.0,0.49999999999999994,0.8660254037844387,0.0
RP_Talhao_Central,2022-01-13,23.833333333333332,29.4,19.5,3.3,4.9,0.4539166666666667,282.7083333333333,0.2241811766191683,2022-01,5.833333333333332,154.03333333333336,506.45000000000005,231.20000000000002,126.17999999999999,105.02000000000002,29.450000000000017,21.839999999999975,189.6,7123.916666666667,0.0,0.0,0.49999999999999994,0.8660254037844387,0.0
RP_Talhao_Central,2022-01-14,25.59166666666667,31.6,20.3,0.1,5.9,0.4349166666666667,321.4583333333333,0.2241811766191683,2022-01,7.591666666666669,157.35416666666669,508.05833333333334,206.2,130.5,75.69999999999999,59.73000000000002,15.019999999999982,214.70000000000002,7353.75,0.0,0.0,0.49999999999999994,0.8660254037844387,0.0
RP_Talhao_Central,2022-01-15,25.183333333333334,32.3,21.3,4.1,5.53,0.4170833333333333,296.2083333333333,0.2241811766191683,2022-01,7.183333333333334,158.35416666666669,509.38750000000005,204.29999999999998,132.15,72.14999999999998,68.57000000000002,10.539999999999992,220.70000000000002,7430.75,0.0,0.0,0.49999999999999994,0.8660254037844387,0.0
RP_Talhao_Central,2022-01-16,22.495833333333334,24.7,20.3,6.3,2.14,0.40975,112.45833333333333,0.2241811766191683,2022-01,4.495833333333334,157.40833333333336,509.0375,189.70000000000002,131.12,58.58000000000001,92.28999999999999,-8.22999999999999,241.49999999999997,7359.416666666667,0.0,0.0,0.49999999999999994,0.8660254037844387,0.0
RP_Talhao_Central,2022-01-17,23.4375,30.5,18.0,2.4,4.95,0.40370833333333334,281.4166666666667,0.2241811766191683,2022-01,5.4375,157.2541666666667,511.09583333333336,185.3,131.66,53.640000000000015,78.44,0.7099999999999795,229.0,7382.416666666666,0.0,0.0,0.49999999999999994,0.8660254037844387,0.0
RP_Talhao_Central,2022-01-18,23.433333333333334,29.3,19.0,7.3,4.93,0.39245833333333335,284.8333333333333,0.2241811766191683,2022-01,5.433333333333334,156.8875,514.2583333333334,192.6,131.20000000000002,61.39999999999998,28.97999999999999,24.53,183.1,7381.666666666667,0.0,0.0,0.49999999999999994,0.8660254037844387,0.0
RP_Talhao_Central,2022-01-19,23.391666666666666,30.6,19.3,3.2,5.05,0.37804166666666666,288.25,0.2241811766191683,2022-01,5.391666666666666,156.275,516.7416666666667,195.70000000000002,130.26,65.44000000000003,28.279999999999973,24.819999999999993,182.89999999999998,7333.541666666667,0.0,0.0,0.49999999999999994,0.8660254037844387,0.0
RP_Talhao_Central,2022-01-20,24.708333333333332,31.0,19.5,0.1,5.47,0.3725416666666667,311.75,0.2241811766191683,2022-01,6.708333333333332,155.85000000000002,519.4458333333334,195.8,129.73,66.07000000000002,28.23999999999998,24.609999999999985,182.89999999999998,7316.0,0.0,0.0,0.49999999999999994,0.8660254037844387,0.0
RP_Talhao_Central,2022-01-21,25.7,31.7,19.7,0.4,5.88,0.36554166666666665,327.0833333333333,0.2241811766191683,2022-01,7.699999999999999,155.59166666666667,519.9750000000001,195.70000000000002,129.56,66.14000000000001,29.329999999999984,24.78,183.39999999999998,7321.041666666667,0.0,0.0,0.49999999999999994,0.8660254037844387,0.0
RP_Talhao_Central,2022-01-22,26.662499999999998,32.7,21.2,0.2,5.78,0.35325,316.1666666666667,0.2241811766191683,2022-01,8.662499999999998,157.95833333333334,524.7666666666667,186.1,129.95,56.150000000000006,40.95999999999998,2.450000000000017,193.2,7351.625,0.0,0.0,0.49999999999999994,0.8660254037844387,0.0
RP_Talhao_Central,2022-01-23,27.0625,32.9,22.1,0.0,5.44,0.34070833333333334,288.5416666666667,0.2241811766191683,2022-01,9.0625,162.87916666666666,528.1791666666667,186.1,128.63,57.47,41.45999999999998,-0.23999999999995225,193.2,7268.5,0.0,0.0,0.49999999999999994,0.8660254037844387,0.0
RP_Talhao_Central,2022-01-24,26.704166666666666,32.2,22.0,1.5,5.84,0.33358333333333334,310.9583333333333,0.2241811766191683,2022-01,8.704166666666666,166.57083333333335,531.1958333333333,187.4,128.71,58.69,42.28,-4.139999999999986,193.29999999999998,7257.666666666667,0.0,0.0,0.49999999999999994,0.8660254037844387,0.0
RP_Talhao_Central,2022-01-25,25.833333333333332,31.7,20.8,6.3,5.58,0.3287083333333333,302.25,0.2241811766191683,2022-01,7.833333333333332,168.43333333333334,533.9041666666667,193.0,128.60999999999999,64.39000000000001,7.100000000000023,20.44999999999999,161.20000000000002,7240.458333333334,0.0,0.0,0.49999999999999994,0.8660254037844387,0.0
RP_Talhao_Central,2022-01-26,25.0125,30.1,20.3,6.2,4.8500000000000005,0.32416666666666666,266.0,0.2241811766191683,2022-01,7.012499999999999,167.79583333333335,535.3916666666668,199.2,127.43,71.76999999999998,6.200000000000017,6.840000000000003,160.20000000000002,7192.208333333334,0.0,0.0,0.49999999999999994,0.8660254037844387,0.0
RP_Talhao_Central,2022-01-27,25.695833333333336,31.1,20.7,0.8999999999999999,5.18,0.3175,266.5416666666667,0.2241811766191683,2022-01,7.695833333333336,169.04583333333335,536.5541666666667,190.1,127.32000000000001,62.77999999999999,18.01000000000002,4.8799999999999955,170.20000000000002,7183.208333333333,0.0,0.0,0.49999999999999994,0.8660254037844387,0.0
RP_Talhao_Central,2022-01-28,24.929166666666664,30.2,20.7,3.2,4.66,0.3152916666666667,242.29166666666666,0.2241811766191683,2022-01,6.929166666666664,170.37083333333334,538.0208333333334,186.79999999999998,127.18,59.619999999999976,22.590000000000003,2.6999999999999886,174.5,7150.375,0.0,0.0,0.49999999999999994,0.8660254037844387,0.0
RP_Talhao_Central,2022-01-29,22.170833333333334,27.4,20.0,17.1,2.5300000000000002,0.3129166666666667,149.875,0.2241811766191683,2022-01,4.170833333333334,170.89583333333334,540.1541666666667,197.2,127.36,69.83999999999999,11.750000000000028,-21.140000000000015,163.3,7161.916666666667,0.0,0.0,0.49999999999999994,0.8660254037844387,0.0
RP_Talhao_Central,2022-01-30,22.491666666666664,26.8,20.4,9.7,2.7399999999999998,0.324375,158.08333333333334,0.2241811766191683,2022-01,4.491666666666664,172.35416666666669,540.6999999999999,194.70000000000002,127.46,67.24000000000002,25.70999999999998,-24.150000000000006,174.7,7159.083333333333,0.0,0.0,0.49999999999999994,0.8660254037844387,0.0
RP_Talhao_Central,2022-01-31,21.995833333333334,25.9,20.2,21.7,2.41,0.435125,143.79166666666666,0.2241811766191683,2022-01,3.9958333333333336,172.66250000000002,540.0541666666667,200.7,127.28,73.41999999999999,44.47999999999999,-24.889999999999986,190.4,7148.791666666667,0.0,0.0,0.49999999999999994,0.8660254037844387,0.0
RP_Talhao_Central,2022-02-01,21.833333333333332,24.9,20.4,22.5,2.09,0.5015,126.16666666666667,0.236147197457152,2022-02,3.833333333333332,171.82083333333333,537.7541666666667,216.2,125.56,90.63999999999999,53.09,-24.670000000000016,196.70000000000002,7048.0,0.0,0.0,0.8660254037844386,0.5000000000000001,0.0
RP_Talhao_Central,2022-02-02,22.379166666666666,25.5,19.9,5.1000000000000005,2.31,0.5025000000000001,135.29166666666666,0.236147197457152,2022-02,4.379166666666666,171.29999999999998,534.65,214.5,124.22,90.28,62.06,-23.689999999999998,203.2,6962.666666666666,0.0,0.0,0.8660254037844386,0.5000000000000001,0.0
RP_Talhao_Central,2022-02-03,23.625,26.8,20.5,3.6,3.6,0.4842916666666666,205.16666666666666,0.236147197457152,2022-02,5.625,171.9708333333333,531.5166666666667,203.9,124.44,79.46000000000001,53.06,2.6899999999999977,193.20000000000002,6967.791666666667,0.0,0.0,0.8660254037844386,0.5000000000000001,0.0
RP_Talhao_Central,2022-02-04,24.087500000000002,28.2,20.8,4.4,3.93,0.472375,227.5,0.236147197457152,2022-02,6.087500000000002,173.3083333333333,528.0749999999999,186.10000000000002,125.63000000000001,60.47000000000001,59.44999999999999,22.00000000000003,197.7,7034.0,0.0,0.0,0.8660254037844386,0.5000000000000001,0.0
RP_Talhao_Central,2022-02-05,24.337500000000002,29.7,20.5,11.6,4.07,0.4532083333333334,234.66666666666666,0.236147197457152,2022-02,6.337500000000002,175.2125,524.3750000000001,173.4,126.58,46.82000000000001,83.35999999999999,26.440000000000026,220.1,7086.291666666667,0.0,0.0,0.8660254037844386,0.5000000000000001,0.0
RP_Talhao_Central,2022-02-06,23.958333333333332,28.7,21.4,2.4,3.98,0.45779166666666665,231.66666666666666,0.236147197457152,2022-02,5.958333333333332,177.23333333333335,521.7125,158.89999999999998,128.24,30.659999999999968,103.06,27.450000000000017,237.0,7186.916666666666,0.0,0.0,0.8660254037844386,0.5000000000000001,0.0
RP_Talhao_Central,2022-02-07,21.933333333333334,26.5,20.1,26.8,2.7,0.4854583333333333,165.20833333333334,0.236147197457152,2022-02,3.9333333333333336,176.45416666666668,517.6958333333334,185.1,126.04,59.05999999999999,104.94,23.419999999999987,237.6,7075.708333333334,0.0,0.0,0.8660254037844386,0.5000000000000001,0.0
RP_Talhao_Central,2022-02-08,22.804166666666664,27.4,19.7,2.8,3.85,0.49016666666666664,229.625,0.236147197457152,2022-02,4.804166666666664,177.5125,516.1375,183.5,125.85,57.650000000000006,112.06,15.31000000000003,242.0,7070.375,0.0,0.0,0.8660254037844386,0.5000000000000001,0.0
RP_Talhao_Central,2022-02-09,23.333333333333332,28.0,18.6,0.4,5.01,0.467875,289.375,0.236147197457152,2022-02,5.333333333333332,179.2,517.7625,183.50000000000003,128.68,54.82000000000002,117.05999999999999,-0.18000000000000682,242.39999999999998,7240.666666666667,0.0,0.0,0.8660254037844386,0.5000000000000001,0.0
RP_Talhao_Central,2022-02-10,23.233333333333334,28.4,18.6,4.199999999999999,4.87,0.4512083333333334,289.2083333333333,0.236147197457152,2022-02,5.233333333333334,180.61666666666665,518.9666666666667,181.3,130.38,50.920000000000016,118.11999999999999,6.050000000000011,241.6,7333.916666666667,0.0,0.0,0.8660254037844386,0.5000000000000001,0.0
RP_Talhao_Central,2022-02-11,22.558333333333334,26.5,20.2,5.0,2.86,0.43616666666666665,163.54166666666666,0.236147197457152,2022-02,4.558333333333334,180.41666666666666,519.975,182.8,129.03,53.77000000000001,116.61,13.030000000000001,241.4,7248.083333333334,0.0,0.0,0.8660254037844386,0.5000000000000001,0.0
RP_Talhao_Central,2022-02-12,23.520833333333332,29.0,19.1,1.4,4.83,0.4359583333333333,282.9166666666667,0.236147197457152,2022-02,5.520833333333332,180.10416666666666,520.7583333333333,180.9,128.96,51.94,105.02000000000002,29.450000000000017,231.20000000000002,7248.291666666666,0.0,0.0,0.8660254037844386,0.5000000000000001,0.0
RP_Talhao_Central,2022-02-13,24.191666666666666,29.2,19.7,0.5,5.21,0.4286666666666667,302.0416666666667,0.236147197457152,2022-02,6.191666666666666,178.70416666666665,521.0041666666667,181.3,128.27,53.03,75.69999999999999,59.73000000000002,206.2,7228.875,0.0,0.0,0.8660254037844386,0.5000000000000001,0.0
RP_Talhao_Central,2022-02-14,24.925,29.7,19.7,0.1,5.32,0.4174166666666666,307.0,0.236147197457152,2022-02,6.925000000000001,178.44583333333333,521.1708333333333,177.3,128.06,49.24000000000001,72.14999999999998,68.57000000000002,204.29999999999998,7239.666666666667,0.0,0.0,0.8660254037844386,0.5000000000000001,0.0
RP_Talhao_Central,2022-02-15,24.991666666666664,31.3,20.2,1.9,5.07,0.40195833333333336,282.1666666666667,0.236147197457152,2022-02,6.991666666666664,180.94166666666663,519.9333333333333,172.9,130.99,41.91,58.58000000000001,92.28999999999999,189.70000000000002,7409.375,0.0,0.0,0.8660254037844386,0.5000000000000001,0.0
RP_Talhao_Central,2022-02-16,23.829166666666666,30.8,19.9,1.4,5.12,0.3897916666666667,294.25,0.236147197457152,2022-02,5.829166666666666,181.33333333333331,520.8333333333334,171.89999999999998,131.16,40.73999999999998,53.640000000000015,78.44,185.3,7422.208333333334,0.0,0.0,0.8660254037844386,0.5000000000000001,0.0
RP_Talhao_Central,2022-02-17,23.445833333333336,29.2,19.3,0.4,4.3,0.37483333333333335,239.5,0.236147197457152,2022-02,5.445833333333336,181.3458333333333,522.5875,165.0,130.53,34.47,61.39999999999998,28.97999999999999,192.6,7376.875,0.0,0.0,0.8660254037844386,0.5000000000000001,0.0
RP_Talhao_Central,2022-02-18,22.808333333333334,27.6,18.2,0.2,3.61,0.36437499999999995,197.16666666666666,0.236147197457152,2022-02,4.808333333333334,180.7625,521.8416666666667,162.0,129.09,32.91,65.44000000000003,28.279999999999973,195.70000000000002,7285.791666666666,0.0,0.0,0.8660254037844386,0.5000000000000001,0.0
RP_Talhao_Central,2022-02-19,23.241666666666664,29.2,17.6,0.30000000000000004,4.8,0.35920833333333335,270.5416666666667,0.236147197457152,2022-02,5.241666666666664,179.29583333333332,521.5250000000001,162.2,128.42000000000002,33.77999999999997,66.07000000000002,28.23999999999998,195.8,7244.583333333333,0.0,0.0,0.8660254037844386,0.5000000000000001,0.0
RP_Talhao_Central,2022-02-20,23.1875,29.0,17.6,0.4,4.94,0.350875,287.2916666666667,0.236147197457152,2022-02,5.1875,176.78333333333333,519.8583333333333,162.2,127.48,34.719999999999985,66.14000000000001,29.329999999999984,195.70000000000002,7204.791666666667,0.0,0.0,0.8660254037844386,0.5000000000000001,0.0
RP_Talhao_Central,2022-02-21,24.545833333333334,30.7,19.1,0.3,4.9,0.341875,269.7916666666667,0.236147197457152,2022-02,6.545833333333334,174.66666666666666,518.4208333333333,162.3,126.6,35.70000000000002,56.150000000000006,40.95999999999998,186.1,7158.416666666666,0.0,0.0,0.8660254037844386,0.5000000000000001,0.0
RP_Talhao_Central,2022-02-22,25.400000000000002,31.1,19.5,0.30000000000000004,5.03,0.33266666666666667,275.2916666666667,0.236147197457152,2022-02,7.400000000000002,173.00416666666666,517.2208333333333,162.6,126.19,36.41,57.47,41.45999999999998,186.1,7145.166666666667,0.0,0.0,0.8660254037844386,0.5000000000000001,0.0
RP_Talhao_Central,2022-02-23,26.395833333333332,32.6,20.4,0.4,5.58,0.32308333333333333,304.7916666666667,0.236147197457152,2022-02,8.395833333333332,172.69583333333333,516.5583333333333,161.5,125.92999999999999,35.57000000000001,58.69,42.28,187.4,7139.0,0.0,0.0,0.8660254037844386,0.5000000000000001,0.0
RP_Talhao_Central,2022-02-24,26.425,32.6,21.4,1.7,5.7,0.31379166666666664,301.625,0.236147197457152,2022-02,8.425,173.2875,520.2583333333333,156.89999999999998,126.05,30.84999999999998,64.39000000000001,7.100000000000023,193.0,7138.375,0.0,0.0,0.8660254037844386,0.5000000000000001,0.0
RP_Talhao_Central,2022-02-25,27.1125,33.7,21.8,1.6,5.55,0.30154166666666665,269.7916666666667,0.236147197457152,2022-02,9.1125,175.3875,522.4875000000001,152.3,126.75,25.55000000000001,71.76999999999998,6.200000000000017,199.2,7142.166666666666,0.0,0.0,0.8660254037844386,0.5000000000000001,0.0
RP_Talhao_Central,2022-02-26,26.962500000000002,33.0,21.2,0.4,5.41,0.2973333333333333,282.6666666666667,0.236147197457152,2022-02,8.962500000000002,176.65416666666667,523.6666666666667,151.8,126.97999999999999,24.82000000000002,62.77999999999999,18.01000000000002,190.1,7158.291666666667,0.0,0.0,0.8660254037844386,0.5000000000000001,0.0
RP_Talhao_Central,2022-02-27,27.295833333333334,33.0,21.9,0.1,5.84,0.29291666666666666,290.5416666666667,0.236147197457152,2022-02,9.295833333333334,179.02083333333331,525.3708333333334,148.70000000000002,128.16,20.54000000000002,59.619999999999976,22.590000000000003,186.79999999999998,7206.541666666667,0.0,0.0,0.8660254037844386,0.5000000000000001,0.0
RP_Talhao_Central,2022-02-28,27.65833333333333,33.6,22.4,0.0,5.97,0.291875,292.2083333333333,0.236147197457152,2022-02,9.658333333333331,184.50833333333333,530.1666666666666,131.60000000000002,131.6,2.842170943040401e-14,69.83999999999999,11.750000000000028,197.2,7348.875,0.0,0.0,0.8660254037844386,0.5000000000000001,0.0
RP_Talhao_Central,2022-03-01,27.34583333333333,33.9,22.4,0.1,5.53,0.29212499999999997,263.1666666666667,0.2364994106443066,2022-03,9.345833333333331,189.36249999999998,533.0041666666666,122.0,134.39,-12.389999999999986,67.24000000000002,25.70999999999998,194.70000000000002,7453.958333333334,0.0,0.0,1.0,6.123233995736766e-17,0.0
RP_Talhao_Central,2022-03-02,27.412499999999998,33.8,20.7,0.0,6.510000000000001,0.28841666666666665,301.7083333333333,0.2364994106443066,2022-03,9.412499999999998,194.77916666666664,535.2125,100.30000000000001,138.48999999999998,-38.18999999999997,73.41999999999999,44.47999999999999,200.7,7611.875,0.0,0.0,1.0,6.123233995736766e-17,0.0
RP_Talhao_Central,2022-03-03,26.8875,32.3,21.0,0.8,5.71,0.28824999999999995,277.8333333333333,0.2364994106443066,2022-03,8.8875,199.83333333333334,536.6833333333334,78.60000000000001,142.10999999999999,-63.50999999999998,90.63999999999999,53.09,216.2,7763.541666666666,0.0,0.0,1.0,6.123233995736766e-17,0.0
RP_Talhao_Central,2022-03-04,26.620833333333334,32.6,20.1,0.0,5.45,0.28741666666666665,293.0416666666667,0.2364994106443066,2022-03,8.620833333333334,204.07500000000002,537.7666666666667,73.5,145.25000000000003,-71.75000000000003,90.28,62.06,214.5,7921.291666666667,0.0,0.0,1.0,6.123233995736766e-17,0.0
RP_Talhao_Central,2022-03-05,26.391666666666666,32.5,21.0,0.1,5.38,0.28783333333333333,268.125,0.2364994106443066,2022-03,8.391666666666666,206.84166666666667,540.5291666666667,70.0,147.03,-77.03,79.46000000000001,53.06,203.9,7984.25,0.0,0.0,1.0,6.123233995736766e-17,0.0
RP_Talhao_Central,2022-03-06,26.9875,33.3,20.8,0.0,5.82,0.2867916666666666,290.4166666666667,0.2364994106443066,2022-03,8.9875,209.74166666666667,544.1458333333334,65.6,148.92000000000002,-83.32000000000002,60.47000000000001,59.44999999999999,186.10000000000002,8047.166666666667,0.0,0.0,1.0,6.123233995736766e-17,0.0
RP_Talhao_Central,2022-03-07,27.666666666666668,33.6,21.7,0.2,5.87,0.2857083333333333,281.125,0.2364994106443066,2022-03,9.666666666666668,213.07083333333333,549.5958333333333,54.199999999999996,150.72,-96.52000000000001,46.82000000000001,83.35999999999999,173.4,8093.625,0.0,0.0,1.0,6.123233995736766e-17,0.0
RP_Talhao_Central,2022-03-08,27.758333333333336,33.2,22.3,0.5,5.47,0.28804166666666664,262.6666666666667,0.2364994106443066,2022-03,9.758333333333336,216.87083333333334,556.4083333333333,52.3,152.21,-99.91000000000001,30.659999999999968,103.06,158.89999999999998,8124.625,0.0,0.0,1.0,6.123233995736766e-17,0.0
RP_Talhao_Central,2022-03-09,27.275000000000002,33.5,22.7,0.7,5.2,0.2855,250.04166666666666,0.2364994106443066,2022-03,9.275000000000002,222.21249999999998,561.7458333333333,26.2,154.71,-128.51000000000002,59.05999999999999,104.94,185.1,8209.458333333334,0.0,0.0,1.0,6.123233995736766e-17,0.0
RP_Talhao_Central,2022-03-10,27.320833333333336,33.3,21.5,0.1,5.84,0.2871666666666666,277.3333333333333,0.2364994106443066,2022-03,9.320833333333336,226.72916666666669,565.9333333333333,23.5,156.7,-133.2,57.650000000000006,112.06,183.5,8257.166666666666,0.0,0.0,1.0,6.123233995736766e-17,0.0
RP_Talhao_Central,2022-03-11,26.666666666666668,32.5,21.1,0.1,5.06,0.289875,238.79166666666666,0.2364994106443066,2022-03,8.666666666666668,230.0625,567.475,23.2,156.75,-133.55,54.82000000000002,117.05999999999999,183.50000000000003,8206.583333333334,0.0,0.0,1.0,6.123233995736766e-17,0.0
RP_Talhao_Central,2022-03-12,24.712500000000002,31.0,20.5,17.2,4.2,0.29066666666666663,222.0,0.2364994106443066,2022-03,6.712500000000002,231.54166666666669,566.6916666666667,36.2,156.07999999999998,-119.87999999999998,50.920000000000016,118.11999999999999,181.3,8139.375,0.0,0.0,1.0,6.123233995736766e-17,0.0
RP_Talhao_Central,2022-03-13,23.34166666666667,28.2,20.7,21.2,3.48,0.3125,197.41666666666666,0.2364994106443066,2022-03,5.341666666666669,232.32500000000002,566.4041666666667,52.4,156.70000000000002,-104.30000000000001,53.77000000000001,116.61,182.8,8173.25,0.0,0.0,1.0,6.123233995736766e-17,0.0
RP_Talhao_Central,2022-03-14,22.979166666666668,27.3,20.1,6.6000000000000005,2.96,0.42483333333333334,172.16666666666666,0.2364994106443066,2022-03,4.979166666666668,231.78333333333333,565.9208333333333,57.6,154.83,-97.23000000000002,51.94,105.02000000000002,180.9,8062.5,0.0,0.0,1.0,6.123233995736766e-17,0.0
RP_Talhao_Central,2022-03-15,23.479166666666668,27.9,20.2,8.8,3.39,0.447125,195.79166666666666,0.2364994106443066,2022-03,5.479166666666668,231.07083333333335,567.1291666666666,65.9,153.01,-87.10999999999999,53.03,75.69999999999999,181.3,7956.25,0.0,0.0,1.0,6.123233995736766e-17,0.0
RP_Talhao_Central,2022-03-16,24.495833333333334,30.6,20.7,2.7,4.46,0.4495416666666667,256.25,0.2364994106443066,2022-03,6.495833333333334,230.64166666666668,567.4416666666667,68.5,152.15,-83.65,49.24000000000001,72.14999999999998,177.3,7905.5,0.0,0.0,1.0,6.123233995736766e-17,0.0
RP_Talhao_Central,2022-03-17,24.6125,30.2,20.5,1.5999999999999999,4.5200000000000005,0.4455833333333334,256.7916666666667,0.2364994106443066,2022-03,6.612500000000001,230.26250000000002,568.6125,68.2,151.6,-83.39999999999999,41.91,58.58000000000001,172.9,7880.125,0.0,0.0,1.0,6.123233995736766e-17,0.0
RP_Talhao_Central,2022-03-18,25.6875,30.5,21.2,0.2,4.8100000000000005,0.42991666666666667,268.75,0.2364994106443066,2022-03,7.6875,232.12083333333334,570.7083333333333,67.0,151.29,-84.28999999999999,40.73999999999998,53.640000000000015,171.89999999999998,7854.625,0.0,0.0,1.0,6.123233995736766e-17,0.0
RP_Talhao_Central,2022-03-19,24.633333333333336,30.8,20.3,7.7,4.35,0.41441666666666666,247.45833333333334,0.2364994106443066,2022-03,6.633333333333336,233.30833333333337,571.5416666666666,74.30000000000001,151.34,-77.03999999999999,34.47,61.39999999999998,165.0,7862.583333333333,0.0,0.0,1.0,6.123233995736766e-17,0.0
RP_Talhao_Central,2022-03-20,24.05,29.9,20.6,0.6,4.68,0.4141666666666666,250.83333333333334,0.2364994106443066,2022-03,6.050000000000001,234.55,571.5875000000001,74.7,152.41,-77.71,32.91,65.44000000000003,162.0,7916.25,0.0,0.0,1.0,6.123233995736766e-17,0.0
RP_Talhao_Central,2022-03-21,22.829166666666666,27.9,18.7,0.0,4.45,0.40654166666666663,214.41666666666666,0.2364994106443066,2022-03,4.829166666666666,234.13750000000002,569.2833333333333,74.4,152.06,-77.66,33.77999999999997,66.07000000000002,162.2,7860.125,0.0,0.0,1.0,6.123233995736766e-17,0.0
RP_Talhao_Central,2022-03-22,23.241666666666664,29.0,18.5,0.0,5.53,0.3957916666666667,285.75,0.2364994106443066,2022-03,5.241666666666664,234.19166666666666,566.5666666666667,74.0,152.65,-78.65,34.719999999999985,66.14000000000001,162.2,7858.583333333333,0.0,0.0,1.0,6.123233995736766e-17,0.0
RP_Talhao_Central,2022-03-23,23.983333333333334,29.3,19.2,0.0,5.36,0.38433333333333336,269.9166666666667,0.2364994106443066,2022-03,5.983333333333334,233.6291666666667,566.2541666666667,73.7,153.10999999999999,-79.40999999999998,35.70000000000002,56.150000000000006,162.3,7858.708333333334,0.0,0.0,1.0,6.123233995736766e-17,0.0
RP_Talhao_Central,2022-03-24,25.141666666666666,30.8,19.9,0.0,5.22,0.37279166666666663,270.0,0.2364994106443066,2022-03,7.141666666666666,233.37083333333334,569.2541666666667,73.4,153.29999999999998,-79.89999999999998,36.41,57.47,162.6,7853.416666666667,0.0,0.0,1.0,6.123233995736766e-17,0.0
RP_Talhao_Central,2022-03-25,25.445833333333336,31.1,19.5,0.0,4.96,0.36237499999999995,256.4166666666667,0.2364994106443066,2022-03,7.445833333333336,232.42083333333335,571.6875,73.0,152.68,-79.68,35.57000000000001,58.69,161.5,7805.041666666666,0.0,0.0,1.0,6.123233995736766e-17,0.0
RP_Talhao_Central,2022-03-26,24.891666666666666,31.1,20.7,1.8,4.36,0.3542083333333333,235.0,0.2364994106443066,2022-03,6.891666666666666,230.88750000000002,572.6083333333333,73.1,151.33999999999997,-78.23999999999998,30.84999999999998,64.39000000000001,156.89999999999998,7738.416666666666,0.0,0.0,1.0,6.123233995736766e-17,0.0
RP_Talhao_Central,2022-03-27,23.979166666666668,28.5,20.8,1.6,2.8000000000000003,0.34745833333333326,155.5,0.2364994106443066,2022-03,5.979166666666668,227.7541666666667,570.9375,73.10000000000001,148.59,-75.49,25.55000000000001,71.76999999999998,152.3,7624.125,0.0,0.0,1.0,6.123233995736766e-17,0.0
RP_Talhao_Central,2022-03-28,23.245833333333334,29.6,19.7,18.8,3.92,0.3540833333333333,222.41666666666666,0.2364994106443066,2022-03,5.245833333333334,224.03750000000002,569.7375000000001,91.5,147.10000000000002,-55.60000000000002,24.82000000000002,62.77999999999999,151.8,7563.875,0.0,0.0,1.0,6.123233995736766e-17,0.0
RP_Talhao_Central,2022-03-29,24.275000000000002,30.4,19.1,0.0,4.64,0.38325000000000004,266.4166666666667,0.2364994106443066,2022-03,6.275000000000002,221.01666666666668,570.4083333333333,91.4,145.9,-54.5,20.54000000000002,59.619999999999976,148.70000000000002,7539.75,0.0,0.0,1.0,6.123233995736766e-17,0.0
RP_Talhao_Central,2022-03-30,24.745833333333334,30.2,20.1,0.7,4.43,0.37520833333333337,242.08333333333334,0.2364994106443066,2022-03,6.745833333333334,218.10416666666669,573.5083333333334,92.10000000000001,144.36,-52.260000000000005,2.842170943040401e-14,69.83999999999999,131.60000000000002,7489.625,0.0,0.0,1.0,6.123233995736766e-17,0.0
RP_Talhao_Central,2022-03-31,24.325,31.7,19.9,2.9,4.49,0.36599999999999994,238.33333333333334,0.2364994106443066,2022-03,6.324999999999999,215.08333333333337,576.8,94.89999999999999,143.32,-48.42,-12.389999999999986,67.24000000000002,122.0,7464.791666666667,0.0,0.0,1.0,6.123233995736766e-17,0.0
RP_Talhao_Central,2022-04-01,21.6125,26.0,18.2,1.4,2.77,0.36274999999999996,154.29166666666666,0.2425045589863314,2022-04,3.6125000000000007,209.28333333333336,576.725,96.3,139.58,-43.280000000000015,-38.18999999999997,73.41999999999999,100.30000000000001,7317.375,0.0,0.0,0.8660254037844388,-0.4999999999999998,0.0
RP_Talhao_Central,2022-04-02,23.6375,29.6,18.6,0.0,4.87,0.3607916666666666,258.4166666666667,0.2425045589863314,2022-04,5.637499999999999,206.03333333333336,577.6875,95.5,138.74,-43.24000000000001,-63.50999999999998,90.63999999999999,78.60000000000001,7297.958333333334,0.0,0.0,0.8660254037844388,-0.4999999999999998,0.0
RP_Talhao_Central,2022-04-03,24.320833333333336,30.8,19.2,1.3,4.8,0.35204166666666664,255.95833333333334,0.2425045589863314,2022-04,6.320833333333336,203.73333333333335,579.1083333333333,96.8,138.09,-41.290000000000006,-71.75000000000003,90.28,73.5,7260.875,0.0,0.0,0.8660254037844388,-0.4999999999999998,0.0
RP_Talhao_Central,2022-04-04,25.691666666666666,31.6,20.6,0.0,4.9,0.3431666666666667,253.91666666666666,0.2425045589863314,2022-04,7.691666666666666,203.03333333333336,581.8458333333334,96.7,137.60999999999999,-40.90999999999998,-77.03,79.46000000000001,70.0,7246.666666666667,0.0,0.0,0.8660254037844388,-0.4999999999999998,0.0
RP_Talhao_Central,2022-04-05,25.712500000000002,31.8,20.7,2.0,4.42,0.3359166666666667,228.08333333333334,0.2425045589863314,2022-04,7.712500000000002,201.75833333333335,584.8083333333334,98.7,136.21,-37.510000000000005,-83.32000000000002,60.47000000000001,65.6,7184.333333333333,0.0,0.0,0.8660254037844388,-0.4999999999999998,0.0
RP_Talhao_Central,2022-04-06,25.729166666666668,31.7,20.5,0.1,4.63,0.329125,244.875,0.2425045589863314,2022-04,7.729166666666668,199.82083333333335,588.1041666666666,98.6,134.97,-36.370000000000005,-96.52000000000001,46.82000000000001,54.199999999999996,7148.083333333333,0.0,0.0,0.8660254037844388,-0.4999999999999998,0.0
RP_Talhao_Central,2022-04-07,26.05,32.2,20.7,0.0,4.79,0.3224166666666667,246.29166666666666,0.2425045589863314,2022-04,8.05,198.1125,592.2166666666667,98.1,134.29,-36.19,-99.91000000000001,30.659999999999968,52.3,7131.708333333333,0.0,0.0,0.8660254037844388,-0.4999999999999998,0.0
RP_Talhao_Central,2022-04-08,25.825,32.6,20.9,2.2,4.08,0.31633333333333336,192.625,0.2425045589863314,2022-04,7.824999999999999,196.66250000000002,595.3291666666667,99.6,133.17000000000002,-33.57000000000002,-128.51000000000002,59.05999999999999,26.2,7074.291666666667,0.0,0.0,0.8660254037844388,-0.4999999999999998,0.0
RP_Talhao_Central,2022-04-09,24.958333333333332,32.0,20.1,12.0,4.12,0.31075,218.66666666666666,0.2425045589863314,2022-04,6.958333333333332,194.3,598.5416666666666,111.5,131.45000000000002,-19.950000000000017,-133.2,57.650000000000006,23.5,7015.625000000001,0.0,0.0,0.8660254037844388,-0.4999999999999998,0.0
RP_Talhao_Central,2022-04-10,25.583333333333332,32.1,20.0,0.0,4.67,0.30745833333333333,239.08333333333334,0.2425045589863314,2022-04,7.583333333333332,193.2166666666667,602.4791666666667,111.39999999999999,131.06,-19.66000000000001,-133.55,54.82000000000002,23.2,7015.916666666667,0.0,0.0,0.8660254037844388,-0.4999999999999998,0.0
RP_Talhao_Central,2022-04-11,25.84583333333333,32.7,19.4,0.0,5.03,0.30554166666666666,241.66666666666666,0.2425045589863314,2022-04,7.845833333333331,194.35000000000002,606.5083333333333,94.2,131.89000000000001,-37.69000000000001,-119.87999999999998,50.920000000000016,36.2,7035.583333333334,0.0,0.0,0.8660254037844388,-0.4999999999999998,0.0
RP_Talhao_Central,2022-04-12,24.25,30.5,21.0,18.5,3.2,0.30420833333333336,166.91666666666666,0.2425045589863314,2022-04,6.25,195.25833333333335,608.0,91.5,131.61,-40.110000000000014,-104.30000000000001,53.77000000000001,52.4,7005.083333333333,0.0,0.0,0.8660254037844388,-0.4999999999999998,0.0
RP_Talhao_Central,2022-04-13,23.683333333333334,30.4,19.8,1.0,3.68,0.295875,206.04166666666666,0.2425045589863314,2022-04,5.683333333333334,195.96250000000003,607.85,85.9,132.33,-46.43000000000001,-97.23000000000002,51.94,57.6,7038.958333333334,0.0,0.0,0.8660254037844388,-0.4999999999999998,0.0
RP_Talhao_Central,2022-04-14,23.958333333333332,29.4,20.4,0.6000000000000001,3.97,0.295375,200.58333333333334,0.2425045589863314,2022-04,5.958333333333332,196.44166666666666,606.2166666666667,77.69999999999999,132.91,-55.21000000000001,-87.10999999999999,53.03,65.9,7043.75,0.0,0.0,0.8660254037844388,-0.4999999999999998,0.0
RP_Talhao_Central,2022-04-15,21.40833333333333,28.1,17.1,0.0,4.69,0.29354166666666665,227.83333333333334,0.2425045589863314,2022-04,3.4083333333333314,193.35416666666666,602.4416666666666,74.99999999999999,133.14000000000001,-58.14000000000003,-83.65,49.24000000000001,68.5,7015.333333333334,0.0,0.0,0.8660254037844388,-0.4999999999999998,0.0
RP_Talhao_Central,2022-04-16,19.154166666666665,26.7,11.9,0.0,5.03,0.29291666666666666,265.5833333333333,0.2425045589863314,2022-04,1.154166666666665,187.89583333333334,599.1,73.39999999999999,133.65,-60.250000000000014,-83.39999999999999,41.91,68.2,7024.125,0.0,0.0,0.8660254037844388,-0.4999999999999998,0.0
RP_Talhao_Central,2022-04-17,20.633333333333333,28.3,13.6,0.0,4.93,0.2927916666666666,257.0,0.2425045589863314,2022-04,2.633333333333333,182.84166666666667,596.2958333333333,73.19999999999999,133.77,-60.57000000000002,-84.28999999999999,40.73999999999998,67.0,7012.375,0.0,0.0,0.8660254037844388,-0.4999999999999998,0.0
RP_Talhao_Central,2022-04-18,21.929166666666664,29.4,15.4,0.1,4.7,0.29233333333333333,235.25,0.2425045589863314,2022-04,3.9291666666666636,180.1375,594.7916666666666,65.6,134.12,-68.52000000000001,-77.03999999999999,34.47,74.30000000000001,7000.166666666667,0.0,0.0,0.8660254037844388,-0.4999999999999998,0.0
RP_Talhao_Central,2022-04-19,23.15416666666667,29.7,17.3,0.1,4.62,0.29212499999999997,221.125,0.2425045589863314,2022-04,5.154166666666669,179.24166666666667,594.5541666666667,65.1,134.06,-68.96000000000001,-77.71,32.91,74.7,6970.458333333334,0.0,0.0,0.8660254037844388,-0.4999999999999998,0.0
RP_Talhao_Central,2022-04-20,23.974999999999998,30.9,17.3,0.0,4.59,0.2937083333333333,234.91666666666666,0.2425045589863314,2022-04,5.974999999999998,180.3875,593.8208333333334,65.1,134.20000000000002,-69.10000000000002,-77.66,33.77999999999997,74.4,6990.958333333334,0.0,0.0,0.8660254037844388,-0.4999999999999998,0.0
RP_Talhao_Central,2022-04-21,23.858333333333334,30.5,18.0,0.0,4.7700000000000005,0.29641666666666666,225.33333333333334,0.2425045589863314,2022-04,5.858333333333334,181.00416666666666,591.9791666666666,65.1,133.44,-68.34,-78.65,34.719999999999985,74.0,6930.541666666667,0.0,0.0,0.8660254037844388,-0.4999999999999998,0.0
RP_Talhao_Central,2022-04-22,23.599999999999998,30.5,17.1,0.0,4.68,0.2995,208.625,0.2425045589863314,2022-04,5.599999999999998,180.62083333333334,588.9166666666666,65.1,132.76,-67.66,-79.40999999999998,35.70000000000002,73.7,6869.25,0.0,0.0,0.8660254037844388,-0.4999999999999998,0.0
RP_Talhao_Central,2022-04-23,23.133333333333336,28.5,17.1,0.0,4.62,0.30495833333333333,214.83333333333334,0.2425045589863314,2022-04,5.133333333333336,178.6125,584.9875,65.1,132.16,-67.06,-79.89999999999998,36.41,73.4,6814.083333333333,0.0,0.0,0.8660254037844388,-0.4999999999999998,0.0
RP_Talhao_Central,2022-04-24,23.724999999999998,31.1,17.5,0.0,4.54,0.3075,234.66666666666666,0.2425045589863314,2022-04,5.724999999999998,176.89166666666665,582.0083333333333,65.1,131.74,-66.64000000000001,-79.68,35.57000000000001,73.0,6792.333333333333,0.0,0.0,0.8660254037844388,-0.4999999999999998,0.0
RP_Talhao_Central,2022-04-25,24.587500000000002,30.8,19.0,0.1,4.88,0.30745833333333333,221.91666666666666,0.2425045589863314,2022-04,6.587500000000002,176.5875,580.7624999999999,63.4,132.26,-68.85999999999999,-78.23999999999998,30.84999999999998,73.1,6779.250000000001,0.0,0.0,0.8660254037844388,-0.4999999999999998,0.0
RP_Talhao_Central,2022-04-26,24.666666666666668,30.3,20.1,0.0,4.390000000000001,0.30795833333333333,218.91666666666666,0.2425045589863314,2022-04,6.666666666666668,177.27499999999998,580.4166666666667,61.8,133.85,-72.05,-75.49,25.55000000000001,73.10000000000001,6842.666666666666,0.0,0.0,0.8660254037844388,-0.4999999999999998,0.0
RP_Talhao_Central,2022-04-27,24.208333333333332,30.1,18.6,0.0,4.3,0.30820833333333336,207.875,0.2425045589863314,2022-04,6.208333333333332,178.23749999999998,578.9291666666667,43.0,134.23,-91.22999999999999,-55.60000000000002,24.82000000000002,91.5,6828.125,0.0,0.0,0.8660254037844388,-0.4999999999999998,0.0
RP_Talhao_Central,2022-04-28,24.59166666666667,31.2,19.1,0.0,4.69,0.307,222.95833333333334,0.2425045589863314,2022-04,6.591666666666669,178.55416666666667,578.5916666666667,43.0,134.28,-91.28,-54.5,20.54000000000002,91.4,6784.666666666667,0.0,0.0,0.8660254037844388,-0.4999999999999998,0.0
RP_Talhao_Central,2022-04-29,23.995833333333334,30.9,18.3,0.0,4.94,0.31079166666666663,232.95833333333334,0.2425045589863314,2022-04,5.995833333333334,177.80416666666667,580.4166666666666,42.3,134.79000000000002,-92.49000000000002,-52.260000000000005,2.842170943040401e-14,92.10000000000001,6775.541666666667,0.0,0.0,0.8660254037844388,-0.4999999999999998,0.0
RP_Talhao_Central,2022-04-30,23.21666666666667,29.1,18.3,0.2,3.94,0.310125,211.16666666666666,0.2425045589863314,2022-04,5.216666666666669,176.69583333333333,581.1416666666667,39.6,134.24,-94.64000000000001,-48.42,-12.389999999999986,94.89999999999999,6748.375,0.0,0.0,0.8660254037844388,-0.4999999999999998,0.0
RP_Talhao_Central,2022-05-01,23.712500000000002,28.8,19.3,0.0,3.9699999999999998,0.311375,196.0,0.2422072146227842,2022-05,5.712500000000002,178.79583333333335,582.8583333333333,38.2,135.44,-97.24,-43.280000000000015,-38.18999999999997,96.3,6790.083333333334,0.0,0.0,0.49999999999999994,-0.8660254037844387,0.0
RP_Talhao_Central,2022-05-02,23.72083333333333,28.9,19.1,0.0,3.61,0.3162916666666667,189.29166666666666,0.2422072146227842,2022-05,5.720833333333331,178.87916666666666,584.7458333333334,38.2,134.18,-95.98,-43.24000000000001,-63.50999999999998,95.5,6720.958333333333,0.0,0.0,0.49999999999999994,-0.8660254037844387,0.0
RP_Talhao_Central,2022-05-03,24.2375,30.9,18.8,0.0,4.67,0.31604166666666667,209.91666666666666,0.2422072146227842,2022-05,6.237500000000001,178.79583333333332,586.6041666666666,36.9,134.05,-97.15,-41.290000000000006,-71.75000000000003,96.8,6674.916666666667,0.0,0.0,0.49999999999999994,-0.8660254037844387,0.0
RP_Talhao_Central,2022-05-04,19.175,21.3,15.2,0.8999999999999999,1.98,0.3164166666666667,97.45833333333333,0.2422072146227842,2022-05,1.1750000000000007,172.27916666666667,582.1541666666667,37.8,131.13,-93.33,-40.90999999999998,-77.03,96.7,6518.458333333333,0.0,0.0,0.49999999999999994,-0.8660254037844387,0.0
RP_Talhao_Central,2022-05-05,16.345833333333335,22.2,11.0,0.0,3.4,0.318,232.0,0.2422072146227842,2022-05,0.0,164.56666666666666,576.0666666666666,35.8,130.10999999999999,-94.30999999999999,-37.510000000000005,-83.32000000000002,98.7,6522.375,0.0,0.0,0.49999999999999994,-0.8660254037844387,0.0
RP_Talhao_Central,2022-05-06,19.054166666666667,26.6,12.4,0.0,3.8200000000000003,0.3187083333333333,228.75,0.2422072146227842,2022-05,1.0541666666666671,157.89166666666668,570.7833333333333,35.699999999999996,129.3,-93.60000000000002,-36.370000000000005,-96.52000000000001,98.6,6506.25,0.0,0.0,0.49999999999999994,-0.8660254037844387,0.0
RP_Talhao_Central,2022-05-07,20.720833333333335,27.8,14.7,0.0,3.8400000000000003,0.318125,210.33333333333334,0.2422072146227842,2022-05,2.720833333333335,152.5625,567.5458333333333,35.699999999999996,128.35000000000002,-92.65000000000003,-36.19,-99.91000000000001,98.1,6470.291666666667,0.0,0.0,0.49999999999999994,-0.8660254037844387,0.0
RP_Talhao_Central,2022-05-08,21.65416666666667,27.6,16.7,0.1,3.71,0.31616666666666665,193.79166666666666,0.2422072146227842,2022-05,3.6541666666666686,148.39166666666668,567.2666666666667,33.6,127.97999999999999,-94.38,-33.57000000000002,-128.51000000000002,99.6,6471.458333333333,0.0,0.0,0.49999999999999994,-0.8660254037844387,0.0
RP_Talhao_Central,2022-05-09,22.245833333333334,27.7,17.6,0.0,3.85,0.31379166666666664,195.375,0.2422072146227842,2022-05,4.245833333333334,145.67916666666667,566.7083333333334,21.6,127.71000000000001,-106.11000000000001,-19.950000000000017,-133.2,111.5,6448.166666666666,0.0,0.0,0.49999999999999994,-0.8660254037844387,0.0
RP_Talhao_Central,2022-05-10,21.608333333333334,27.6,16.5,0.0,4.05,0.31283333333333335,211.58333333333334,0.2422072146227842,2022-05,3.6083333333333343,141.70416666666665,564.9833333333333,21.6,127.09,-105.49000000000001,-19.66000000000001,-133.55,111.39999999999999,6420.666666666667,0.0,0.0,0.49999999999999994,-0.8660254037844387,0.0
RP_Talhao_Central,2022-05-11,19.483333333333334,23.7,16.3,2.1,1.84,0.31620833333333337,97.5,0.2422072146227842,2022-05,1.4833333333333343,135.34166666666667,561.2333333333333,23.7,123.9,-100.2,-37.69000000000001,-119.87999999999998,94.2,6276.5,0.0,0.0,0.49999999999999994,-0.8660254037844387,0.0
RP_Talhao_Central,2022-05-12,20.941666666666666,26.2,16.6,0.6000000000000001,3.27,0.3217083333333333,185.95833333333334,0.2422072146227842,2022-05,2.9416666666666664,132.03333333333333,559.6166666666667,5.800000000000001,123.97,-118.17,-40.110000000000014,-104.30000000000001,91.5,6295.541666666667,0.0,0.0,0.49999999999999994,-0.8660254037844387,0.0
RP_Talhao_Central,2022-05-13,20.095833333333335,26.9,14.3,0.0,3.66,0.32075000000000004,217.54166666666666,0.2422072146227842,2022-05,2.095833333333335,128.44583333333333,556.1916666666666,4.800000000000001,123.95,-119.15,-46.43000000000001,-97.23000000000002,85.9,6307.041666666667,0.0,0.0,0.49999999999999994,-0.8660254037844387,0.0
RP_Talhao_Central,2022-05-14,21.604166666666668,29.1,15.2,0.0,3.92,0.31916666666666665,206.16666666666666,0.2422072146227842,2022-05,3.604166666666668,126.09166666666668,553.6041666666667,4.200000000000001,123.89999999999999,-119.69999999999999,-55.21000000000001,-87.10999999999999,77.69999999999999,6312.625,0.0,0.0,0.49999999999999994,-0.8660254037844387,0.0
RP_Talhao_Central,2022-05-15,19.579166666666666,23.4,17.9,21.499999999999996,1.77,0.32308333333333333,107.5,0.2422072146227842,2022-05,1.5791666666666657,124.26250000000002,548.2583333333333,25.699999999999996,120.98,-95.28,-58.14000000000003,-83.65,74.99999999999999,6192.291666666666,0.0,0.0,0.49999999999999994,-0.8660254037844387,0.0
RP_Talhao_Central,2022-05-16,19.054166666666667,22.4,17.3,8.1,1.68,0.35175,92.33333333333333,0.2422072146227842,2022-05,1.0541666666666671,124.16250000000001,542.3208333333333,33.8,117.63,-83.83,-60.250000000000014,-83.39999999999999,73.39999999999999,6019.041666666667,0.0,0.0,0.49999999999999994,-0.8660254037844387,0.0
RP_Talhao_Central,2022-05-17,14.704166666666666,18.2,9.9,0.0,3.36,0.378875,213.70833333333334,0.2422072146227842,2022-05,0.0,121.52916666666667,536.4916666666667,33.8,116.06,-82.26,-60.57000000000002,-84.28999999999999,73.19999999999999,5975.75,0.0,1.0,0.49999999999999994,-0.8660254037844387,0.0
RP_Talhao_Central,2022-05-18,10.879166666666668,15.6,7.5,0.0,2.77,0.379875,186.70833333333334,0.2422072146227842,2022-05,0.0,117.60000000000001,531.0458333333333,33.699999999999996,114.13,-80.43,-68.52000000000001,-77.03999999999999,65.6,5927.208333333333,0.0,2.0,0.49999999999999994,-0.8660254037844387,0.0
RP_Talhao_Central,2022-05-19,10.941666666666668,17.3,6.0,0.0,2.34,0.38083333333333336,171.95833333333334,0.2422072146227842,2022-05,0.0,112.44583333333334,526.2375000000001,33.599999999999994,111.85,-78.25,-68.96000000000001,-77.71,65.1,5878.041666666667,0.0,3.0,0.49999999999999994,-0.8660254037844387,0.0
RP_Talhao_Central,2022-05-20,11.866666666666667,18.9,5.9,0.0,3.04,0.37929166666666664,216.625,0.2422072146227842,2022-05,0.0,106.47083333333335,520.9958333333334,33.599999999999994,110.30000000000001,-76.70000000000002,-69.10000000000002,-77.66,65.1,5859.75,0.0,4.0,0.49999999999999994,-0.8660254037844387,0.0
RP_Talhao_Central,2022-05-21,14.075000000000001,21.8,7.6,0.0,3.34,0.37375,213.41666666666666,0.2422072146227842,2022-05,0.0,100.61250000000001,515.8083333333334,33.599999999999994,108.86999999999999,-75.27,-68.34,-78.65,65.1,5847.833333333333,0.0,5.0,0.49999999999999994,-0.8660254037844387,0.0
RP_Talhao_Central,2022-05-22,16.2625,24.3,10.3,0.0,3.48,0.366875,209.45833333333334,0.2422072146227842,2022-05,0.0,95.01250000000002,509.26250000000005,33.599999999999994,107.67,-74.07000000000001,-67.66,-79.40999999999998,65.1,5848.666666666667,0.0,5.0,0.49999999999999994,-0.8660254037844387,0.0
RP_Talhao_Central,2022-05-23,17.841666666666665,25.5,12.3,0.0,3.58,0.3602916666666667,199.125,0.2422072146227842,2022-05,0.0,89.87916666666668,501.86250000000007,33.599999999999994,106.63,-73.03,-67.06,-79.89999999999998,65.1,5832.958333333334,0.0,5.0,0.49999999999999994,-0.8660254037844387,0.0
RP_Talhao_Central,2022-05-24,18.854166666666668,26.1,14.1,0.0,3.87,0.35474999999999995,201.20833333333334,0.2422072146227842,2022-05,0.8541666666666679,85.00833333333335,494.3208333333333,33.599999999999994,105.96000000000001,-72.36000000000001,-66.64000000000001,-79.68,65.1,5799.5,0.0,5.0,0.49999999999999994,-0.8660254037844387,0.0
RP_Talhao_Central,2022-05-25,18.566666666666666,24.9,13.9,0.0,3.92,0.35012499999999996,206.0,0.2422072146227842,2022-05,0.5666666666666664,78.98750000000001,486.46250000000003,33.5,105.0,-71.5,-68.85999999999999,-78.23999999999998,63.4,5783.583333333333,0.0,5.0,0.49999999999999994,-0.8660254037844387,0.0
RP_Talhao_Central,2022-05-26,18.979166666666668,25.8,13.6,0.0,3.5,0.3459583333333333,197.66666666666666,0.2422072146227842,2022-05,0.9791666666666679,73.30000000000001,478.3291666666667,33.5,104.11,-70.61,-72.05,-75.49,61.8,5762.333333333334,0.0,5.0,0.49999999999999994,-0.8660254037844387,0.0
RP_Talhao_Central,2022-05-27,19.383333333333333,26.1,14.2,0.0,3.55,0.3433333333333333,193.83333333333334,0.2422072146227842,2022-05,1.3833333333333329,68.47500000000002,470.75,33.5,103.36,-69.86,-91.22999999999999,-55.60000000000002,43.0,5748.291666666667,0.0,5.0,0.49999999999999994,-0.8660254037844387,0.0
RP_Talhao_Central,2022-05-28,19.566666666666666,26.3,15.0,0.0,3.42,0.34241666666666665,185.83333333333334,0.2422072146227842,2022-05,1.5666666666666664,63.45000000000002,463.0208333333333,33.5,102.09,-68.59,-91.28,-54.5,43.0,5711.166666666666,0.0,5.0,0.49999999999999994,-0.8660254037844387,0.0
RP_Talhao_Central,2022-05-29,20.2,27.5,14.4,0.0,3.81,0.34149999999999997,198.66666666666666,0.2422072146227842,2022-05,2.1999999999999993,59.654166666666676,455.56250000000006,33.5,100.96000000000001,-67.46000000000001,-92.49000000000002,-52.260000000000005,42.3,5676.875,0.0,5.0,0.49999999999999994,-0.8660254037844387,0.0
RP_Talhao_Central,2022-05-30,21.645833333333332,28.7,15.1,0.0,4.01,0.34037500000000004,190.70833333333334,0.2422072146227842,2022-05,3.645833333333332,58.08333333333334,449.8625,33.3,101.03,-67.73,-94.64000000000001,-48.42,39.6,5656.416666666666,0.0,5.0,0.49999999999999994,-0.8660254037844387,0.0
RP_Talhao_Central,2022-05-31,21.95,27.2,17.0,0.8,3.0100000000000002,0.34087500000000004,164.83333333333334,0.2422072146227842,2022-05,3.9499999999999993,56.32083333333334,444.40000000000003,34.1,100.07,-65.97,-97.24,-43.280000000000015,38.2,5625.25,0.0,5.0,0.49999999999999994,-0.8660254037844387,0.0
RP_Talhao_Central,2022-06-01,22.058333333333334,28.9,17.1,0.0,3.26,0.3389166666666667,182.79166666666666,0.2222980287829193,2022-06,4.058333333333334,54.658333333333346,439.5708333333334,34.1,99.72,-65.62,-95.98,-43.24000000000001,38.2,5618.75,0.0,5.0,1.2246467991473532e-16,-1.0,0.0
RP_Talhao_Central,2022-06-02,21.900000000000002,28.8,16.7,0.0,3.44,0.337875,171.91666666666666,0.2222980287829193,2022-06,3.900000000000002,52.32083333333335,434.85,34.1,98.49000000000001,-64.39000000000001,-97.15,-41.290000000000006,36.9,5580.75,0.0,5.0,1.2246467991473532e-16,-1.0,0.0
RP_Talhao_Central,2022-06-03,20.337500000000002,25.9,15.5,1.6,3.02,0.33770833333333333,163.66666666666666,0.2222980287829193,2022-06,2.337500000000002,53.48333333333335,428.79583333333335,34.8,99.53,-64.73,-93.33,-40.90999999999998,37.8,5646.958333333334,0.0,5.0,1.2246467991473532e-16,-1.0,0.0
RP_Talhao_Central,2022-06-04,19.245833333333334,26.1,13.4,0.0,3.39,0.33558333333333334,193.58333333333334,0.2222980287829193,2022-06,1.2458333333333336,54.72916666666668,421.05416666666673,34.8,99.52,-64.72,-94.30999999999999,-37.510000000000005,35.8,5608.541666666667,0.0,5.0,1.2246467991473532e-16,-1.0,0.0
RP_Talhao_Central,2022-06-05,19.608333333333334,26.3,14.3,0.0,3.5,0.333125,191.41666666666666,0.2222980287829193,2022-06,1.6083333333333343,55.283333333333346,412.9958333333334,34.8,99.2,-64.4,-93.60000000000002,-36.370000000000005,35.699999999999996,5571.208333333334,0.0,5.0,1.2246467991473532e-16,-1.0,0.0
RP_Talhao_Central,2022-06-06,19.474999999999998,26.2,14.4,0.0,3.3,0.33183333333333337,188.08333333333334,0.2222980287829193,2022-06,1.4749999999999979,54.03750000000001,404.71250000000003,34.8,98.66,-63.86,-92.65000000000003,-36.19,35.699999999999996,5548.958333333333,0.0,5.0,1.2246467991473532e-16,-1.0,0.0
RP_Talhao_Central,2022-06-07,20.099999999999998,27.3,13.3,0.0,3.5500000000000003,0.333,187.33333333333334,0.2222980287829193,2022-06,2.099999999999998,52.48333333333334,397.5375,34.699999999999996,98.5,-63.800000000000004,-94.38,-33.57000000000002,33.6,5542.5,0.0,5.0,1.2246467991473532e-16,-1.0,0.0
RP_Talhao_Central,2022-06-08,19.912499999999998,24.7,16.3,0.30000000000000004,2.56,0.33158333333333334,152.54166666666666,0.2222980287829193,2022-06,1.9124999999999979,50.150000000000006,390.12916666666666,35.0,97.21,-62.209999999999994,-106.11000000000001,-19.950000000000017,21.6,5499.666666666667,0.0,5.0,1.2246467991473532e-16,-1.0,0.0
RP_Talhao_Central,2022-06-09,19.625,24.0,15.9,2.8000000000000003,1.97,0.3292916666666667,115.875,0.2222980287829193,2022-06,1.625,48.16666666666667,383.0875,37.8,95.13,-57.33,-105.49000000000001,-19.66000000000001,21.6,5403.958333333333,0.0,5.0,1.2246467991473532e-16,-1.0,0.0
RP_Talhao_Central,2022-06-10,19.945833333333333,24.5,17.1,1.5,2.54,0.32825,149.0,0.2222980287829193,2022-06,1.9458333333333329,48.62916666666666,378.3208333333333,37.199999999999996,95.83,-58.63,-100.2,-37.69000000000001,23.7,5455.458333333333,0.0,5.0,1.2246467991473532e-16,-1.0,0.0
RP_Talhao_Central,2022-06-11,18.733333333333334,23.3,15.3,0.1,2.44,0.3262916666666667,138.83333333333334,0.2222980287829193,2022-06,0.7333333333333343,46.420833333333334,373.7125,36.699999999999996,95.0,-58.300000000000004,-118.17,-40.110000000000014,5.800000000000001,5408.333333333333,0.0,5.0,1.2246467991473532e-16,-1.0,0.0
RP_Talhao_Central,2022-06-12,15.879166666666668,20.9,12.2,0.0,2.66,0.32808333333333334,153.45833333333334,0.2222980287829193,2022-06,0.0,44.325,368.73333333333335,36.699999999999996,94.0,-57.300000000000004,-119.15,-46.43000000000001,4.800000000000001,5344.25,0.0,5.0,1.2246467991473532e-16,-1.0,0.0
RP_Talhao_Central,2022-06-13,14.1,21.1,8.6,0.0,3.08,0.33116666666666666,188.58333333333334,0.2222980287829193,2022-06,0.0,40.72083333333333,363.25416666666666,36.699999999999996,93.16,-56.46,-119.69999999999999,-55.21000000000001,4.200000000000001,5326.666666666667,0.0,6.0,1.2246467991473532e-16,-1.0,0.0
RP_Talhao_Central,2022-06-14,15.804166666666667,24.0,9.5,0.0,3.43,0.328125,185.20833333333334,0.2222980287829193,2022-06,0.0,39.141666666666666,356.7583333333333,15.200000000000003,94.82,-79.61999999999999,-95.28,-58.14000000000003,25.699999999999996,5404.375,0.0,7.0,1.2246467991473532e-16,-1.0,0.0
RP_Talhao_Central,2022-06-15,19.020833333333332,25.9,14.0,0.0,3.73,0.3237083333333333,177.25,0.2222980287829193,2022-06,1.0208333333333321,39.108333333333334,351.16666666666663,7.100000000000004,96.87,-89.77,-83.83,-60.250000000000014,33.8,5489.291666666666,0.0,7.0,1.2246467991473532e-16,-1.0,0.0
RP_Talhao_Central,2022-06-16,19.275000000000002,27.2,13.3,0.0,3.64,0.319875,192.54166666666666,0.2222980287829193,2022-06,1.2750000000000021,40.38333333333334,344.75416666666666,7.100000000000004,97.15,-90.05,-82.26,-60.57000000000002,33.8,5468.125,0.0,6.0,1.2246467991473532e-16,-1.0,0.0
RP_Talhao_Central,2022-06-17,19.579166666666666,27.6,12.6,0.0,3.83,0.3173333333333333,193.25,0.2222980287829193,2022-06,1.5791666666666657,41.962500000000006,339.7,7.100000000000004,98.21000000000001,-91.11,-80.43,-68.52000000000001,33.699999999999996,5474.666666666667,0.0,5.0,1.2246467991473532e-16,-1.0,0.0
RP_Talhao_Central,2022-06-18,18.016666666666666,21.8,15.3,1.0,1.6600000000000001,0.32495833333333335,87.91666666666667,0.2222980287829193,2022-06,0.01666666666666572,41.97916666666667,333.66666666666663,8.100000000000003,97.53,-89.42999999999999,-78.25,-68.96000000000001,33.599999999999994,5390.625,0.0,4.0,1.2246467991473532e-16,-1.0,0.0
RP_Talhao_Central,2022-06-19,17.8125,23.8,13.4,0.0,2.41,0.33145833333333335,160.75,0.2222980287829193,2022-06,0.0,41.97916666666667,328.8375,8.100000000000003,96.89999999999999,-88.79999999999998,-76.70000000000002,-69.10000000000002,33.599999999999994,5334.75,0.0,3.0,1.2246467991473532e-16,-1.0,0.0
RP_Talhao_Central,2022-06-20,19.349999999999998,25.1,14.7,0.0,2.84,0.33295833333333336,171.20833333333334,0.2222980287829193,2022-06,1.3499999999999979,43.329166666666666,324.9458333333333,8.100000000000003,96.4,-88.3,-75.27,-68.34,33.599999999999994,5292.541666666667,0.0,2.0,1.2246467991473532e-16,-1.0,0.0
RP_Talhao_Central,2022-06-21,20.804166666666667,27.7,15.8,0.0,3.51,0.33308333333333334,186.625,0.2222980287829193,2022-06,2.804166666666667,46.13333333333333,321.7666666666667,8.100000000000003,96.43,-88.33,-74.07000000000001,-67.66,33.599999999999994,5269.708333333333,0.0,2.0,1.2246467991473532e-16,-1.0,0.0
RP_Talhao_Central,2022-06-22,20.095833333333335,26.5,13.5,0.0,3.34,0.32983333333333337,188.625,0.2222980287829193,2022-06,2.095833333333335,48.22916666666666,316.7208333333333,8.100000000000003,96.19,-88.08999999999999,-73.03,-67.06,33.599999999999994,5259.208333333333,0.0,2.0,1.2246467991473532e-16,-1.0,0.0
RP_Talhao_Central,2022-06-23,19.291666666666668,26.7,13.8,0.0,3.47,0.32508333333333334,192.54166666666666,0.2222980287829193,2022-06,1.2916666666666679,48.666666666666664,310.56666666666666,8.100000000000003,95.79,-87.69,-72.36000000000001,-66.64000000000001,33.599999999999994,5250.541666666667,0.0,2.0,1.2246467991473532e-16,-1.0,0.0
RP_Talhao_Central,2022-06-24,19.1125,26.8,13.3,0.0,3.53,0.3205,192.16666666666666,0.2222980287829193,2022-06,1.1125000000000007,49.21249999999999,304.7875,8.100000000000003,95.39999999999999,-87.29999999999998,-71.5,-68.85999999999999,33.5,5236.708333333333,0.0,2.0,1.2246467991473532e-16,-1.0,0.0
RP_Talhao_Central,2022-06-25,18.829166666666666,26.4,12.1,0.0,3.79,0.31666666666666665,192.91666666666666,0.2222980287829193,2022-06,0.8291666666666657,49.0625,299.6375,8.100000000000003,95.69,-87.58999999999999,-70.61,-72.05,33.5,5231.958333333333,0.0,2.0,1.2246467991473532e-16,-1.0,0.0
RP_Talhao_Central,2022-06-26,18.358333333333334,24.7,13.4,0.0,3.33,0.3116666666666667,188.58333333333334,0.2222980287829193,2022-06,0.3583333333333343,48.037499999999994,294.75,8.100000000000003,95.47,-87.36999999999999,-69.86,-91.22999999999999,33.5,5226.708333333333,0.0,2.0,1.2246467991473532e-16,-1.0,0.0
RP_Talhao_Central,2022-06-27,18.704166666666666,25.8,13.2,0.0,3.37,0.3084166666666667,188.875,0.2222980287829193,2022-06,0.7041666666666657,47.175,289.1791666666667,8.100000000000003,95.42,-87.32,-68.59,-91.28,33.5,5229.75,0.0,2.0,1.2246467991473532e-16,-1.0,0.0
RP_Talhao_Central,2022-06-28,19.5,26.1,14.1,0.0,3.55,0.30816666666666664,190.08333333333334,0.2222980287829193,2022-06,1.5,46.474999999999994,283.93333333333334,8.100000000000003,95.16,-87.05999999999999,-67.46000000000001,-92.49000000000002,33.5,5221.166666666667,0.0,2.0,1.2246467991473532e-16,-1.0,0.0
RP_Talhao_Central,2022-06-29,19.458333333333332,26.5,12.1,0.0,3.4499999999999997,0.31054166666666666,188.45833333333334,0.2222980287829193,2022-06,1.4583333333333321,44.2875,279.0666666666667,8.100000000000003,94.60000000000001,-86.5,-67.73,-94.64000000000001,33.3,5218.916666666667,0.0,2.0,1.2246467991473532e-16,-1.0,0.0
RP_Talhao_Central,2022-06-30,18.808333333333334,25.8,12.6,0.0,3.25,0.308375,193.29166666666666,0.2222980287829193,2022-06,0.8083333333333336,41.14583333333333,276.2625,7.300000000000004,94.84,-87.53999999999999,-65.97,-97.24,34.1,5247.375,0.0,2.0,1.2246467991473532e-16,-1.0,0.0
RP_Talhao_Central,2022-07-01,18.849999999999998,26.9,11.7,0.0,3.41,0.30754166666666666,191.25,0.2081429950881624,2022-07,0.8499999999999979,37.93749999999999,271.475,7.300000000000004,94.99,-87.69,-65.62,-95.98,34.1,5255.833333333334,0.0,2.0,-0.4999999999999998,-0.8660254037844388,0.0
RP_Talhao_Central,2022-07-02,21.075,28.7,15.4,0.0,4.01,0.309625,192.41666666666666,0.2081429950881624,2022-07,3.0749999999999993,37.1125,268.2291666666667,7.300000000000004,95.56,-88.25999999999999,-64.39000000000001,-97.15,34.1,5276.333333333333,0.0,2.0,-0.4999999999999998,-0.8660254037844388,0.0
RP_Talhao_Central,2022-07-03,20.808333333333334,28.2,15.2,0.0,3.92,0.30524999999999997,193.70833333333334,0.2081429950881624,2022-07,2.8083333333333336,37.58333333333332,263.3458333333333,5.700000000000004,96.46000000000001,-90.76,-64.73,-93.33,34.8,5306.375,0.0,2.0,-0.4999999999999998,-0.8660254037844388,0.0
RP_Talhao_Central,2022-07-04,19.795833333333334,27.5,13.9,0.0,4.08,0.303375,197.08333333333334,0.2081429950881624,2022-07,1.7958333333333343,38.133333333333326,257.4291666666667,5.700000000000004,97.15,-91.45,-64.72,-94.30999999999999,34.8,5309.875,0.0,2.0,-0.4999999999999998,-0.8660254037844388,0.0
RP_Talhao_Central,2022-07-05,19.087500000000002,26.3,13.0,0.0,3.6799999999999997,0.30183333333333334,197.91666666666666,0.2081429950881624,2022-07,1.0875000000000021,37.6125,250.78750000000002,5.700000000000004,97.33,-91.63,-64.4,-93.60000000000002,34.8,5316.375,0.0,2.0,-0.4999999999999998,-0.8660254037844388,0.0
RP_Talhao_Central,2022-07-06,19.229166666666668,26.6,13.5,0.0,3.8,0.30116666666666664,195.58333333333334,0.2081429950881624,2022-07,1.2291666666666679,37.36666666666667,243.96666666666667,5.700000000000004,97.83,-92.13,-63.86,-92.65000000000003,34.8,5323.875,0.0,2.0,-0.4999999999999998,-0.8660254037844388,0.0
RP_Talhao_Central,2022-07-07,19.766666666666666,27.3,13.8,0.0,3.8000000000000003,0.299,193.54166666666666,0.2081429950881624,2022-07,1.7666666666666657,37.03333333333333,237.90833333333336,5.700000000000004,98.08000000000001,-92.38000000000001,-63.800000000000004,-94.38,34.699999999999996,5330.083333333334,0.0,2.0,-0.4999999999999998,-0.8660254037844388,0.0
RP_Talhao_Central,2022-07-08,20.308333333333334,27.3,14.5,0.0,4.1000000000000005,0.2965833333333333,191.375,0.2081429950881624,2022-07,2.3083333333333336,37.429166666666674,233.25833333333333,5.400000000000004,99.62,-94.22,-62.209999999999994,-106.11000000000001,35.0,5368.916666666667,0.0,2.0,-0.4999999999999998,-0.8660254037844388,0.0
RP_Talhao_Central,2022-07-09,19.712500000000002,26.0,14.1,0.0,4.39,0.29683333333333334,197.79166666666666,0.2081429950881624,2022-07,1.7125000000000021,37.51666666666667,227.3875,2.6000000000000036,102.04,-99.44,-57.33,-105.49000000000001,37.8,5450.833333333333,0.0,2.0,-0.4999999999999998,-0.8660254037844388,0.0
RP_Talhao_Central,2022-07-10,20.141666666666666,27.0,14.5,0.0,4.09,0.296375,196.33333333333334,0.2081429950881624,2022-07,2.1416666666666657,37.712500000000006,221.68333333333334,1.1000000000000036,103.59,-102.49,-58.63,-100.2,37.199999999999996,5498.166666666667,0.0,2.0,-0.4999999999999998,-0.8660254037844388,0.0
RP_Talhao_Central,2022-07-11,20.391666666666666,27.0,15.0,0.0,4.42,0.2945,197.125,0.2081429950881624,2022-07,2.3916666666666657,39.37083333333334,217.825,1.0000000000000036,105.57000000000001,-104.57000000000001,-58.300000000000004,-118.17,36.699999999999996,5556.458333333334,0.0,2.0,-0.4999999999999998,-0.8660254037844388,0.0
RP_Talhao_Central,2022-07-12,21.091666666666665,27.5,14.3,0.0,4.3,0.29654166666666665,180.70833333333334,0.2081429950881624,2022-07,3.091666666666665,42.462500000000006,215.23333333333332,1.0000000000000036,107.21000000000001,-106.21000000000001,-57.300000000000004,-119.15,36.699999999999996,5583.708333333333,0.0,2.0,-0.4999999999999998,-0.8660254037844388,0.0
RP_Talhao_Central,2022-07-13,21.525000000000002,28.9,15.7,0.0,4.14,0.29604166666666665,189.125,0.2081429950881624,2022-07,3.525000000000002,45.987500000000004,212.8,1.0000000000000036,108.27000000000001,-107.27000000000001,-56.46,-119.69999999999999,36.699999999999996,5584.25,0.0,1.0,-0.4999999999999998,-0.8660254037844388,0.0
RP_Talhao_Central,2022-07-14,21.3,27.2,16.8,0.0,4.58,0.2945833333333333,193.66666666666666,0.2081429950881624,2022-07,3.3000000000000007,49.287499999999994,212.6916666666667,1.0000000000000036,109.42,-108.42,-79.61999999999999,-95.28,15.200000000000003,5592.708333333334,0.0,0.0,-0.4999999999999998,-0.8660254037844388,0.0
RP_Talhao_Central,2022-07-15,21.945833333333336,29.2,16.2,0.0,4.49,0.29312499999999997,192.54166666666666,0.2081429950881624,2022-07,3.9458333333333364,52.212500000000006,215.48333333333335,1.0000000000000036,110.17999999999999,-109.17999999999999,-89.77,-83.83,7.100000000000004,5608.0,0.0,0.0,-0.4999999999999998,-0.8660254037844388,0.0
RP_Talhao_Central,2022-07-16,21.633333333333336,29.8,15.2,0.0,4.21,0.2915833333333333,188.375,0.2081429950881624,2022-07,3.6333333333333364,54.57083333333334,216.48333333333335,1.0000000000000036,110.75,-109.75,-90.05,-82.26,7.100000000000004,5603.833333333333,0.0,0.0,-0.4999999999999998,-0.8660254037844388,0.0
RP_Talhao_Central,2022-07-17,23.133333333333336,31.0,15.9,0.0,4.07,0.2905,194.25,0.2081429950881624,2022-07,5.133333333333336,58.12500000000001,217.68750000000003,1.0000000000000036,110.99,-109.99,-91.11,-80.43,7.100000000000004,5604.833333333333,0.0,0.0,-0.4999999999999998,-0.8660254037844388,0.0
RP_Talhao_Central,2022-07-18,22.90416666666667,30.1,17.1,0.0,4.53,0.2894583333333333,196.41666666666666,0.2081429950881624,2022-07,4.904166666666669,63.01250000000002,217.43750000000003,0.0,113.86,-113.86,-89.42999999999999,-78.25,8.100000000000003,5713.333333333333,0.0,0.0,-0.4999999999999998,-0.8660254037844388,0.0
RP_Talhao_Central,2022-07-19,21.729166666666668,29.0,15.9,0.0,4.21,0.28841666666666665,198.66666666666666,0.2081429950881624,2022-07,3.729166666666668,66.74166666666669,215.1916666666667,0.0,115.66,-115.66,-88.79999999999998,-76.70000000000002,8.100000000000003,5751.25,0.0,0.0,-0.4999999999999998,-0.8660254037844388,0.0
RP_Talhao_Central,2022-07-20,21.84583333333333,29.1,16.0,0.0,4.34,0.28741666666666665,197.70833333333334,0.2081429950881624,2022-07,3.8458333333333314,69.23750000000001,213.1791666666667,0.0,117.16,-117.16,-88.3,-75.27,8.100000000000003,5777.75,0.0,0.0,-0.4999999999999998,-0.8660254037844388,0.0
RP_Talhao_Central,2022-07-21,21.370833333333334,28.3,16.0,0.0,4.3500000000000005,0.2864583333333333,203.79166666666666,0.2081429950881624,2022-07,3.3708333333333336,69.80416666666667,210.95000000000002,0.0,118.0,-118.0,-88.33,-74.07000000000001,8.100000000000003,5794.916666666667,0.0,0.0,-0.4999999999999998,-0.8660254037844388,0.0
RP_Talhao_Central,2022-07-22,21.025000000000002,28.2,14.6,0.0,4.29,0.2855833333333333,204.83333333333334,0.2081429950881624,2022-07,3.025000000000002,70.73333333333335,208.8416666666667,0.0,118.95,-118.95,-88.08999999999999,-73.03,8.100000000000003,5811.125,0.0,0.0,-0.4999999999999998,-0.8660254037844388,0.0
RP_Talhao_Central,2022-07-23,21.0,28.3,14.4,0.0,3.99,0.2847083333333333,204.45833333333334,0.2081429950881624,2022-07,3.0,72.44166666666668,206.1166666666667,0.0,119.47,-119.47,-87.69,-72.36000000000001,8.100000000000003,5823.041666666666,0.0,0.0,-0.4999999999999998,-0.8660254037844388,0.0
RP_Talhao_Central,2022-07-24,21.8,29.0,15.7,0.0,4.53,0.284,204.625,0.2081429950881624,2022-07,3.8000000000000007,75.12916666666669,203.3291666666667,0.0,120.47000000000001,-120.47000000000001,-87.29999999999998,-71.5,8.100000000000003,5835.5,0.0,0.0,-0.4999999999999998,-0.8660254037844388,0.0
RP_Talhao_Central,2022-07-25,21.537499999999998,28.8,15.2,0.0,4.42,0.28354166666666664,206.0,0.2081429950881624,2022-07,3.537499999999998,77.83750000000002,200.20000000000005,0.0,121.1,-121.1,-87.58999999999999,-70.61,8.100000000000003,5848.583333333333,0.0,0.0,-0.4999999999999998,-0.8660254037844388,0.0
RP_Talhao_Central,2022-07-26,21.354166666666668,28.8,14.4,0.0,4.42,0.283,208.04166666666666,0.2081429950881624,2022-07,3.354166666666668,80.83333333333334,197.34583333333336,0.0,122.19,-122.19,-87.36999999999999,-69.86,8.100000000000003,5868.041666666667,0.0,0.0,-0.4999999999999998,-0.8660254037844388,0.0
RP_Talhao_Central,2022-07-27,21.40833333333333,28.5,15.0,0.0,4.17,0.2843333333333333,209.16666666666666,0.2081429950881624,2022-07,3.4083333333333314,83.53750000000002,194.16250000000002,0.0,122.99,-122.99,-87.32,-68.59,8.100000000000003,5888.333333333334,0.0,0.0,-0.4999999999999998,-0.8660254037844388,0.0
RP_Talhao_Central,2022-07-28,20.8125,28.2,13.9,0.0,4.4,0.28524999999999995,208.5,0.2081429950881624,2022-07,2.8125,84.85000000000002,190.97916666666669,0.0,123.84,-123.84,-87.05999999999999,-67.46000000000001,8.100000000000003,5906.75,0.0,0.0,-0.4999999999999998,-0.8660254037844388,0.0
RP_Talhao_Central,2022-07-29,22.004166666666666,29.8,14.6,0.0,5.0,0.2855,185.16666666666666,0.2081429950881624,2022-07,4.004166666666666,87.39583333333334,189.76666666666668,0.0,125.39,-125.39,-86.5,-67.73,8.100000000000003,5903.458333333333,0.0,0.0,-0.4999999999999998,-0.8660254037844388,0.0
RP_Talhao_Central,2022-07-30,19.895833333333332,27.1,14.1,0.0,3.99,0.282125,212.25,0.2081429950881624,2022-07,1.8958333333333321,88.48333333333335,185.95000000000002,0.0,126.13,-126.13,-87.53999999999999,-65.97,7.300000000000004,5922.416666666666,0.0,0.0,-0.4999999999999998,-0.8660254037844388,0.0
RP_Talhao_Central,2022-07-31,20.508333333333333,29.4,12.9,0.0,4.7,0.28158333333333335,213.45833333333334,0.2081429950881624,2022-07,2.508333333333333,90.14166666666668,182.7375,0.0,127.42,-127.42,-87.69,-65.62,7.300000000000004,5944.625,0.0,0.0,-0.4999999999999998,-0.8660254037844388,0.0
RP_Talhao_Central,2022-08-01,22.150000000000002,30.1,15.1,0.0,4.64,0.281625,195.375,0.1969572150306575,2022-08,4.150000000000002,91.21666666666668,180.65000000000003,0.0,128.04999999999998,-128.04999999999998,-88.25999999999999,-64.39000000000001,7.300000000000004,5947.583333333334,0.0,0.0,-0.8660254037844384,-0.5000000000000004,0.0
RP_Talhao_Central,2022-08-02,23.125,31.1,16.4,0.0,4.72,0.28037500000000004,199.625,0.1969572150306575,2022-08,5.125,93.53333333333335,184.60000000000002,0.0,128.85000000000002,-128.85000000000002,-90.76,-64.73,5.700000000000004,5953.5,0.0,0.0,-0.8660254037844384,-0.5000000000000004,0.0
RP_Talhao_Central,2022-08-03,23.054166666666664,30.5,16.7,0.0,4.99,0.27987500000000004,212.70833333333334,0.1969572150306575,2022-08,5.054166666666664,96.79166666666669,189.6541666666667,0.0,129.76,-129.76,-91.45,-64.72,5.700000000000004,5969.125,0.0,0.0,-0.8660254037844384,-0.5000000000000004,0.0
RP_Talhao_Central,2022-08-04,23.59583333333333,30.4,16.7,0.0,4.64,0.28404166666666664,185.375,0.1969572150306575,2022-08,5.595833333333331,101.30000000000001,194.19583333333333,0.0,130.72,-130.72,-91.63,-64.4,5.700000000000004,5956.583333333333,0.0,0.0,-0.8660254037844384,-0.5000000000000004,0.0
RP_Talhao_Central,2022-08-05,23.787499999999998,31.6,16.3,0.0,4.98,0.293,203.75,0.1969572150306575,2022-08,5.787499999999998,105.85833333333335,197.26250000000002,0.0,131.9,-131.9,-92.13,-63.86,5.700000000000004,5964.75,0.0,0.0,-0.8660254037844384,-0.5000000000000004,0.0
RP_Talhao_Central,2022-08-06,24.133333333333336,32.6,17.4,0.0,4.42,0.2940833333333333,196.54166666666666,0.1969572150306575,2022-08,6.133333333333336,110.225,199.74166666666667,0.0,132.51999999999998,-132.51999999999998,-92.38000000000001,-63.800000000000004,5.700000000000004,5967.75,0.0,0.0,-0.8660254037844384,-0.5000000000000004,0.0
RP_Talhao_Central,2022-08-07,24.808333333333334,32.4,17.6,0.0,5.22,0.29220833333333335,179.70833333333334,0.1969572150306575,2022-08,6.808333333333334,114.72500000000001,202.30416666666667,0.0,133.64,-133.64,-94.22,-62.209999999999994,5.400000000000004,5956.083333333333,0.0,0.0,-0.8660254037844384,-0.5000000000000004,0.0
RP_Talhao_Central,2022-08-08,19.666666666666668,21.8,17.7,3.7,1.47,0.2905,51.875,0.1969572150306575,2022-08,1.6666666666666679,114.67916666666667,200.3625,3.7000000000000037,130.72000000000003,-127.02000000000002,-99.44,-57.33,2.6000000000000036,5810.166666666667,0.0,0.0,-0.8660254037844384,-0.5000000000000004,0.0
RP_Talhao_Central,2022-08-09,18.6875,22.8,15.7,2.1,1.19,0.291,60.791666666666664,0.1969572150306575,2022-08,0.6875,113.22500000000001,199.56666666666666,5.800000000000004,127.82,-122.01999999999998,-102.49,-58.63,1.1000000000000036,5674.625,0.0,0.0,-0.8660254037844384,-0.5000000000000004,0.0
RP_Talhao_Central,2022-08-10,15.704166666666666,18.8,10.7,10.5,2.86,0.2890833333333333,158.75,0.1969572150306575,2022-08,0.0,110.83333333333334,196.625,16.300000000000004,126.25999999999999,-109.95999999999998,-104.57000000000001,-58.300000000000004,1.0000000000000036,5636.25,0.0,0.0,-0.8660254037844384,-0.5000000000000004,0.0
RP_Talhao_Central,2022-08-11,14.495833333333332,20.4,9.1,0.0,3.35,0.3165,190.5,0.1969572150306575,2022-08,0.0,107.74166666666667,194.52916666666667,16.300000000000004,125.31,-109.00999999999999,-106.21000000000001,-57.300000000000004,1.0000000000000036,5646.041666666667,0.0,1.0,-0.8660254037844384,-0.5000000000000004,0.0
RP_Talhao_Central,2022-08-12,17.033333333333335,24.7,10.3,0.0,4.2,0.31804166666666667,229.16666666666666,0.1969572150306575,2022-08,0.0,104.21666666666667,190.925,16.300000000000004,125.37,-109.07,-107.27000000000001,-56.46,1.0000000000000036,5686.083333333333,0.0,1.0,-0.8660254037844384,-0.5000000000000004,0.0
RP_Talhao_Central,2022-08-13,20.166666666666668,28.4,13.9,0.0,4.68,0.308125,228.08333333333334,0.1969572150306575,2022-08,2.166666666666668,103.08333333333334,191.51250000000002,16.300000000000004,125.47,-109.16999999999999,-108.42,-79.61999999999999,1.0000000000000036,5720.5,0.0,1.0,-0.8660254037844384,-0.5000000000000004,0.0
RP_Talhao_Central,2022-08-14,21.433333333333334,28.8,15.8,0.0,4.87,0.2949583333333333,227.5,0.1969572150306575,2022-08,3.4333333333333336,102.57083333333335,193.89166666666665,16.300000000000004,125.85000000000001,-109.55000000000001,-109.17999999999999,-89.77,1.0000000000000036,5755.458333333334,0.0,1.0,-0.8660254037844384,-0.5000000000000004,0.0
RP_Talhao_Central,2022-08-15,21.9875,29.6,15.2,0.0,5.24,0.2857916666666666,231.91666666666666,0.1969572150306575,2022-08,3.9875000000000007,102.92500000000001,197.87916666666666,16.300000000000004,126.88,-110.57999999999998,-109.75,-90.05,1.0000000000000036,5799.0,0.0,1.0,-0.8660254037844384,-0.5000000000000004,0.0
RP_Talhao_Central,2022-08-16,24.170833333333334,32.5,16.4,0.0,5.38,0.2825,202.29166666666666,0.1969572150306575,2022-08,6.170833333333334,103.9625,204.05,16.300000000000004,128.19,-111.88999999999999,-109.99,-91.11,1.0000000000000036,5807.041666666667,0.0,1.0,-0.8660254037844384,-0.5000000000000004,0.0
RP_Talhao_Central,2022-08-17,22.8125,29.4,17.1,0.0,3.9,0.286875,150.66666666666666,0.1969572150306575,2022-08,4.8125,103.87083333333334,208.8625,16.300000000000004,127.56,-111.25999999999999,-113.86,-89.42999999999999,0.0,5761.291666666667,0.0,1.0,-0.8660254037844384,-0.5000000000000004,0.0
RP_Talhao_Central,2022-08-18,23.916666666666668,31.8,17.7,0.0,5.79,0.30324999999999996,213.91666666666666,0.1969572150306575,2022-08,5.916666666666668,106.05833333333334,214.77916666666667,16.300000000000004,129.14,-112.83999999999997,-115.66,-88.79999999999998,0.0,5776.541666666666,0.0,1.0,-0.8660254037844384,-0.5000000000000004,0.0
RP_Talhao_Central,2022-08-19,16.9375,20.6,12.5,0.1,2.71,0.31804166666666667,131.79166666666666,0.1969572150306575,2022-08,0.0,102.2125,214.77916666666667,16.400000000000006,127.51,-111.11,-117.16,-88.3,0.0,5710.625,0.0,1.0,-0.8660254037844384,-0.5000000000000004,0.0
RP_Talhao_Central,2022-08-20,17.941666666666666,28.0,11.4,0.0,4.1,0.31916666666666665,185.625,0.1969572150306575,2022-08,0.0,98.84166666666667,214.77916666666667,16.400000000000006,127.25999999999999,-110.85999999999999,-118.0,-88.33,0.0,5692.458333333333,0.0,1.0,-0.8660254037844384,-0.5000000000000004,0.0
RP_Talhao_Central,2022-08-21,19.120833333333334,23.4,15.6,0.0,3.69,0.31666666666666665,155.16666666666666,0.1969572150306575,2022-08,1.1208333333333336,96.9375,215.9,16.400000000000006,126.66,-110.25999999999999,-118.95,-88.08999999999999,0.0,5642.791666666667,0.0,1.0,-0.8660254037844384,-0.5000000000000004,0.0
RP_Talhao_Central,2022-08-22,19.787499999999998,26.8,13.8,0.0,4.73,0.31220833333333337,229.66666666666666,0.1969572150306575,2022-08,1.7874999999999979,95.725,216.83333333333334,16.400000000000006,127.39999999999999,-110.99999999999999,-119.47,-87.69,0.0,5668.0,0.0,1.0,-0.8660254037844384,-0.5000000000000004,0.0
RP_Talhao_Central,2022-08-23,20.879166666666666,28.0,14.1,0.0,4.91,0.30920833333333336,231.58333333333334,0.1969572150306575,2022-08,2.8791666666666664,94.80416666666666,219.14583333333334,16.400000000000006,127.78,-111.38,-120.47000000000001,-87.29999999999998,0.0,5694.958333333334,0.0,1.0,-0.8660254037844384,-0.5000000000000004,0.0
RP_Talhao_Central,2022-08-24,21.695833333333336,28.1,15.4,0.0,4.55,0.307125,200.33333333333334,0.1969572150306575,2022-08,3.6958333333333364,94.9625,221.8625,16.400000000000006,127.91000000000001,-111.51,-121.1,-87.58999999999999,0.0,5689.291666666667,0.0,1.0,-0.8660254037844384,-0.5000000000000004,0.0
RP_Talhao_Central,2022-08-25,23.15416666666667,28.9,17.4,0.0,4.58,0.30466666666666664,169.41666666666666,0.1969572150306575,2022-08,5.154166666666669,96.76250000000002,225.63333333333333,16.400000000000006,128.07,-111.66999999999999,-122.19,-87.36999999999999,0.0,5650.666666666667,0.0,1.0,-0.8660254037844384,-0.5000000000000004,0.0
RP_Talhao_Central,2022-08-26,23.583333333333332,29.4,17.8,0.0,4.66,0.30241666666666667,181.08333333333334,0.1969572150306575,2022-08,5.583333333333332,98.93750000000001,229.65,16.400000000000006,128.56,-112.16,-122.99,-87.32,0.0,5622.583333333333,0.0,1.0,-0.8660254037844384,-0.5000000000000004,0.0
RP_Talhao_Central,2022-08-27,23.929166666666664,30.7,17.2,0.0,5.28,0.2997083333333333,234.66666666666666,0.1969572150306575,2022-08,5.929166666666664,102.05416666666666,233.3791666666667,16.400000000000006,129.44,-113.03999999999999,-123.84,-87.05999999999999,0.0,5648.75,0.0,1.0,-0.8660254037844384,-0.5000000000000004,0.0
RP_Talhao_Central,2022-08-28,24.6875,32.1,17.1,0.0,5.51,0.297875,241.66666666666666,0.1969572150306575,2022-08,6.6875,104.7375,236.42083333333335,16.400000000000006,129.95,-113.54999999999998,-125.39,-86.5,0.0,5705.25,0.0,1.0,-0.8660254037844384,-0.5000000000000004,0.0
RP_Talhao_Central,2022-08-29,19.76666666666667,26.6,13.9,0.0,5.13,0.29620833333333335,228.66666666666666,0.1969572150306575,2022-08,1.7666666666666693,104.60833333333333,234.2375,16.400000000000006,131.09,-114.69,-126.13,-87.53999999999999,0.0,5721.666666666667,0.0,1.0,-0.8660254037844384,-0.5000000000000004,0.0
RP_Talhao_Central,2022-08-30,18.358333333333334,25.0,12.1,0.0,4.69,0.29462499999999997,205.0,0.1969572150306575,2022-08,0.3583333333333343,102.45833333333333,230.53750000000002,16.400000000000006,131.08,-114.68,-127.42,-87.69,0.0,5713.208333333333,0.0,1.0,-0.8660254037844384,-0.5000000000000004,0.0
RP_Talhao_Central,2022-08-31,20.404166666666665,27.4,14.5,0.0,5.53,0.29320833333333335,240.83333333333334,0.1969572150306575,2022-08,2.404166666666665,100.7125,229.04166666666669,16.400000000000006,131.97,-115.57,-128.04999999999998,-88.25999999999999,0.0,5758.666666666666,0.0,1.0,-0.8660254037844384,-0.5000000000000004,0.0
RP_Talhao_Central,2022-09-01,21.212500000000002,28.3,15.3,0.0,5.73,0.2915833333333333,244.25,0.1640266556126995,2022-09,3.212500000000002,98.80000000000001,229.91666666666669,16.400000000000006,132.98,-116.57999999999998,-128.85000000000002,-90.76,0.0,5803.291666666666,0.0,1.0,-1.0,-1.8369701987210297e-16,0.0
RP_Talhao_Central,2022-09-02,22.224999999999998,30.7,15.3,0.0,5.78,0.29041666666666666,247.58333333333334,0.1640266556126995,2022-09,4.224999999999998,97.97083333333333,232.89583333333334,16.400000000000006,133.77,-117.37,-129.76,-91.45,0.0,5838.166666666667,0.0,1.0,-1.0,-1.8369701987210297e-16,0.0
RP_Talhao_Central,2022-09-03,24.495833333333334,33.1,16.2,0.0,5.93,0.28854166666666664,235.875,0.1640266556126995,2022-09,6.495833333333334,98.87083333333334,237.78333333333336,16.400000000000006,135.06,-118.66,-130.72,-91.63,0.0,5888.666666666667,0.0,1.0,-1.0,-1.8369701987210297e-16,0.0
RP_Talhao_Central,2022-09-04,21.508333333333336,29.4,16.3,0.0,5.17,0.2875,220.45833333333334,0.1640266556126995,2022-09,3.5083333333333364,96.59166666666667,239.8166666666667,16.400000000000006,135.25,-118.85,-131.9,-92.13,0.0,5905.375,0.0,1.0,-1.0,-1.8369701987210297e-16,0.0
RP_Talhao_Central,2022-09-05,22.045833333333334,30.4,15.2,0.8999999999999999,4.91,0.2865,219.5,0.1640266556126995,2022-09,4.045833333333334,94.50416666666669,241.76250000000005,17.300000000000004,135.74,-118.44,-132.51999999999998,-92.38000000000001,0.0,5928.333333333333,0.0,1.0,-1.0,-1.8369701987210297e-16,0.0
RP_Talhao_Central,2022-09-06,22.837500000000002,30.4,18.6,18.200000000000003,4.44,0.28641666666666665,169.08333333333334,0.1640266556126995,2022-09,4.837500000000002,92.53333333333335,244.6875,35.50000000000001,134.95999999999998,-99.45999999999998,-133.64,-94.22,0.0,5917.708333333333,0.0,1.0,-1.0,-1.8369701987210297e-16,0.0
RP_Talhao_Central,2022-09-07,22.458333333333332,28.8,17.8,2.8,5.17,0.2950833333333333,218.58333333333334,0.1640266556126995,2022-09,4.458333333333332,95.32500000000002,247.52083333333334,34.60000000000001,138.66,-104.05999999999999,-127.02000000000002,-99.44,3.7000000000000037,6084.416666666667,0.0,1.0,-1.0,-1.8369701987210297e-16,0.0
RP_Talhao_Central,2022-09-08,24.816666666666666,33.3,17.6,0.0,5.1,0.286375,205.33333333333334,0.1640266556126995,2022-09,6.816666666666666,101.45416666666668,252.39166666666668,32.50000000000001,142.57,-110.07,-122.01999999999998,-102.49,5.800000000000004,6228.958333333333,0.0,1.0,-1.0,-1.8369701987210297e-16,0.0
RP_Talhao_Central,2022-09-09,26.59583333333333,35.0,19.7,0.0,5.41,0.2875,212.08333333333334,0.1640266556126995,2022-09,8.595833333333331,110.05000000000001,260.2541666666667,22.000000000000007,145.12,-123.12,-109.95999999999998,-104.57000000000001,16.300000000000004,6282.291666666666,0.0,1.0,-1.0,-1.8369701987210297e-16,0.0
RP_Talhao_Central,2022-09-10,27.641666666666666,35.1,19.4,0.0,6.45,0.28520833333333334,238.125,0.1640266556126995,2022-09,9.641666666666666,119.69166666666668,269.89583333333337,22.000000000000007,148.22,-126.22,-109.00999999999999,-106.21000000000001,16.300000000000004,6329.916666666666,1.0,0.0,-1.0,-1.8369701987210297e-16,0.0
RP_Talhao_Central,2022-09-11,25.741666666666664,33.7,18.5,0.0,5.57,0.28462499999999996,234.16666666666666,0.1640266556126995,2022-09,7.741666666666664,127.43333333333334,277.63750000000005,22.000000000000007,149.59,-127.59,-109.07,-107.27000000000001,16.300000000000004,6334.916666666667,1.0,0.0,-1.0,-1.8369701987210297e-16,0.0
RP_Talhao_Central,2022-09-12,25.96666666666667,36.1,18.9,0.0,5.82,0.2891666666666666,209.5,0.1640266556126995,2022-09,7.966666666666669,133.23333333333335,285.6041666666667,22.000000000000007,150.73000000000002,-128.73000000000002,-109.16999999999999,-108.42,16.300000000000004,6316.333333333333,2.0,0.0,-1.0,-1.8369701987210297e-16,0.0
RP_Talhao_Central,2022-09-13,27.287499999999998,35.1,20.6,0.0,6.61,0.28791666666666665,247.04166666666666,0.1640266556126995,2022-09,9.287499999999998,139.0875,293.8708333333334,22.000000000000007,152.47,-130.47,-109.55000000000001,-109.17999999999999,16.300000000000004,6335.875,3.0,0.0,-1.0,-1.8369701987210297e-16,0.0
RP_Talhao_Central,2022-09-14,23.02916666666667,26.7,20.1,0.0,4.36,0.2960833333333333,178.33333333333334,0.1640266556126995,2022-09,5.029166666666669,140.1291666666667,297.625,22.000000000000007,151.59,-129.59,-110.57999999999998,-109.75,16.300000000000004,6282.291666666667,3.0,0.0,-1.0,-1.8369701987210297e-16,0.0
RP_Talhao_Central,2022-09-15,21.1125,25.2,17.6,5.2,2.9699999999999998,0.28462499999999996,127.41666666666667,0.1640266556126995,2022-09,3.1125000000000007,137.07083333333333,299.15833333333336,27.200000000000006,149.18,-121.98,-111.88999999999999,-109.99,16.300000000000004,6207.416666666667,3.0,0.0,-1.0,-1.8369701987210297e-16,0.0
RP_Talhao_Central,2022-09-16,19.837500000000002,25.0,16.0,6.4,3.49,0.2795416666666667,168.04166666666666,0.1640266556126995,2022-09,1.8375000000000021,134.09583333333333,300.9791666666667,33.60000000000001,148.77,-115.17,-111.25999999999999,-113.86,16.300000000000004,6224.791666666666,3.0,0.0,-1.0,-1.8369701987210297e-16,0.0
RP_Talhao_Central,2022-09-17,19.233333333333334,26.9,12.9,0.0,5.3100000000000005,0.2796666666666667,261.5416666666667,0.1640266556126995,2022-09,1.2333333333333343,129.41250000000002,302.21250000000003,33.60000000000001,148.29000000000002,-114.69000000000001,-112.83999999999997,-115.66,16.300000000000004,6272.416666666667,3.0,0.0,-1.0,-1.8369701987210297e-16,0.0
RP_Talhao_Central,2022-09-18,21.3125,29.4,14.0,0.0,5.87,0.27675,262.0833333333333,0.1640266556126995,2022-09,3.3125,132.72500000000002,304.175,33.50000000000001,151.45,-117.94999999999999,-111.11,-117.16,16.400000000000006,6402.708333333333,3.0,0.0,-1.0,-1.8369701987210297e-16,0.0
RP_Talhao_Central,2022-09-19,24.34166666666667,33.4,16.5,0.0,5.84,0.27875,254.45833333333334,0.1640266556126995,2022-09,6.341666666666669,139.0666666666667,307.71250000000003,33.50000000000001,153.19,-119.69,-110.85999999999999,-118.0,16.400000000000006,6471.541666666667,3.0,0.0,-1.0,-1.8369701987210297e-16,0.0
RP_Talhao_Central,2022-09-20,23.895833333333332,29.1,19.4,0.2,4.14,0.2794583333333333,193.08333333333334,0.1640266556126995,2022-09,5.895833333333332,143.84166666666667,311.51250000000005,33.7,153.64000000000001,-119.94000000000001,-110.25999999999999,-118.95,16.400000000000006,6509.458333333333,3.0,0.0,-1.0,-1.8369701987210297e-16,0.0
RP_Talhao_Central,2022-09-21,23.933333333333334,31.4,19.6,1.2,3.75,0.2840833333333333,195.08333333333334,0.1640266556126995,2022-09,5.933333333333334,147.9875,316.1541666666667,34.900000000000006,152.66,-117.75999999999999,-110.99999999999999,-119.47,16.400000000000006,6474.875,3.0,0.0,-1.0,-1.8369701987210297e-16,0.0
RP_Talhao_Central,2022-09-22,21.308333333333334,25.4,19.1,31.3,1.95,0.31554166666666666,112.625,0.1640266556126995,2022-09,3.3083333333333336,148.41666666666669,318.35,66.2,149.7,-83.49999999999999,-111.38,-120.47000000000001,16.400000000000006,6355.916666666666,3.0,0.0,-1.0,-1.8369701987210297e-16,0.0
RP_Talhao_Central,2022-09-23,18.912499999999998,24.0,14.5,0.0,4.68,0.3276666666666667,275.9583333333333,0.1640266556126995,2022-09,0.9124999999999979,145.63333333333333,318.43333333333334,66.2,149.83,-83.63000000000001,-111.51,-121.1,16.400000000000006,6431.541666666667,3.0,0.0,-1.0,-1.8369701987210297e-16,0.0
RP_Talhao_Central,2022-09-24,19.816666666666666,27.9,12.5,0.0,5.4,0.323625,273.7916666666667,0.1640266556126995,2022-09,1.8166666666666664,142.29583333333332,319.89166666666665,66.2,150.65,-84.45,-111.66999999999999,-122.19,16.400000000000006,6535.916666666666,3.0,0.0,-1.0,-1.8369701987210297e-16,0.0
RP_Talhao_Central,2022-09-25,24.045833333333334,32.5,16.5,0.0,5.67,0.314125,262.9166666666667,0.1640266556126995,2022-09,6.045833333333334,142.75833333333335,325.23333333333335,66.2,151.66,-85.46,-112.16,-122.99,16.400000000000006,6617.75,3.0,0.0,-1.0,-1.8369701987210297e-16,0.0
RP_Talhao_Central,2022-09-26,23.295833333333334,30.4,18.4,8.600000000000001,3.78,0.31683333333333336,180.79166666666666,0.1640266556126995,2022-09,5.295833333333334,142.125,329.0291666666667,74.80000000000001,150.16,-75.35999999999999,-113.03999999999999,-123.84,16.400000000000006,6563.875,3.0,0.0,-1.0,-1.8369701987210297e-16,0.0
RP_Talhao_Central,2022-09-27,21.079166666666666,27.6,18.2,40.8,2.69,0.4379583333333333,152.08333333333334,0.1640266556126995,2022-09,3.0791666666666657,138.51666666666668,330.65,115.60000000000001,147.34,-31.739999999999995,-113.54999999999998,-125.39,16.400000000000006,6474.291666666667,3.0,0.0,-1.0,-1.8369701987210297e-16,0.0
RP_Talhao_Central,2022-09-28,19.529166666666665,22.3,16.2,28.1,1.86,0.4682916666666667,101.45833333333333,0.1640266556126995,2022-09,1.529166666666665,138.27916666666667,331.3708333333334,143.70000000000002,144.07000000000002,-0.37000000000000455,-114.69,-126.13,16.400000000000006,6347.083333333333,3.0,0.0,-1.0,-1.8369701987210297e-16,0.0
RP_Talhao_Central,2022-09-29,20.2,27.0,14.4,3.0,3.93,0.46779166666666666,207.08333333333334,0.1640266556126995,2022-09,2.1999999999999993,140.12083333333334,332.72083333333336,146.70000000000002,143.31,3.390000000000015,-114.68,-127.42,16.400000000000006,6349.166666666667,3.0,0.0,-1.0,-1.8369701987210297e-16,0.0
RP_Talhao_Central,2022-09-30,20.341666666666665,25.3,17.4,5.6,3.5300000000000002,0.4662916666666667,202.45833333333334,0.1640266556126995,2022-09,2.341666666666665,140.05833333333334,331.9875,152.3,141.31,10.990000000000009,-115.57,-128.04999999999998,16.400000000000006,6310.791666666667,3.0,0.0,-1.0,-1.8369701987210297e-16,0.0
RP_Talhao_Central,2022-10-01,22.333333333333332,28.1,17.8,0.6,4.33,0.485125,248.08333333333334,0.202702833931263,2022-10,4.333333333333332,141.17916666666667,333.51250000000005,152.9,139.91,12.990000000000009,-116.57999999999998,-128.85000000000002,16.400000000000006,6314.625,3.0,0.0,-0.8660254037844386,0.5,0.0
RP_Talhao_Central,2022-10-02,23.520833333333332,29.6,17.7,0.0,5.01,0.45895833333333336,266.7083333333333,0.202702833931263,2022-10,5.520833333333332,142.475,337.2375,152.9,139.14,13.76000000000002,-117.37,-129.76,16.400000000000006,6333.75,3.0,0.0,-0.8660254037844386,0.5,0.0
RP_Talhao_Central,2022-10-03,22.337500000000002,29.7,17.4,3.6999999999999997,4.73,0.4374166666666666,256.2916666666667,0.202702833931263,2022-10,4.337500000000002,140.31666666666666,340.4875,156.60000000000002,137.94,18.660000000000025,-118.66,-130.72,16.400000000000006,6354.166666666666,3.0,0.0,-0.8660254037844386,0.5,0.0
RP_Talhao_Central,2022-10-04,22.412499999999998,28.0,18.0,2.7,4.28,0.42004166666666665,242.45833333333334,0.202702833931263,2022-10,4.412499999999998,141.22083333333333,343.67083333333335,159.3,137.05,22.25,-118.85,-131.9,16.400000000000006,6376.166666666667,3.0,0.0,-0.8660254037844386,0.5,0.0
RP_Talhao_Central,2022-10-05,24.066666666666666,30.5,17.6,0.0,5.12,0.404625,271.6666666666667,0.202702833931263,2022-10,6.066666666666666,143.24166666666665,347.97083333333336,158.4,137.26000000000002,21.139999999999986,-118.44,-132.51999999999998,17.300000000000004,6428.333333333333,3.0,0.0,-0.8660254037844386,0.5,0.0
RP_Talhao_Central,2022-10-06,25.129166666666666,33.5,18.8,4.3,5.79,0.387375,276.0833333333333,0.202702833931263,2022-10,7.129166666666666,145.5333333333333,352.7916666666667,144.50000000000003,138.61,5.890000000000015,-99.45999999999998,-133.64,35.50000000000001,6535.333333333334,3.0,0.0,-0.8660254037844386,0.5,0.0
RP_Talhao_Central,2022-10-07,21.78333333333333,25.9,19.7,31.9,2.81,0.4222916666666667,143.41666666666666,0.202702833931263,2022-10,3.7833333333333314,144.85833333333332,354.8625,173.6,136.25,37.349999999999994,-104.05999999999999,-127.02000000000002,34.60000000000001,6460.166666666666,3.0,0.0,-0.8660254037844386,0.5,0.0
RP_Talhao_Central,2022-10-08,21.683333333333334,27.7,16.0,0.0,4.81,0.4294166666666666,270.5416666666667,0.202702833931263,2022-10,3.6833333333333336,141.725,356.4041666666667,173.6,135.96,37.639999999999986,-110.07,-122.01999999999998,32.50000000000001,6525.375,3.0,0.0,-0.8660254037844386,0.5,0.0
RP_Talhao_Central,2022-10-09,22.59166666666667,30.0,19.1,1.4,3.84,0.422625,198.20833333333334,0.202702833931263,2022-10,4.591666666666669,137.72083333333333,358.6041666666667,175.0,134.39000000000001,40.609999999999985,-123.12,-109.95999999999998,22.000000000000007,6511.5,3.0,0.0,-0.8660254037844386,0.5,0.0
RP_Talhao_Central,2022-10-10,21.541666666666668,25.3,19.5,13.8,2.03,0.476625,94.16666666666667,0.202702833931263,2022-10,3.541666666666668,131.62083333333334,359.0541666666667,188.8,129.97,58.83000000000001,-126.22,-109.00999999999999,22.000000000000007,6367.541666666667,2.0,0.0,-0.8660254037844386,0.5,0.0
RP_Talhao_Central,2022-10-11,24.25,29.7,19.8,0.5,3.68,0.46950000000000003,163.875,0.202702833931263,2022-10,6.25,130.12916666666666,361.7791666666667,189.3,128.08,61.22,-127.59,-109.07,22.000000000000007,6297.25,2.0,0.0,-0.8660254037844386,0.5,0.0
RP_Talhao_Central,2022-10-12,24.15833333333333,29.9,19.5,0.0,5.33,0.450375,256.5,0.202702833931263,2022-10,6.158333333333331,128.32083333333333,364.6375,189.3,127.59,61.71000000000001,-128.73000000000002,-109.16999999999999,22.000000000000007,6344.25,1.0,0.0,-0.8660254037844386,0.5,0.0
RP_Talhao_Central,2022-10-13,24.9375,32.3,18.9,0.0,5.9,0.4339166666666667,273.7083333333333,0.202702833931263,2022-10,6.9375,125.97083333333333,367.62916666666666,189.3,126.88,62.420000000000016,-130.47,-109.55000000000001,22.000000000000007,6370.916666666666,0.0,0.0,-0.8660254037844386,0.5,0.0
RP_Talhao_Central,2022-10-14,24.870833333333334,32.9,18.3,0.0,6.44,0.41591666666666666,307.0416666666667,0.202702833931263,2022-10,6.870833333333334,127.8125,370.8666666666667,189.3,128.96,60.34,-129.59,-110.57999999999998,22.000000000000007,6499.625,0.0,0.0,-0.8660254037844386,0.5,0.0
RP_Talhao_Central,2022-10-15,24.03333333333333,31.0,18.2,0.0,5.91,0.3990833333333334,270.2916666666667,0.202702833931263,2022-10,6.033333333333331,130.73333333333332,371.7666666666667,184.10000000000002,131.9,52.20000000000002,-121.98,-111.88999999999999,27.200000000000006,6642.5,0.0,0.0,-0.8660254037844386,0.5,0.0
RP_Talhao_Central,2022-10-16,25.108333333333334,31.3,19.6,0.0,5.72,0.3852083333333334,276.25,0.202702833931263,2022-10,7.108333333333334,136.00416666666666,373.9708333333333,177.70000000000002,134.13,43.57000000000002,-115.17,-111.25999999999999,33.60000000000001,6750.708333333334,0.0,0.0,-0.8660254037844386,0.5,0.0
RP_Talhao_Central,2022-10-17,25.483333333333334,31.4,19.8,0.0,5.48,0.3746666666666667,254.125,0.202702833931263,2022-10,7.483333333333334,142.25416666666666,377.72499999999997,177.70000000000002,134.29999999999998,43.400000000000034,-114.69000000000001,-112.83999999999997,33.60000000000001,6743.291666666667,0.0,0.0,-0.8660254037844386,0.5,0.0
RP_Talhao_Central,2022-10-18,24.78333333333333,31.8,20.6,0.6,5.09,0.3642916666666667,206.25,0.202702833931263,2022-10,6.783333333333331,145.725,380.6625,178.3,133.52,44.78,-117.94999999999999,-111.11,33.50000000000001,6687.458333333334,0.0,0.0,-0.8660254037844386,0.5,0.0
RP_Talhao_Central,2022-10-19,22.650000000000002,26.5,20.7,1.9,2.94,0.36116666666666664,131.66666666666666,0.202702833931263,2022-10,4.650000000000002,144.03333333333333,381.94166666666666,180.20000000000002,130.62,49.58000000000001,-119.69,-110.85999999999999,33.50000000000001,6564.666666666666,0.0,0.0,-0.8660254037844386,0.5,0.0
RP_Talhao_Central,2022-10-20,24.0625,32.1,19.5,2.5,5.08,0.35120833333333334,255.58333333333334,0.202702833931263,2022-10,6.0625,144.2,384.9791666666667,182.50000000000003,131.56,50.940000000000026,-119.94000000000001,-110.25999999999999,33.7,6627.166666666667,0.0,0.0,-0.8660254037844386,0.5,0.0
RP_Talhao_Central,2022-10-21,22.625,27.0,20.4,4.7,3.0,0.35154166666666664,156.54166666666666,0.202702833931263,2022-10,4.625,142.89166666666665,386.6041666666667,186.0,130.81,55.19,-117.75999999999999,-110.99999999999999,34.900000000000006,6588.625,0.0,0.0,-0.8660254037844386,0.5,0.0
RP_Talhao_Central,2022-10-22,23.962500000000002,29.8,18.9,1.0,4.89,0.35624999999999996,248.16666666666666,0.202702833931263,2022-10,5.962500000000002,145.54583333333332,388.76666666666665,155.7,133.75,21.94999999999999,-83.49999999999999,-111.38,66.2,6724.166666666667,0.0,0.0,-0.8660254037844386,0.5,0.0
RP_Talhao_Central,2022-10-23,24.566666666666666,31.6,18.0,0.0,6.05,0.3460833333333333,298.4166666666667,0.202702833931263,2022-10,6.566666666666666,151.2,391.79583333333335,155.7,135.12,20.579999999999984,-83.63000000000001,-111.51,66.2,6746.625,0.0,0.0,-0.8660254037844386,0.5,0.0
RP_Talhao_Central,2022-10-24,25.041666666666668,32.0,17.8,0.0,6.38,0.3361666666666667,302.75,0.202702833931263,2022-10,7.041666666666668,156.42499999999998,395.48333333333335,155.7,136.1,19.599999999999994,-84.45,-111.66999999999999,66.2,6775.583333333334,0.0,0.0,-0.8660254037844386,0.5,0.0
RP_Talhao_Central,2022-10-25,25.287499999999998,32.1,19.4,0.0,6.42,0.325,299.1666666666667,0.202702833931263,2022-10,7.287499999999998,157.66666666666666,399.3625,155.7,136.85,18.849999999999994,-85.46,-112.16,66.2,6811.833333333333,0.0,0.0,-0.8660254037844386,0.5,0.0
RP_Talhao_Central,2022-10-26,26.104166666666668,33.7,19.0,0.0,6.8,0.317625,309.8333333333333,0.202702833931263,2022-10,8.104166666666668,160.475,404.6541666666667,147.1,139.87,7.22999999999999,-75.35999999999999,-113.03999999999999,74.80000000000001,6940.875,0.0,0.0,-0.8660254037844386,0.5,0.0
RP_Talhao_Central,2022-10-27,26.224999999999998,34.1,20.7,0.6,5.93,0.31204166666666666,267.4166666666667,0.202702833931263,2022-10,8.224999999999998,165.62083333333334,408.875,106.90000000000002,143.11,-36.209999999999994,-31.739999999999995,-113.54999999999998,115.60000000000001,7056.208333333333,0.0,0.0,-0.8660254037844386,0.5,0.0
RP_Talhao_Central,2022-10-28,24.712500000000002,31.0,19.9,0.8999999999999999,5.1,0.31120833333333336,261.8333333333333,0.202702833931263,2022-10,6.712500000000002,170.80416666666667,413.6916666666667,79.7,146.35,-66.64999999999999,-0.37000000000000455,-114.69,143.70000000000002,7216.583333333334,0.0,0.0,-0.8660254037844386,0.5,0.0
RP_Talhao_Central,2022-10-29,25.554166666666664,33.6,20.7,5.8,5.64,0.30595833333333333,277.625,0.202702833931263,2022-10,7.554166666666664,176.15833333333333,418.7375,82.5,148.05999999999997,-65.55999999999997,3.390000000000015,-114.68,146.70000000000002,7287.125,0.0,0.0,-0.8660254037844386,0.5,0.0
RP_Talhao_Central,2022-10-30,25.462500000000002,32.7,19.3,2.5,5.81,0.30591666666666667,281.1666666666667,0.202702833931263,2022-10,7.462500000000002,181.27916666666667,422.05,79.4,150.33999999999997,-70.93999999999997,10.990000000000009,-115.57,152.3,7365.833333333333,0.0,0.0,-0.8660254037844386,0.5,0.0
RP_Talhao_Central,2022-10-31,24.116666666666664,29.9,21.4,12.6,4.25,0.30441666666666667,228.25,0.202702833931263,2022-10,6.116666666666664,183.0625,423.0416666666667,91.4,150.26,-58.859999999999985,12.990000000000009,-116.57999999999998,152.9,7346.0,0.0,0.0,-0.8660254037844386,0.5,0.0
RP_Talhao_Central,2022-11-01,22.25,26.6,17.4,2.4,4.2700000000000005,0.316,200.29166666666666,0.2034584091968571,2022-11,4.25,181.79166666666666,422.2375,93.8,149.52,-55.72000000000001,13.76000000000002,-117.37,152.9,7279.583333333333,0.0,0.0,-0.5000000000000004,0.8660254037844384,0.0
RP_Talhao_Central,2022-11-02,18.116666666666667,22.2,15.5,0.8,3.3400000000000003,0.32125,135.25,0.2034584091968571,2022-11,0.11666666666666714,177.57083333333333,416.7583333333333,90.9,148.13,-57.22999999999999,18.660000000000025,-118.66,156.60000000000002,7158.541666666667,0.0,0.0,-0.5000000000000004,0.8660254037844384,0.0
RP_Talhao_Central,2022-11-03,17.779166666666665,21.8,14.4,1.2,3.68,0.32254166666666667,161.54166666666666,0.2034584091968571,2022-11,0.0,173.15833333333333,410.9708333333333,89.4,147.53,-58.129999999999995,22.25,-118.85,159.3,7077.625,0.0,0.0,-0.5000000000000004,0.8660254037844384,0.0
RP_Talhao_Central,2022-11-04,18.7875,25.1,12.3,0.0,5.08,0.32108333333333333,270.5833333333333,0.2034584091968571,2022-11,0.7875000000000014,167.87916666666666,405.625,89.4,147.48999999999998,-58.089999999999975,21.139999999999986,-118.44,158.4,7076.541666666667,0.0,0.0,-0.5000000000000004,0.8660254037844384,0.0
RP_Talhao_Central,2022-11-05,20.183333333333334,27.1,13.2,0.0,5.71,0.3153333333333333,286.375,0.2034584091968571,2022-11,2.1833333333333336,162.93333333333334,401.0,85.1,147.41,-62.31,5.890000000000015,-99.45999999999998,144.50000000000003,7086.833333333333,0.0,0.0,-0.5000000000000004,0.8660254037844384,0.0
RP_Talhao_Central,2022-11-06,20.95,27.3,16.6,0.3,5.35,0.30820833333333336,256.4166666666667,0.2034584091968571,2022-11,2.9499999999999993,162.1,402.2833333333333,53.50000000000001,149.95,-96.44999999999999,37.349999999999994,-104.05999999999999,173.6,7199.833333333334,0.0,0.0,-0.5000000000000004,0.8660254037844384,0.0
RP_Talhao_Central,2022-11-07,21.554166666666664,28.1,15.5,0.6,5.97,0.30245833333333333,302.4583333333333,0.2034584091968571,2022-11,3.5541666666666636,161.97083333333333,405.15,54.10000000000001,151.10999999999999,-97.00999999999998,37.639999999999986,-110.07,173.6,7231.75,0.0,0.0,-0.5000000000000004,0.8660254037844384,0.0
RP_Talhao_Central,2022-11-08,22.0625,29.6,15.3,0.0,5.54,0.2955,287.875,0.2034584091968571,2022-11,4.0625,161.44166666666666,409.2125,52.70000000000001,152.80999999999997,-100.10999999999996,40.609999999999985,-123.12,175.0,7321.416666666667,0.0,0.0,-0.5000000000000004,0.8660254037844384,0.0
RP_Talhao_Central,2022-11-09,23.3,30.9,16.8,0.30000000000000004,5.24,0.294375,271.0416666666667,0.2034584091968571,2022-11,5.300000000000001,163.2,414.5125,39.2,156.01999999999998,-116.81999999999998,58.83000000000001,-126.22,188.8,7498.291666666667,0.0,0.0,-0.5000000000000004,0.8660254037844384,0.0
RP_Talhao_Central,2022-11-10,25.6875,33.2,18.4,0.0,6.28,0.29412499999999997,308.0,0.2034584091968571,2022-11,7.6875,164.6375,422.2,38.7,158.62,-119.92,61.22,-127.59,189.3,7642.416666666667,0.0,0.0,-0.5000000000000004,0.8660254037844384,0.0
RP_Talhao_Central,2022-11-11,24.870833333333334,33.5,20.3,1.0,4.92,0.2940833333333333,250.29166666666666,0.2034584091968571,2022-11,6.870833333333334,165.35,426.9041666666667,39.7,158.21,-118.51,61.71000000000001,-128.73000000000002,189.3,7636.208333333333,0.0,0.0,-0.5000000000000004,0.8660254037844384,0.0
RP_Talhao_Central,2022-11-12,25.704166666666666,31.6,19.1,0.5,5.8999999999999995,0.29316666666666663,287.0833333333333,0.2034584091968571,2022-11,7.704166666666666,166.11666666666667,431.175,40.2,158.20999999999998,-118.00999999999998,62.420000000000016,-130.47,189.3,7649.583333333334,0.0,0.0,-0.5000000000000004,0.8660254037844384,0.0
RP_Talhao_Central,2022-11-13,26.829166666666666,33.9,20.4,0.1,6.31,0.2895833333333333,283.7083333333333,0.2034584091968571,2022-11,8.829166666666666,168.075,436.01666666666665,40.300000000000004,158.07999999999998,-117.77999999999997,60.34,-129.59,189.3,7626.25,0.0,0.0,-0.5000000000000004,0.8660254037844384,0.0
RP_Talhao_Central,2022-11-14,26.508333333333336,33.9,21.3,0.6,5.69,0.2896666666666667,256.5833333333333,0.2034584091968571,2022-11,8.508333333333336,170.55,438.35416666666663,40.900000000000006,157.85999999999999,-116.95999999999998,52.20000000000002,-121.98,184.10000000000002,7612.541666666666,0.0,0.0,-0.5000000000000004,0.8660254037844384,0.0
RP_Talhao_Central,2022-11-15,26.28333333333333,31.8,20.8,0.2,5.83,0.29783333333333334,279.2916666666667,0.2034584091968571,2022-11,8.283333333333331,171.725,441.825,41.1,157.97,-116.87,43.57000000000002,-115.17,177.70000000000002,7615.583333333333,0.0,0.0,-0.5000000000000004,0.8660254037844384,0.0
RP_Talhao_Central,2022-11-16,26.537499999999998,33.2,19.6,0.0,6.78,0.29254166666666664,308.1666666666667,0.2034584091968571,2022-11,8.537499999999998,172.77916666666667,444.4458333333333,41.1,159.27,-118.17000000000002,43.400000000000034,-114.69000000000001,177.70000000000002,7669.625,0.0,0.0,-0.5000000000000004,0.8660254037844384,0.0
RP_Talhao_Central,2022-11-17,25.974999999999998,33.7,19.3,0.0,7.28,0.2870833333333333,332.1666666666667,0.2034584091968571,2022-11,7.974999999999998,173.97083333333333,452.4208333333333,40.5,161.46,-120.96000000000001,44.78,-117.94999999999999,178.3,7795.541666666666,0.0,0.0,-0.5000000000000004,0.8660254037844384,0.0
RP_Talhao_Central,2022-11-18,26.15833333333333,33.5,19.3,0.0,7.2,0.28591666666666665,314.125,0.2034584091968571,2022-11,8.158333333333331,177.47916666666666,460.5791666666667,38.6,165.72,-127.12,49.58000000000001,-119.69,180.20000000000002,7978.0,0.0,0.0,-0.5000000000000004,0.8660254037844384,0.0
RP_Talhao_Central,2022-11-19,23.616666666666664,29.5,20.4,1.6,5.58,0.28691666666666665,272.125,0.2034584091968571,2022-11,5.616666666666664,177.0333333333333,465.075,37.7,166.22,-128.51999999999998,50.940000000000026,-119.94000000000001,182.50000000000003,7994.541666666666,0.0,0.0,-0.5000000000000004,0.8660254037844384,0.0
RP_Talhao_Central,2022-11-20,24.429166666666664,30.6,18.1,0.8,5.63,0.29054166666666664,305.5833333333333,0.2034584091968571,2022-11,6.429166666666664,178.83749999999998,469.71666666666664,33.80000000000001,168.85,-135.04999999999998,55.19,-117.75999999999999,186.0,8143.583333333334,0.0,0.0,-0.5000000000000004,0.8660254037844384,0.0
RP_Talhao_Central,2022-11-21,26.025000000000002,32.3,19.9,0.1,6.2299999999999995,0.2939583333333333,299.0,0.2034584091968571,2022-11,8.025000000000002,180.89999999999998,474.8625,32.900000000000006,170.19,-137.29,21.94999999999999,-83.49999999999999,155.7,8194.416666666666,0.0,0.0,-0.5000000000000004,0.8660254037844384,0.0
RP_Talhao_Central,2022-11-22,24.65833333333333,32.2,20.2,5.9,4.93,0.30016666666666664,245.54166666666666,0.2034584091968571,2022-11,6.658333333333331,180.99166666666665,477.825,38.80000000000001,169.07,-130.26999999999998,20.579999999999984,-83.63000000000001,155.7,8141.541666666666,0.0,0.0,-0.5000000000000004,0.8660254037844384,0.0
RP_Talhao_Central,2022-11-23,22.504166666666666,28.3,19.8,23.8,3.98,0.35000000000000003,231.58333333333334,0.2034584091968571,2022-11,4.504166666666666,178.45416666666665,477.17499999999995,62.60000000000001,166.67,-104.06999999999998,19.599999999999994,-84.45,155.7,8070.375,0.0,0.0,-0.5000000000000004,0.8660254037844384,0.0
RP_Talhao_Central,2022-11-24,22.458333333333332,28.2,18.8,8.9,4.6,0.3954583333333333,263.0833333333333,0.2034584091968571,2022-11,4.458333333333332,175.625,476.04999999999995,71.50000000000001,164.85000000000002,-93.35000000000001,18.849999999999994,-85.46,155.7,8034.291666666667,0.0,0.0,-0.5000000000000004,0.8660254037844384,0.0
RP_Talhao_Central,2022-11-25,22.183333333333334,28.5,17.8,1.0,5.22,0.40054166666666674,292.625,0.2034584091968571,2022-11,4.183333333333334,171.70416666666665,474.3041666666666,72.50000000000001,163.27,-90.77,7.22999999999999,-75.35999999999999,147.1,8017.083333333333,0.0,0.0,-0.5000000000000004,0.8660254037844384,0.0
RP_Talhao_Central,2022-11-26,22.379166666666666,28.7,15.9,0.0,6.0200000000000005,0.38916666666666666,328.7916666666667,0.2034584091968571,2022-11,4.379166666666666,167.85833333333332,471.9958333333333,71.9,163.35999999999999,-91.45999999999998,-36.209999999999994,-31.739999999999995,106.90000000000002,8078.458333333334,0.0,0.0,-0.5000000000000004,0.8660254037844384,0.0
RP_Talhao_Central,2022-11-27,23.825,30.4,17.4,0.0,5.970000000000001,0.375125,316.7916666666667,0.2034584091968571,2022-11,5.824999999999999,166.9708333333333,476.0541666666667,71.00000000000001,164.23,-93.22999999999998,-66.64999999999999,-0.37000000000000455,79.7,8133.416666666666,0.0,0.0,-0.5000000000000004,0.8660254037844384,0.0
RP_Talhao_Central,2022-11-28,22.724999999999998,29.5,18.7,16.099999999999998,5.12,0.367125,293.4583333333333,0.2034584091968571,2022-11,4.724999999999998,164.14166666666665,480.4208333333333,81.30000000000001,163.71,-82.41,-65.55999999999997,3.390000000000015,82.5,8149.25,0.0,0.0,-0.5000000000000004,0.8660254037844384,0.0
RP_Talhao_Central,2022-11-29,21.837500000000002,27.2,18.2,6.6000000000000005,4.21,0.36604166666666665,250.16666666666666,0.2034584091968571,2022-11,3.837500000000002,160.51666666666665,481.8541666666667,85.4,162.11,-76.71000000000001,-70.93999999999997,10.990000000000009,79.4,8118.25,0.0,0.0,-0.5000000000000004,0.8660254037844384,0.0
RP_Talhao_Central,2022-11-30,22.645833333333332,28.7,18.3,2.6,4.51,0.39366666666666666,255.875,0.2034584091968571,2022-11,4.645833333333332,159.04583333333332,483.28749999999997,75.4,162.37,-86.97,-58.859999999999985,12.990000000000009,91.4,8145.875,0.0,0.0,-0.5000000000000004,0.8660254037844384,0.0
RP_Talhao_Central,2022-12-01,23.733333333333334,28.6,18.8,0.7000000000000001,4.84,0.39925000000000005,277.625,0.2137429023213111,2022-12,5.733333333333334,160.52916666666664,484.79583333333335,73.70000000000002,162.94,-89.23999999999998,-55.72000000000001,13.76000000000002,93.8,8223.208333333334,0.0,0.0,-2.4492935982947064e-16,1.0,0.0
RP_Talhao_Central,2022-12-02,24.8875,30.8,20.9,1.9,5.21,0.3917083333333333,288.4583333333333,0.2137429023213111,2022-12,6.887499999999999,167.29999999999998,485.1875,74.8,164.81,-90.01,-57.22999999999999,18.660000000000025,90.9,8376.416666666666,0.0,0.0,-2.4492935982947064e-16,1.0,0.0
RP_Talhao_Central,2022-12-03,24.166666666666668,29.4,20.7,18.4,3.93,0.40125000000000005,212.875,0.2137429023213111,2022-12,6.166666666666668,173.46666666666664,487.84583333333336,92.00000000000001,165.06,-73.05999999999999,-58.129999999999995,22.25,89.4,8427.75,0.0,0.0,-2.4492935982947064e-16,1.0,0.0
RP_Talhao_Central,2022-12-04,22.116666666666664,25.7,20.0,11.8,2.67,0.45575000000000004,157.33333333333334,0.2137429023213111,2022-12,4.116666666666664,176.79583333333332,487.91666666666663,103.80000000000001,162.65,-58.849999999999994,-58.089999999999975,21.139999999999986,89.4,8314.5,0.0,0.0,-2.4492935982947064e-16,1.0,0.0
RP_Talhao_Central,2022-12-05,22.02916666666667,26.3,20.3,18.2,2.31,0.4925833333333333,132.83333333333334,0.2137429023213111,2022-12,4.029166666666669,178.64166666666665,487.1083333333333,122.00000000000001,159.25,-37.249999999999986,-62.31,5.890000000000015,85.1,8160.958333333333,0.0,0.0,-2.4492935982947064e-16,1.0,0.0
RP_Talhao_Central,2022-12-06,22.724999999999998,27.2,20.2,9.1,3.61,0.489875,213.04166666666666,0.2137429023213111,2022-12,4.724999999999998,180.41666666666666,487.375,130.8,157.51,-26.70999999999998,-96.44999999999999,37.349999999999994,53.50000000000001,8117.583333333333,0.0,0.0,-2.4492935982947064e-16,1.0,0.0
RP_Talhao_Central,2022-12-07,22.40416666666667,26.3,19.8,13.4,2.96,0.498875,176.91666666666666,0.2137429023213111,2022-12,4.404166666666669,181.26666666666665,484.9625,143.6,154.5,-10.900000000000006,-97.00999999999998,37.639999999999986,54.10000000000001,7992.041666666667,0.0,0.0,-2.4492935982947064e-16,1.0,0.0
RP_Talhao_Central,2022-12-08,24.0125,30.4,17.8,0.0,5.95,0.486,333.1666666666667,0.2137429023213111,2022-12,6.012499999999999,183.21666666666664,482.3791666666666,143.6,154.91000000000003,-11.31000000000003,-100.10999999999996,40.609999999999985,52.70000000000001,8037.333333333333,0.0,0.0,-2.4492935982947064e-16,1.0,0.0
RP_Talhao_Central,2022-12-09,25.083333333333332,32.2,18.6,0.0,6.74,0.45929166666666665,360.3333333333333,0.2137429023213111,2022-12,7.083333333333332,185.0,479.8208333333333,143.29999999999998,156.41,-13.110000000000014,-116.81999999999998,58.83000000000001,39.2,8126.625,0.0,0.0,-2.4492935982947064e-16,1.0,0.0
RP_Talhao_Central,2022-12-10,25.2625,31.3,19.9,0.0,6.16,0.43616666666666665,330.0416666666667,0.2137429023213111,2022-12,7.262499999999999,184.575,479.34166666666664,143.29999999999998,156.29,-12.990000000000009,-119.92,61.22,38.7,8148.666666666666,0.0,0.0,-2.4492935982947064e-16,1.0,0.0
RP_Talhao_Central,2022-12-11,25.304166666666664,30.7,19.8,0.7,5.75,0.41533333333333333,322.5416666666667,0.2137429023213111,2022-12,7.304166666666664,185.00833333333333,478.6791666666667,143.0,157.11999999999998,-14.119999999999976,-118.51,61.71000000000001,39.7,8220.916666666666,0.0,0.0,-2.4492935982947064e-16,1.0,0.0
RP_Talhao_Central,2022-12-12,24.09166666666667,28.8,20.6,3.5000000000000004,3.55,0.406625,184.25,0.2137429023213111,2022-12,6.091666666666669,183.39583333333331,475.4833333333333,146.0,154.77,-8.77000000000001,-118.00999999999998,62.420000000000016,40.2,8118.083333333333,0.0,0.0,-2.4492935982947064e-16,1.0,0.0
RP_Talhao_Central,2022-12-13,21.629166666666666,23.9,20.5,31.9,1.73,0.431,108.54166666666667,0.2137429023213111,2022-12,3.6291666666666664,178.19583333333333,474.0833333333333,177.8,150.19,27.610000000000014,-117.77999999999997,60.34,40.300000000000004,7942.916666666667,0.0,0.0,-2.4492935982947064e-16,1.0,0.0
RP_Talhao_Central,2022-12-14,22.45,28.3,18.2,1.8,4.1000000000000005,0.4698333333333333,224.75,0.2137429023213111,2022-12,4.449999999999999,174.13749999999996,475.4208333333333,179.0,148.60000000000002,30.399999999999977,-116.95999999999998,52.20000000000002,40.900000000000006,7911.083333333334,0.0,0.0,-2.4492935982947064e-16,1.0,0.0
RP_Talhao_Central,2022-12-15,23.504166666666666,28.8,18.5,0.0,5.61,0.4527083333333333,320.4166666666667,0.2137429023213111,2022-12,5.504166666666666,171.3583333333333,479.0875,178.8,148.38,30.420000000000016,-116.87,43.57000000000002,41.1,7952.208333333333,0.0,0.0,-2.4492935982947064e-16,1.0,0.0
RP_Talhao_Central,2022-12-16,23.691666666666666,28.9,18.9,0.8,5.3,0.43683333333333335,304.3333333333333,0.2137429023213111,2022-12,5.691666666666666,168.5125,483.5458333333333,179.60000000000002,146.9,32.70000000000002,-118.17000000000002,43.400000000000034,41.1,7948.375,0.0,0.0,-2.4492935982947064e-16,1.0,0.0
RP_Talhao_Central,2022-12-17,23.883333333333336,29.0,18.6,0.2,5.76,0.42087499999999994,319.2916666666667,0.2137429023213111,2022-12,5.883333333333336,166.42083333333332,486.1166666666667,179.8,145.38,34.420000000000016,-120.96000000000001,44.78,40.5,7935.5,0.0,0.0,-2.4492935982947064e-16,1.0,0.0
RP_Talhao_Central,2022-12-18,24.870833333333334,30.4,19.6,0.1,6.03,0.40408333333333335,322.0833333333333,0.2137429023213111,2022-12,6.870833333333334,165.13333333333333,486.64583333333326,179.9,144.21,35.69,-127.12,49.58000000000001,38.6,7943.458333333334,0.0,0.0,-2.4492935982947064e-16,1.0,0.0
RP_Talhao_Central,2022-12-19,22.020833333333332,25.2,20.5,17.6,2.31,0.3995,126.04166666666667,0.2137429023213111,2022-12,4.020833333333332,163.53749999999997,484.7708333333333,195.89999999999998,140.94,54.95999999999998,-128.51999999999998,50.940000000000026,37.7,7797.375,0.0,0.0,-2.4492935982947064e-16,1.0,0.0
RP_Talhao_Central,2022-12-20,21.9875,26.4,19.9,26.3,3.33,0.43533333333333335,200.29166666666666,0.2137429023213111,2022-12,3.9875000000000007,161.09583333333333,482.825,221.4,138.64000000000001,82.75999999999999,-135.04999999999998,55.19,33.80000000000001,7692.083333333333,0.0,0.0,-2.4492935982947064e-16,1.0,0.0
RP_Talhao_Central,2022-12-21,21.616666666666664,26.6,17.6,1.1,4.61,0.45412500000000006,258.4583333333333,0.2137429023213111,2022-12,3.6166666666666636,156.6875,483.13333333333327,222.4,137.02,85.38,-137.29,21.94999999999999,32.900000000000006,7651.541666666666,0.0,0.0,-2.4492935982947064e-16,1.0,0.0
RP_Talhao_Central,2022-12-22,21.804166666666664,27.4,16.2,0.4,5.61,0.4411666666666667,316.2083333333333,0.2137429023213111,2022-12,3.8041666666666636,153.83333333333331,486.025,216.9,137.70000000000002,79.19999999999999,-130.26999999999998,20.579999999999984,38.80000000000001,7722.208333333334,0.0,0.0,-2.4492935982947064e-16,1.0,0.0
RP_Talhao_Central,2022-12-23,22.75,29.5,18.2,0.1,5.49,0.42716666666666664,309.0833333333333,0.2137429023213111,2022-12,4.75,154.07916666666665,488.95833333333326,193.2,139.21,53.98999999999998,-104.06999999999998,19.599999999999994,62.60000000000001,7799.708333333333,0.0,0.0,-2.4492935982947064e-16,1.0,0.0
RP_Talhao_Central,2022-12-24,24.066666666666666,29.7,19.1,0.7,5.72,0.41954166666666665,312.8333333333333,0.2137429023213111,2022-12,6.066666666666666,155.68749999999997,488.97916666666663,185.0,140.32999999999998,44.670000000000016,-93.35000000000001,18.849999999999994,71.50000000000001,7849.458333333333,0.0,0.0,-2.4492935982947064e-16,1.0,0.0
RP_Talhao_Central,2022-12-25,23.625,29.8,20.1,12.2,4.91,0.4107083333333333,271.75,0.2137429023213111,2022-12,5.625,157.12916666666663,489.3083333333333,196.2,140.01999999999998,56.18000000000001,-90.77,7.22999999999999,72.50000000000001,7828.583333333333,0.0,0.0,-2.4492935982947064e-16,1.0,0.0
RP_Talhao_Central,2022-12-26,22.208333333333332,26.1,20.0,25.8,2.96,0.45845833333333336,178.375,0.2137429023213111,2022-12,4.208333333333332,156.95833333333331,490.4375,222.0,136.96,85.03999999999999,-91.45999999999998,-36.209999999999994,71.9,7678.166666666666,0.0,0.0,-2.4492935982947064e-16,1.0,0.0
RP_Talhao_Central,2022-12-27,22.695833333333336,26.7,20.3,44.4,4.01,0.4968333333333333,244.75,0.2137429023213111,2022-12,4.695833333333336,155.82916666666665,493.60416666666663,266.4,135.0,131.39999999999998,-93.22999999999998,-66.64999999999999,71.00000000000001,7606.125,0.0,0.0,-2.4492935982947064e-16,1.0,0.0
RP_Talhao_Central,2022-12-28,22.208333333333332,26.5,20.2,15.6,3.2399999999999998,0.5025000000000001,193.54166666666666,0.2137429023213111,2022-12,4.208333333333332,155.3125,495.61249999999995,265.9,133.12,132.77999999999997,-82.41,-65.55999999999997,81.30000000000001,7506.208333333333,0.0,0.0,-2.4492935982947064e-16,1.0,0.0
RP_Talhao_Central,2022-12-29,22.412499999999998,26.4,19.6,8.4,3.5100000000000002,0.5017083333333333,213.45833333333334,0.2137429023213111,2022-12,4.412499999999998,155.8875,497.68333333333334,267.70000000000005,132.42,135.28000000000006,-76.71000000000001,-70.93999999999997,85.4,7469.5,0.0,0.0,-2.4492935982947064e-16,1.0,0.0
RP_Talhao_Central,2022-12-30,22.53333333333333,27.5,19.4,25.1,4.18,0.4990833333333333,253.16666666666666,0.2137429023213111,2022-12,4.533333333333331,155.77499999999998,497.88333333333327,290.2,132.09,158.10999999999999,-86.97,-58.859999999999985,75.4,7466.791666666667,0.0,0.0,-2.4492935982947064e-16,1.0,0.0
RP_Talhao_Central,2022-12-31,23.5625,29.0,19.3,4.4,5.4,0.49395833333333333,315.25,0.2137429023213111,2022-12,5.5625,155.60416666666666,497.92499999999995,293.90000000000003,132.65,161.25000000000003,-89.23999999999998,-55.72000000000001,73.70000000000002,7504.416666666667,0.0,0.0,-2.4492935982947064e-16,1.0,0.0
RP_Talhao_Central,2023-01-01,23.491666666666664,29.3,19.9,5.7,4.97,0.49545833333333333,289.2916666666667,0.1957523618910109,2023-01,5.491666666666664,154.20833333333331,499.07916666666665,297.7,132.41,165.29,-90.01,-57.22999999999999,74.8,7505.25,0.0,0.0,0.49999999999999994,0.8660254037844387,0.0
RP_Talhao_Central,2023-01-02,23.28333333333333,29.2,19.0,2.0,4.95,0.48616666666666664,297.75,0.1957523618910109,2023-01,5.283333333333331,153.325,499.94999999999993,281.3,133.42999999999998,147.87000000000003,-73.05999999999999,-58.129999999999995,92.00000000000001,7590.125,0.0,0.0,0.49999999999999994,0.8660254037844387,0.0
RP_Talhao_Central,2023-01-03,22.433333333333334,26.2,19.3,4.0,3.24,0.4734583333333333,194.5,0.1957523618910109,2023-01,4.433333333333334,153.64166666666665,498.3166666666666,273.5,134.0,139.5,-58.849999999999994,-58.089999999999975,103.80000000000001,7627.291666666667,0.0,0.0,0.49999999999999994,0.8660254037844387,0.0
RP_Talhao_Central,2023-01-04,22.0625,25.4,20.4,15.8,2.63,0.49704166666666666,160.04166666666666,0.1957523618910109,2023-01,4.0625,153.67499999999998,495.24999999999994,271.1,134.32,136.78000000000003,-37.249999999999986,-62.31,122.00000000000001,7654.5,0.0,0.0,0.49999999999999994,0.8660254037844387,0.0
RP_Talhao_Central,2023-01-05,21.179166666666667,25.0,19.0,37.4,2.4699999999999998,0.5130416666666667,148.79166666666666,0.1957523618910109,2023-01,3.179166666666667,152.12916666666663,494.64583333333326,299.4,133.18,166.21999999999997,-26.70999999999998,-96.44999999999999,130.8,7590.25,0.0,0.0,0.49999999999999994,0.8660254037844387,0.0
RP_Talhao_Central,2023-01-06,20.704166666666666,25.8,17.8,18.1,2.82,0.5107916666666666,162.20833333333334,0.1957523618910109,2023-01,2.7041666666666657,150.42916666666665,493.6666666666667,304.1,133.04000000000002,171.06,-10.900000000000006,-97.00999999999998,143.6,7575.541666666666,0.0,0.0,0.49999999999999994,0.8660254037844387,0.0
RP_Talhao_Central,2023-01-07,20.412499999999998,24.5,16.9,6.7,2.77,0.507875,153.75,0.1957523618910109,2023-01,2.412499999999998,146.82916666666665,491.48749999999995,310.8,129.86,180.94,-11.31000000000003,-100.10999999999996,143.6,7396.125,0.0,0.0,0.49999999999999994,0.8660254037844387,0.0
RP_Talhao_Central,2023-01-08,20.583333333333332,25.0,18.1,29.2,2.45,0.5117083333333333,140.25,0.1957523618910109,2023-01,2.583333333333332,142.32916666666665,490.5291666666666,340.0,125.57,214.43,-13.110000000000014,-116.81999999999998,143.29999999999998,7176.041666666666,0.0,0.0,0.49999999999999994,0.8660254037844387,0.0
RP_Talhao_Central,2023-01-09,21.25,25.8,19.3,34.1,2.41,0.5147083333333333,146.125,0.1957523618910109,2023-01,3.25,138.31666666666666,487.5291666666666,374.1,121.82,252.28000000000003,-12.990000000000009,-119.92,143.29999999999998,6992.125,0.0,0.0,0.49999999999999994,0.8660254037844387,0.0
RP_Talhao_Central,2023-01-10,21.95,25.5,19.9,3.9,2.72,0.505,161.25,0.1957523618910109,2023-01,3.9499999999999993,134.96249999999998,485.3208333333333,377.3,118.79,258.51,-14.119999999999976,-118.51,143.0,6830.833333333333,0.0,0.0,0.49999999999999994,0.8660254037844387,0.0
RP_Talhao_Central,2023-01-11,23.0125,26.5,20.3,4.1000000000000005,4.08,0.5062083333333334,248.20833333333334,0.1957523618910109,2023-01,5.012499999999999,133.8833333333333,483.3958333333333,377.90000000000003,119.32000000000001,258.58000000000004,-8.77000000000001,-118.00999999999998,146.0,6894.791666666667,0.0,0.0,0.49999999999999994,0.8660254037844387,0.0
RP_Talhao_Central,2023-01-12,23.099999999999998,27.3,20.1,6.9,4.01,0.5059583333333334,236.95833333333334,0.1957523618910109,2023-01,5.099999999999998,135.35416666666663,481.62499999999994,352.9,121.6,231.29999999999998,27.610000000000014,-117.77999999999997,177.8,7023.208333333333,0.0,0.0,0.49999999999999994,0.8660254037844387,0.0
RP_Talhao_Central,2023-01-13,22.599999999999998,27.1,19.4,7.3,3.47,0.5005000000000001,211.91666666666666,0.1957523618910109,2023-01,4.599999999999998,135.50416666666666,480.1916666666666,358.40000000000003,120.97,237.43000000000004,30.399999999999977,-116.95999999999998,179.0,7010.375,0.0,0.0,0.49999999999999994,0.8660254037844387,0.0
RP_Talhao_Central,2023-01-14,24.03333333333333,29.0,20.2,4.3,5.18,0.49654166666666666,297.0833333333333,0.1957523618910109,2023-01,6.033333333333331,136.03333333333333,479.1166666666666,362.70000000000005,120.54,242.16000000000003,30.420000000000016,-116.87,178.8,6987.041666666667,0.0,0.0,0.49999999999999994,0.8660254037844387,0.0
RP_Talhao_Central,2023-01-15,24.579166666666666,29.4,19.8,2.6999999999999997,4.96,0.48008333333333336,289.1666666666667,0.1957523618910109,2023-01,6.579166666666666,136.9208333333333,478.2125,364.6,120.2,244.40000000000003,32.70000000000002,-118.17000000000002,179.60000000000002,6971.875,0.0,0.0,0.49999999999999994,0.8660254037844387,0.0
RP_Talhao_Central,2023-01-16,23.954166666666666,29.9,20.7,5.9,4.4399999999999995,0.47816666666666663,257.8333333333333,0.1957523618910109,2023-01,5.954166666666666,136.99166666666665,477.38333333333327,370.3,118.88000000000001,251.42000000000002,34.420000000000016,-120.96000000000001,179.8,6910.416666666667,0.0,0.0,0.49999999999999994,0.8660254037844387,0.0
RP_Talhao_Central,2023-01-17,24.454166666666666,29.8,19.8,0.7,5.59,0.47529166666666667,318.7083333333333,0.1957523618910109,2023-01,6.454166666666666,136.57499999999996,479.18749999999994,370.90000000000003,118.44,252.46000000000004,35.69,-127.12,179.9,6907.041666666666,0.0,0.0,0.49999999999999994,0.8660254037844387,0.0
RP_Talhao_Central,2023-01-18,24.254166666666666,29.8,20.1,1.7,5.23,0.4612083333333334,298.9166666666667,0.1957523618910109,2023-01,6.254166666666666,138.8083333333333,479.3791666666666,355.0,121.36,233.64,54.95999999999998,-128.51999999999998,195.89999999999998,7079.916666666667,0.0,0.0,0.49999999999999994,0.8660254037844387,0.0
RP_Talhao_Central,2023-01-19,23.829166666666666,28.6,19.6,0.5,4.46,0.449625,254.08333333333334,0.1957523618910109,2023-01,5.829166666666666,140.64999999999998,480.58333333333326,329.20000000000005,122.49000000000001,206.71000000000004,82.75999999999999,-135.04999999999998,221.4,7133.708333333333,0.0,0.0,0.49999999999999994,0.8660254037844387,0.0
RP_Talhao_Central,2023-01-20,22.425,26.9,20.2,21.5,3.7800000000000002,0.45779166666666665,233.91666666666666,0.1957523618910109,2023-01,4.425000000000001,141.4583333333333,479.0458333333333,349.6,121.66,227.94000000000003,85.38,-137.29,222.4,7109.166666666667,0.0,0.0,0.49999999999999994,0.8660254037844387,0.0
RP_Talhao_Central,2023-01-21,21.108333333333334,25.5,18.6,12.1,3.02,0.476,197.5,0.1957523618910109,2023-01,3.1083333333333343,140.7625,475.5874999999999,361.3,119.07000000000001,242.23000000000002,79.19999999999999,-130.26999999999998,216.9,6990.458333333333,0.0,0.0,0.49999999999999994,0.8660254037844387,0.0
RP_Talhao_Central,2023-01-22,22.616666666666664,27.9,19.1,27.1,4.4799999999999995,0.5024166666666666,264.9166666666667,0.1957523618910109,2023-01,4.616666666666664,140.62916666666666,473.16249999999997,388.3,118.05999999999999,270.24,53.98999999999998,-104.06999999999998,193.2,6946.291666666667,0.0,0.0,0.49999999999999994,0.8660254037844387,0.0
RP_Talhao_Central,2023-01-23,22.34583333333333,26.7,20.0,6.9,3.38,0.501375,204.5,0.1957523618910109,2023-01,4.345833333333331,138.9083333333333,470.22083333333325,394.50000000000006,115.72,278.7800000000001,44.670000000000016,-93.35000000000001,185.0,6837.958333333334,0.0,0.0,0.49999999999999994,0.8660254037844387,0.0
RP_Talhao_Central,2023-01-24,22.420833333333334,27.2,19.4,15.8,3.21,0.5051666666666667,184.625,0.1957523618910109,2023-01,4.420833333333334,137.70416666666665,466.5374999999999,398.1,114.02,284.08000000000004,56.18000000000001,-90.77,196.2,6750.833333333334,0.0,0.0,0.49999999999999994,0.8660254037844387,0.0
RP_Talhao_Central,2023-01-25,24.2,30.0,19.3,0.0,6.0,0.49062500000000003,334.4166666666667,0.1957523618910109,2023-01,6.199999999999999,139.6958333333333,464.51249999999993,372.3,117.06,255.24,85.03999999999999,-91.45999999999998,222.0,6906.875,0.0,0.0,0.49999999999999994,0.8660254037844387,0.0
RP_Talhao_Central,2023-01-26,24.729166666666668,29.6,20.2,0.0,5.92,0.4739583333333333,325.7916666666667,0.1957523618910109,2023-01,6.729166666666668,141.72916666666666,464.52916666666664,327.9,118.97,208.92999999999998,131.39999999999998,-93.22999999999998,266.4,6987.916666666667,0.0,0.0,0.49999999999999994,0.8660254037844387,0.0
RP_Talhao_Central,2023-01-27,23.891666666666666,29.0,19.9,6.2,4.9,0.462,282.6666666666667,0.1957523618910109,2023-01,5.891666666666666,143.41249999999997,462.8666666666666,318.50000000000006,120.63000000000001,197.87000000000006,132.77999999999997,-82.41,265.9,7077.041666666667,0.0,0.0,0.49999999999999994,0.8660254037844387,0.0
RP_Talhao_Central,2023-01-28,22.474999999999998,26.9,20.1,14.799999999999999,3.73,0.496875,232.375,0.1957523618910109,2023-01,4.474999999999998,143.47499999999997,459.8791666666666,324.9,120.85,204.04999999999998,135.28000000000006,-76.71000000000001,267.70000000000005,7095.958333333334,0.0,0.0,0.49999999999999994,0.8660254037844387,0.0
RP_Talhao_Central,2023-01-29,23.041666666666668,28.4,18.9,4.2,4.77,0.4892083333333333,280.3333333333333,0.1957523618910109,2023-01,5.041666666666668,143.98333333333332,458.80416666666656,304.00000000000006,121.44000000000001,182.56000000000006,158.10999999999999,-86.97,290.2,7123.125,0.0,0.0,0.49999999999999994,0.8660254037844387,0.0
RP_Talhao_Central,2023-01-30,22.504166666666666,28.0,19.7,10.200000000000001,4.22,0.5028750000000001,253.41666666666666,0.1957523618910109,2023-01,4.504166666666666,142.92499999999998,459.0583333333333,309.8,120.26,189.54000000000002,161.25000000000003,-89.23999999999998,293.90000000000003,7061.291666666667,0.0,0.0,0.49999999999999994,0.8660254037844387,0.0
RP_Talhao_Central,2023-01-31,23.708333333333332,29.3,19.2,1.1,4.65,0.48216666666666663,264.25,0.1957523618910109,2023-01,5.708333333333332,143.14166666666665,464.65,305.2,119.94,185.26,165.29,-90.01,297.7,7036.25,0.0,0.0,0.49999999999999994,0.8660254037844387,0.0
RP_Talhao_Central,2023-02-01,23.59166666666667,28.2,19.7,2.5,3.36,0.4731666666666667,186.5,0.2504184830237096,2023-02,5.591666666666669,143.45,470.2416666666666,305.7,118.35,187.35,147.87000000000003,-73.05999999999999,281.3,6925.0,0.0,0.0,0.8660254037844386,0.5000000000000001,0.0
RP_Talhao_Central,2023-02-02,22.733333333333334,28.0,20.6,19.7,2.65,0.4930833333333333,150.45833333333334,0.2504184830237096,2023-02,4.733333333333334,143.74999999999997,474.18749999999994,321.40000000000003,117.76,203.64000000000004,139.5,-58.849999999999994,273.5,6880.958333333333,0.0,0.0,0.8660254037844386,0.5000000000000001,0.0
RP_Talhao_Central,2023-02-03,23.941666666666666,29.0,19.6,0.1,4.31,0.5003333333333333,232.91666666666666,0.2504184830237096,2023-02,5.941666666666666,145.62916666666663,477.94583333333327,305.7,119.44,186.26,136.78000000000003,-37.249999999999986,271.1,6953.833333333334,0.0,0.0,0.8660254037844386,0.5000000000000001,0.0
RP_Talhao_Central,2023-02-04,23.837500000000002,28.6,20.2,3.0,4.72,0.4849583333333333,270.125,0.2504184830237096,2023-02,5.837500000000002,148.2875,480.8333333333333,271.3,121.69,149.61,166.21999999999997,-26.70999999999998,299.4,7075.166666666667,0.0,0.0,0.8660254037844386,0.5000000000000001,0.0
RP_Talhao_Central,2023-02-05,23.579166666666666,27.8,19.9,1.5,4.03,0.47212499999999996,234.16666666666666,0.2504184830237096,2023-02,5.579166666666666,151.16249999999997,482.8583333333333,254.70000000000002,122.9,131.8,171.06,-10.900000000000006,304.1,7147.125,0.0,0.0,0.8660254037844386,0.5000000000000001,0.0
RP_Talhao_Central,2023-02-06,24.120833333333334,28.7,20.2,0.1,4.51,0.45458333333333334,258.5,0.2504184830237096,2023-02,6.120833333333334,154.8708333333333,484.91666666666663,248.10000000000002,124.64,123.46000000000002,180.94,-11.31000000000003,310.8,7251.875,0.0,0.0,0.8660254037844386,0.5000000000000001,0.0
RP_Talhao_Central,2023-02-07,23.7375,28.6,19.6,7.199999999999999,4.77,0.43583333333333335,273.0416666666667,0.2504184830237096,2023-02,5.737500000000001,158.02499999999998,485.35416666666663,226.10000000000002,126.96000000000001,99.14000000000001,214.43,-13.110000000000014,340.0,7384.666666666667,0.0,0.0,0.8660254037844386,0.5000000000000001,0.0
RP_Talhao_Central,2023-02-08,24.070833333333336,30.4,20.2,14.4,5.39,0.42766666666666664,304.5833333333333,0.2504184830237096,2023-02,6.070833333333336,160.8458333333333,483.73749999999995,206.40000000000003,129.94,76.46000000000004,252.28000000000003,-12.990000000000009,374.1,7543.125,0.0,0.0,0.8660254037844386,0.5000000000000001,0.0
RP_Talhao_Central,2023-02-09,23.804166666666664,30.1,19.9,10.6,5.18,0.4126666666666667,297.9166666666667,0.2504184830237096,2023-02,5.804166666666664,162.7,482.6708333333333,213.10000000000002,132.4,80.70000000000002,258.51,-14.119999999999976,377.3,7679.791666666667,0.0,0.0,0.8660254037844386,0.5000000000000001,0.0
RP_Talhao_Central,2023-02-10,23.349999999999998,29.1,19.4,0.7000000000000001,4.5200000000000005,0.40487500000000004,266.9583333333333,0.2504184830237096,2023-02,5.349999999999998,163.0375,480.3166666666666,209.70000000000002,132.84,76.86000000000001,258.58000000000004,-8.77000000000001,377.90000000000003,7698.541666666666,0.0,0.0,0.8660254037844386,0.5000000000000001,0.0
RP_Talhao_Central,2023-02-11,22.516666666666666,27.3,20.1,7.4,2.62,0.41204166666666664,148.25,0.2504184830237096,2023-02,4.516666666666666,162.45416666666668,476.0041666666666,210.20000000000002,131.45,78.75000000000003,231.29999999999998,27.610000000000014,352.9,7609.833333333333,0.0,0.0,0.8660254037844386,0.5000000000000001,0.0
RP_Talhao_Central,2023-02-12,22.441666666666666,26.4,20.4,9.1,2.5,0.44004166666666666,149.70833333333334,0.2504184830237096,2023-02,4.441666666666666,162.29583333333332,471.9375,212.0,130.48000000000002,81.51999999999998,237.43000000000004,30.399999999999977,358.40000000000003,7547.625,0.0,0.0,0.8660254037844386,0.5000000000000001,0.0
RP_Talhao_Central,2023-02-13,23.416666666666668,29.1,19.3,1.5,4.08,0.4482916666666667,235.20833333333334,0.2504184830237096,2023-02,5.416666666666668,161.67916666666665,469.07083333333327,209.20000000000002,129.38,79.82000000000002,242.16000000000003,30.420000000000016,362.70000000000005,7485.75,0.0,0.0,0.8660254037844386,0.5000000000000001,0.0
RP_Talhao_Central,2023-02-14,24.616666666666664,30.1,19.4,0.2,5.07,0.43887499999999996,287.2083333333333,0.2504184830237096,2023-02,6.616666666666664,161.71666666666667,467.15,206.70000000000002,129.49,77.21000000000001,244.40000000000003,32.70000000000002,364.6,7483.791666666666,0.0,0.0,0.8660254037844386,0.5000000000000001,0.0
RP_Talhao_Central,2023-02-15,24.97083333333333,30.5,20.1,2.3,4.33,0.427875,238.125,0.2504184830237096,2023-02,6.970833333333331,162.73333333333332,466.14583333333326,203.10000000000002,129.38,73.72000000000003,251.42000000000002,34.420000000000016,370.3,7464.083333333333,0.0,0.0,0.8660254037844386,0.5000000000000001,0.0
RP_Talhao_Central,2023-02-16,24.854166666666668,30.0,21.2,2.2,4.85,0.422375,271.8333333333333,0.2504184830237096,2023-02,6.854166666666668,163.13333333333333,464.8416666666666,204.60000000000002,128.64000000000001,75.96000000000001,252.46000000000004,35.69,370.90000000000003,7417.208333333334,0.0,0.0,0.8660254037844386,0.5000000000000001,0.0
RP_Talhao_Central,2023-02-17,23.974999999999998,29.9,21.0,8.0,4.01,0.41604166666666664,233.0,0.2504184830237096,2023-02,5.974999999999998,162.85416666666666,465.2,210.90000000000003,127.42,83.48000000000003,233.64,54.95999999999998,355.0,7351.291666666667,0.0,0.0,0.8660254037844386,0.5000000000000001,0.0
RP_Talhao_Central,2023-02-18,22.833333333333332,27.7,20.2,13.799999999999999,3.05,0.4163333333333333,176.5,0.2504184830237096,2023-02,4.833333333333332,161.85833333333332,463.60416666666663,224.20000000000002,126.01,98.19000000000001,206.71000000000004,82.75999999999999,329.20000000000005,7273.708333333334,0.0,0.0,0.8660254037844386,0.5000000000000001,0.0
RP_Talhao_Central,2023-02-19,22.46666666666667,27.3,19.1,6.9,3.57,0.4539166666666667,207.04166666666666,0.2504184830237096,2023-02,4.466666666666669,161.9,460.0458333333333,209.60000000000002,125.8,83.80000000000003,227.94000000000003,85.38,349.6,7246.833333333333,0.0,0.0,0.8660254037844386,0.5000000000000001,0.0
RP_Talhao_Central,2023-02-20,23.5625,29.2,19.0,4.8999999999999995,5.09,0.447875,299.375,0.2504184830237096,2023-02,5.5625,164.35416666666666,458.95,202.40000000000003,127.86999999999999,74.53000000000004,242.23000000000002,79.19999999999999,361.3,7348.708333333333,0.0,0.0,0.8660254037844386,0.5000000000000001,0.0
RP_Talhao_Central,2023-02-21,22.425,27.3,19.5,7.3999999999999995,3.11,0.45716666666666667,176.79166666666666,0.2504184830237096,2023-02,4.425000000000001,164.16250000000002,458.8708333333333,182.70000000000002,126.5,56.20000000000002,270.24,53.98999999999998,388.3,7260.583333333333,0.0,0.0,0.8660254037844386,0.5000000000000001,0.0
RP_Talhao_Central,2023-02-22,23.695833333333336,29.1,20.5,10.4,4.32,0.45083333333333336,250.5,0.2504184830237096,2023-02,5.695833333333336,165.5125,460.1083333333333,186.20000000000002,127.44,58.76000000000002,278.7800000000001,44.670000000000016,394.50000000000006,7306.583333333333,0.0,0.0,0.8660254037844386,0.5000000000000001,0.0
RP_Talhao_Central,2023-02-23,23.741666666666664,29.1,20.1,4.2,4.88,0.45825000000000005,279.1666666666667,0.2504184830237096,2023-02,5.741666666666664,166.83333333333331,461.66666666666663,174.60000000000002,129.11,45.49000000000001,284.08000000000004,56.18000000000001,398.1,7401.125,0.0,0.0,0.8660254037844386,0.5000000000000001,0.0
RP_Talhao_Central,2023-02-24,23.474999999999998,28.0,19.6,3.1,4.82,0.4538333333333333,284.3333333333333,0.2504184830237096,2023-02,5.474999999999998,166.10833333333335,462.76249999999993,177.70000000000002,127.93,49.77000000000001,255.24,85.03999999999999,372.3,7351.041666666667,0.0,0.0,0.8660254037844386,0.5000000000000001,0.0
RP_Talhao_Central,2023-02-25,24.508333333333336,30.0,19.7,0.4,5.07,0.435125,292.9583333333333,0.2504184830237096,2023-02,6.508333333333336,165.8875,463.44583333333327,178.10000000000002,127.08,51.020000000000024,208.92999999999998,131.39999999999998,327.9,7318.208333333333,0.0,0.0,0.8660254037844386,0.5000000000000001,0.0
RP_Talhao_Central,2023-02-26,24.495833333333334,29.9,20.2,0.5,4.42,0.4257916666666666,244.29166666666666,0.2504184830237096,2023-02,6.495833333333334,166.49166666666667,465.21666666666664,172.4,126.6,45.80000000000001,197.87000000000006,132.77999999999997,318.50000000000006,7279.833333333333,0.0,0.0,0.8660254037844386,0.5000000000000001,0.0
RP_Talhao_Central,2023-02-27,25.28333333333333,31.8,20.6,1.7,5.23,0.41287499999999994,286.0416666666667,0.2504184830237096,2023-02,7.283333333333331,169.3,468.66249999999997,159.3,128.1,31.200000000000017,204.04999999999998,135.28000000000006,324.9,7333.5,0.0,0.0,0.8660254037844386,0.5000000000000001,0.0
RP_Talhao_Central,2023-02-28,24.72083333333333,30.7,21.1,1.7000000000000002,5.24,0.402375,286.0833333333333,0.2504184830237096,2023-02,6.720833333333331,170.97916666666666,470.73749999999995,156.8,128.57,28.230000000000018,182.56000000000006,158.10999999999999,304.00000000000006,7339.25,0.0,0.0,0.8660254037844386,0.5000000000000001,0.0
RP_Talhao_Central,2023-03-01,24.433333333333334,30.1,20.1,0.0,5.05,0.39408333333333334,283.9166666666667,0.2534904766697756,2023-03,6.433333333333334,172.90833333333333,471.43749999999994,146.60000000000002,129.4,17.200000000000017,189.54000000000002,161.25000000000003,309.8,7369.75,0.0,0.0,1.0,6.123233995736766e-17,0.0
RP_Talhao_Central,2023-03-02,24.366666666666664,30.9,19.2,0.4,4.8,0.386125,263.5416666666667,0.2534904766697756,2023-03,6.366666666666664,173.56666666666663,470.91666666666663,145.90000000000003,129.55,16.350000000000023,185.26,165.29,305.2,7369.041666666666,0.0,0.0,1.0,6.123233995736766e-17,0.0
RP_Talhao_Central,2023-03-03,25.133333333333336,31.0,20.2,1.2999999999999998,5.2700000000000005,0.3774583333333333,289.5833333333333,0.2534904766697756,2023-03,7.133333333333336,175.10833333333332,471.88333333333327,144.70000000000002,131.46,13.240000000000009,187.35,147.87000000000003,305.7,7472.125,0.0,0.0,1.0,6.123233995736766e-17,0.0
RP_Talhao_Central,2023-03-04,24.491666666666664,30.4,20.7,12.8,4.6000000000000005,0.36962500000000004,257.7916666666667,0.2534904766697756,2023-03,6.491666666666664,176.86666666666665,474.2583333333333,137.8,133.41,4.390000000000015,203.64000000000004,139.5,321.40000000000003,7579.458333333333,0.0,0.0,1.0,6.123233995736766e-17,0.0
RP_Talhao_Central,2023-03-05,23.28333333333333,29.4,19.5,5.6000000000000005,4.11,0.362875,235.41666666666666,0.2534904766697756,2023-03,5.283333333333331,176.20833333333331,475.51249999999993,143.30000000000004,133.21,10.090000000000032,186.26,136.78000000000003,305.7,7581.958333333333,0.0,0.0,1.0,6.123233995736766e-17,0.0
RP_Talhao_Central,2023-03-06,23.125,29.5,19.7,11.1,4.51,0.3759166666666667,269.4583333333333,0.2534904766697756,2023-03,5.125,175.4958333333333,475.9124999999999,151.40000000000003,133.0,18.400000000000034,149.61,166.21999999999997,271.3,7581.291666666666,0.0,0.0,1.0,6.123233995736766e-17,0.0
RP_Talhao_Central,2023-03-07,22.583333333333332,28.5,18.5,4.6,4.4799999999999995,0.4017916666666667,272.7916666666667,0.2534904766697756,2023-03,4.583333333333332,174.49999999999997,476.09166666666664,154.50000000000003,133.45,21.05000000000004,131.8,171.06,254.70000000000002,7619.916666666667,0.0,0.0,1.0,6.123233995736766e-17,0.0
RP_Talhao_Central,2023-03-08,24.03333333333333,29.5,18.8,0.7,4.72,0.40075,271.5833333333333,0.2534904766697756,2023-03,6.033333333333331,174.4125,476.11249999999995,155.1,133.66,21.439999999999998,123.46000000000002,180.94,248.10000000000002,7633.0,0.0,0.0,1.0,6.123233995736766e-17,0.0
RP_Talhao_Central,2023-03-09,23.724999999999998,29.0,21.0,16.2,3.98,0.3950416666666667,232.0,0.2534904766697756,2023-03,5.724999999999998,174.39999999999998,474.7541666666666,164.10000000000002,132.87,31.230000000000018,99.14000000000001,214.43,226.10000000000002,7591.958333333333,0.0,0.0,1.0,6.123233995736766e-17,0.0
RP_Talhao_Central,2023-03-10,22.95,29.4,20.1,12.9,3.5100000000000002,0.3955416666666667,209.33333333333334,0.2534904766697756,2023-03,4.949999999999999,173.27916666666664,472.4416666666666,162.60000000000002,130.99,31.610000000000014,76.46000000000004,252.28000000000003,206.40000000000003,7496.708333333334,0.0,0.0,1.0,6.123233995736766e-17,0.0
RP_Talhao_Central,2023-03-11,22.695833333333336,27.5,20.1,9.9,3.73,0.42170833333333335,221.625,0.2534904766697756,2023-03,4.695833333333336,172.17083333333332,469.83333333333326,161.9,129.54,32.360000000000014,80.70000000000002,258.51,213.10000000000002,7420.416666666667,0.0,0.0,1.0,6.123233995736766e-17,0.0
RP_Talhao_Central,2023-03-12,23.620833333333334,28.4,20.2,0.7,4.41,0.437125,256.5833333333333,0.2534904766697756,2023-03,5.620833333333334,172.44166666666666,469.36249999999995,161.90000000000003,129.43,32.47000000000003,76.86000000000001,258.58000000000004,209.70000000000002,7410.041666666667,0.0,0.0,1.0,6.123233995736766e-17,0.0
RP_Talhao_Central,2023-03-13,22.8125,25.6,19.7,3.1,2.9,0.4375833333333334,171.83333333333334,0.2534904766697756,2023-03,4.8125,172.73749999999998,470.5458333333333,157.60000000000002,129.71,27.890000000000015,78.75000000000003,231.29999999999998,210.20000000000002,7433.625,0.0,0.0,1.0,6.123233995736766e-17,0.0
RP_Talhao_Central,2023-03-14,22.979166666666668,27.9,20.5,9.700000000000001,3.44,0.4389166666666667,202.91666666666666,0.2534904766697756,2023-03,4.979166666666668,173.27499999999998,471.075,158.20000000000002,130.65,27.55000000000001,81.51999999999998,237.43000000000004,212.0,7486.833333333333,0.0,0.0,1.0,6.123233995736766e-17,0.0
RP_Talhao_Central,2023-03-15,23.8,28.8,20.4,0.1,3.89,0.4542083333333333,211.625,0.2534904766697756,2023-03,5.800000000000001,173.65833333333333,471.3708333333333,156.80000000000004,130.46,26.340000000000032,79.82000000000002,242.16000000000003,209.20000000000002,7463.25,0.0,0.0,1.0,6.123233995736766e-17,0.0
RP_Talhao_Central,2023-03-16,24.020833333333332,29.1,20.2,0.0,4.6899999999999995,0.45445833333333335,265.2916666666667,0.2534904766697756,2023-03,6.020833333333332,173.06249999999997,471.7,156.60000000000002,130.07999999999998,26.52000000000004,77.21000000000001,244.40000000000003,206.70000000000002,7441.333333333334,0.0,0.0,1.0,6.123233995736766e-17,0.0
RP_Talhao_Central,2023-03-17,23.325,28.0,19.6,0.0,4.4,0.443875,240.91666666666666,0.2534904766697756,2023-03,5.324999999999999,171.41666666666666,471.1416666666666,154.30000000000004,130.15,24.150000000000034,73.72000000000003,251.42000000000002,203.10000000000002,7444.125,0.0,0.0,1.0,6.123233995736766e-17,0.0
RP_Talhao_Central,2023-03-18,23.695833333333336,29.1,18.7,0.0,4.93,0.43212500000000004,277.1666666666667,0.2534904766697756,2023-03,5.695833333333336,170.25833333333333,469.9666666666666,152.10000000000002,130.23000000000002,21.870000000000005,75.96000000000001,252.46000000000004,204.60000000000002,7449.458333333333,0.0,0.0,1.0,6.123233995736766e-17,0.0
RP_Talhao_Central,2023-03-19,24.041666666666668,29.8,19.6,0.8999999999999999,4.64,0.4187083333333333,254.41666666666666,0.2534904766697756,2023-03,6.041666666666668,170.325,471.98749999999995,145.0,130.85999999999999,14.140000000000015,83.48000000000003,233.64,210.90000000000003,7470.875,0.0,0.0,1.0,6.123233995736766e-17,0.0
RP_Talhao_Central,2023-03-20,23.820833333333336,29.5,20.5,1.2999999999999998,4.61,0.403125,262.375,0.2534904766697756,2023-03,5.820833333333336,171.3125,473.82083333333327,132.50000000000003,132.42000000000002,0.0800000000000125,98.19000000000001,206.71000000000004,224.20000000000002,7556.75,0.0,0.0,1.0,6.123233995736766e-17,0.0
RP_Talhao_Central,2023-03-21,23.883333333333336,30.0,18.8,0.0,4.77,0.3899166666666667,272.125,0.2534904766697756,2023-03,5.883333333333336,172.72916666666666,476.0875,125.60000000000002,133.62,-8.019999999999982,83.80000000000003,227.94000000000003,209.60000000000002,7621.833333333334,0.0,0.0,1.0,6.123233995736766e-17,0.0
RP_Talhao_Central,2023-03-22,24.75,30.8,19.7,0.1,4.91,0.38066666666666665,264.9583333333333,0.2534904766697756,2023-03,6.75,173.91666666666666,479.0333333333333,120.80000000000001,133.44,-12.639999999999986,74.53000000000004,242.23000000000002,202.40000000000003,7587.416666666667,0.0,0.0,1.0,6.123233995736766e-17,0.0
RP_Talhao_Central,2023-03-23,25.037499999999998,30.7,20.5,0.0,5.12,0.37279166666666663,273.0416666666667,0.2534904766697756,2023-03,7.037499999999998,176.52916666666667,481.3208333333333,113.4,135.45,-22.049999999999983,56.20000000000002,270.24,182.70000000000002,7683.666666666666,0.0,0.0,1.0,6.123233995736766e-17,0.0
RP_Talhao_Central,2023-03-24,25.25,31.0,19.6,0.0,5.0600000000000005,0.36304166666666665,273.375,0.2534904766697756,2023-03,7.25,178.08333333333331,482.50416666666666,103.00000000000001,136.19,-33.18999999999998,58.76000000000002,278.7800000000001,186.20000000000002,7706.541666666666,0.0,0.0,1.0,6.123233995736766e-17,0.0
RP_Talhao_Central,2023-03-25,25.8,31.8,20.3,0.0,5.09,0.3535,276.75,0.2534904766697756,2023-03,7.800000000000001,180.14166666666665,484.6791666666667,98.80000000000001,136.4,-37.599999999999994,45.49000000000001,284.08000000000004,174.60000000000002,7704.125,0.0,0.0,1.0,6.123233995736766e-17,0.0
RP_Talhao_Central,2023-03-26,26.020833333333332,31.9,20.1,0.0,5.1,0.345875,263.4583333333333,0.2534904766697756,2023-03,8.020833333333332,182.6875,488.4916666666666,95.70000000000002,136.68,-40.97999999999999,49.77000000000001,255.24,177.70000000000002,7683.25,0.0,0.0,1.0,6.123233995736766e-17,0.0
RP_Talhao_Central,2023-03-27,25.683333333333334,31.6,21.0,0.2,4.85,0.339,251.16666666666666,0.2534904766697756,2023-03,7.683333333333334,183.8625,491.47916666666663,95.50000000000001,136.45999999999998,-40.959999999999965,51.020000000000024,208.92999999999998,178.10000000000002,7641.458333333333,0.0,0.0,1.0,6.123233995736766e-17,0.0
RP_Talhao_Central,2023-03-28,24.537499999999998,31.4,20.8,10.9,4.29,0.3334166666666667,228.75,0.2534904766697756,2023-03,6.537499999999998,183.90416666666667,493.8083333333333,105.90000000000002,136.33,-30.429999999999993,45.80000000000001,197.87000000000006,172.4,7625.916666666666,0.0,0.0,1.0,6.123233995736766e-17,0.0
RP_Talhao_Central,2023-03-29,23.570833333333336,30.8,20.2,10.200000000000001,3.83,0.33516666666666667,223.41666666666666,0.2534904766697756,2023-03,5.570833333333336,182.19166666666666,494.96666666666664,114.40000000000002,134.93,-20.529999999999987,31.200000000000017,204.04999999999998,159.3,7563.291666666666,0.0,0.0,1.0,6.123233995736766e-17,0.0
RP_Talhao_Central,2023-03-30,24.120833333333334,30.2,20.3,0.7999999999999999,4.23,0.3475,242.75,0.2534904766697756,2023-03,6.120833333333334,181.59166666666667,496.5541666666667,113.50000000000001,133.92000000000002,-20.42,28.230000000000018,182.56000000000006,156.8,7519.958333333333,0.0,0.0,1.0,6.123233995736766e-17,0.0
RP_Talhao_Central,2023-03-31,24.462500000000002,30.9,19.8,0.5,4.73,0.35233333333333333,258.625,0.2534904766697756,2023-03,6.462500000000002,181.62083333333334,497.45416666666665,114.00000000000001,133.6,-19.59999999999998,17.200000000000017,189.54000000000002,146.60000000000002,7494.666666666666,0.0,0.0,1.0,6.123233995736766e-17,0.0
RP_Talhao_Central,2023-04-01,24.008333333333336,29.6,19.1,0.0,4.67,0.3507916666666666,264.625,0.2649320656333523,2023-04,6.008333333333336,181.26250000000002,497.9708333333333,113.60000000000002,133.47,-19.869999999999976,16.350000000000023,185.26,145.90000000000003,7495.75,0.0,0.0,0.8660254037844388,-0.4999999999999998,0.0
RP_Talhao_Central,2023-04-02,23.47083333333333,29.4,18.6,0.0,5.13,0.34824999999999995,268.2083333333333,0.2649320656333523,2023-04,5.470833333333331,179.6,498.15833333333336,112.30000000000003,133.32999999999998,-21.02999999999996,13.240000000000009,187.35,144.70000000000002,7474.374999999999,0.0,0.0,0.8660254037844388,-0.4999999999999998,0.0
RP_Talhao_Central,2023-04-03,22.745833333333334,28.7,18.2,0.8,4.42,0.343375,245.91666666666666,0.2649320656333523,2023-04,4.745833333333334,177.85416666666669,498.47083333333336,100.30000000000001,133.15,-32.849999999999994,4.390000000000015,203.64000000000004,137.8,7462.5,0.0,0.0,0.8660254037844388,-0.4999999999999998,0.0
RP_Talhao_Central,2023-04-04,23.229166666666668,29.2,18.8,0.4,4.46,0.33745833333333336,256.1666666666667,0.2649320656333523,2023-04,5.229166666666668,177.8,499.6375,95.10000000000002,133.5,-38.39999999999998,10.090000000000032,186.26,143.30000000000004,7483.25,0.0,0.0,0.8660254037844388,-0.4999999999999998,0.0
RP_Talhao_Central,2023-04-05,22.900000000000002,28.9,18.8,2.1,3.85,0.33279166666666665,215.95833333333334,0.2649320656333523,2023-04,4.900000000000002,177.57500000000002,501.35833333333335,86.10000000000002,132.84,-46.73999999999998,18.400000000000034,149.61,151.40000000000003,7429.75,0.0,0.0,0.8660254037844388,-0.4999999999999998,0.0
RP_Talhao_Central,2023-04-06,23.266666666666666,30.3,18.8,4.2,4.2299999999999995,0.32583333333333336,229.375,0.2649320656333523,2023-04,5.266666666666666,178.25833333333335,503.9208333333333,85.70000000000002,132.59,-46.889999999999986,21.05000000000004,131.8,154.50000000000003,7386.333333333333,0.0,0.0,0.8660254037844388,-0.4999999999999998,0.0
RP_Talhao_Central,2023-04-07,21.166666666666668,25.1,19.3,26.0,1.9,0.324,111.91666666666667,0.2649320656333523,2023-04,3.166666666666668,175.39166666666668,504.675,111.00000000000001,129.76999999999998,-18.769999999999968,21.439999999999998,123.46000000000002,155.1,7226.666666666667,0.0,0.0,0.8660254037844388,-0.4999999999999998,0.0
RP_Talhao_Central,2023-04-08,22.087500000000002,27.2,18.5,7.4,3.39,0.33991666666666664,199.20833333333334,0.2649320656333523,2023-04,4.087500000000002,173.7541666666667,506.1791666666667,102.20000000000002,129.18,-26.97999999999999,31.230000000000018,99.14000000000001,164.10000000000002,7193.875,0.0,0.0,0.8660254037844388,-0.4999999999999998,0.0
RP_Talhao_Central,2023-04-09,21.741666666666664,25.1,19.1,1.5,2.23,0.36375,123.08333333333333,0.2649320656333523,2023-04,3.7416666666666636,172.54583333333335,506.67083333333335,90.80000000000003,127.9,-37.09999999999998,31.610000000000014,76.46000000000004,162.60000000000002,7107.624999999999,0.0,0.0,0.8660254037844388,-0.4999999999999998,0.0
RP_Talhao_Central,2023-04-10,22.1875,27.9,17.3,0.3,4.3,0.36508333333333337,252.66666666666666,0.2649320656333523,2023-04,4.1875,172.03750000000002,506.9083333333333,81.20000000000002,128.47,-47.26999999999998,32.360000000000014,80.70000000000002,161.9,7138.666666666666,0.0,0.0,0.8660254037844388,-0.4999999999999998,0.0
RP_Talhao_Central,2023-04-11,22.641666666666666,28.2,17.8,0.4,4.17,0.3605833333333333,239.91666666666666,0.2649320656333523,2023-04,4.641666666666666,171.05833333333334,506.53749999999997,80.9,128.23,-47.329999999999984,32.47000000000003,76.86000000000001,161.90000000000003,7122.0,0.0,0.0,0.8660254037844388,-0.4999999999999998,0.0
RP_Talhao_Central,2023-04-12,21.279166666666665,25.9,19.1,8.4,2.23,0.3774583333333333,134.79166666666666,0.2649320656333523,2023-04,3.279166666666665,169.525,504.7166666666667,86.20000000000002,127.55999999999999,-41.35999999999997,27.890000000000015,78.75000000000003,157.60000000000002,7084.958333333333,0.0,0.0,0.8660254037844388,-0.4999999999999998,0.0
RP_Talhao_Central,2023-04-13,22.366666666666664,28.4,17.9,0.1,3.79,0.4615833333333334,227.625,0.2649320656333523,2023-04,4.366666666666664,168.91250000000002,504.4833333333333,76.60000000000001,127.91,-51.30999999999999,27.55000000000001,81.51999999999998,158.20000000000002,7109.666666666666,0.0,0.0,0.8660254037844388,-0.4999999999999998,0.0
RP_Talhao_Central,2023-04-14,21.245833333333334,25.3,18.1,17.9,2.36,0.45966666666666667,144.91666666666666,0.2649320656333523,2023-04,3.2458333333333336,166.35833333333335,501.6958333333333,94.40000000000002,126.38,-31.979999999999976,26.340000000000032,79.82000000000002,156.80000000000004,7042.958333333333,0.0,0.0,0.8660254037844388,-0.4999999999999998,0.0
RP_Talhao_Central,2023-04-15,21.670833333333334,26.5,17.9,0.5,3.15,0.4729583333333333,186.70833333333334,0.2649320656333523,2023-04,3.6708333333333343,164.00833333333335,498.78749999999997,94.90000000000002,124.84,-29.939999999999984,26.52000000000004,77.21000000000001,156.60000000000002,6964.374999999999,0.0,0.0,0.8660254037844388,-0.4999999999999998,0.0
RP_Talhao_Central,2023-04-16,22.270833333333332,28.3,17.5,0.0,4.09,0.45820833333333333,247.5,0.2649320656333523,2023-04,4.270833333333332,162.95416666666668,497.10416666666663,94.90000000000002,124.52999999999999,-29.629999999999967,24.150000000000034,73.72000000000003,154.30000000000004,6970.958333333333,0.0,0.0,0.8660254037844388,-0.4999999999999998,0.0
RP_Talhao_Central,2023-04-17,22.625,28.5,18.1,1.7,3.77,0.44495833333333334,218.58333333333334,0.2649320656333523,2023-04,4.625,161.88333333333335,495.275,96.60000000000002,123.37,-26.769999999999982,21.870000000000005,75.96000000000001,152.10000000000002,6912.375,0.0,0.0,0.8660254037844388,-0.4999999999999998,0.0
RP_Talhao_Central,2023-04-18,23.441666666666666,28.3,20.0,0.6000000000000001,3.42,0.43533333333333335,186.79166666666666,0.2649320656333523,2023-04,5.441666666666666,161.28333333333336,494.4625,96.30000000000001,122.15,-25.849999999999994,14.140000000000015,83.48000000000003,145.0,6844.749999999999,0.0,0.0,0.8660254037844388,-0.4999999999999998,0.0
RP_Talhao_Central,2023-04-19,22.22083333333333,26.6,17.6,15.299999999999999,3.45,0.47825,192.91666666666666,0.2649320656333523,2023-04,4.220833333333331,159.68333333333334,492.8541666666667,110.30000000000001,120.99,-10.689999999999984,0.0800000000000125,98.19000000000001,132.50000000000003,6775.291666666667,0.0,0.0,0.8660254037844388,-0.4999999999999998,0.0
RP_Talhao_Central,2023-04-20,17.929166666666667,22.8,12.8,0.0,3.96,0.47583333333333333,252.04166666666666,0.2649320656333523,2023-04,0.0,153.8,488.4291666666667,110.30000000000001,120.18,-9.879999999999995,-8.019999999999982,83.80000000000003,125.60000000000002,6755.208333333333,0.0,0.0,0.8660254037844388,-0.4999999999999998,0.0
RP_Talhao_Central,2023-04-21,18.270833333333332,25.2,12.1,0.0,4.13,0.45812500000000006,252.66666666666666,0.2649320656333523,2023-04,0.27083333333333215,147.32083333333333,485.59166666666664,110.20000000000002,119.4,-9.199999999999989,-12.639999999999986,74.53000000000004,120.80000000000001,6742.916666666666,0.0,0.0,0.8660254037844388,-0.4999999999999998,0.0
RP_Talhao_Central,2023-04-22,20.7625,26.8,16.3,0.0,3.98,0.443125,231.41666666666666,0.2649320656333523,2023-04,2.7624999999999993,143.04583333333335,483.73749999999995,110.20000000000002,118.26,-8.059999999999988,-22.049999999999983,56.20000000000002,113.4,6701.291666666667,0.0,0.0,0.8660254037844388,-0.4999999999999998,0.0
RP_Talhao_Central,2023-04-23,20.420833333333334,26.3,15.8,0.0,4.22,0.42975,246.04166666666666,0.2649320656333523,2023-04,2.4208333333333343,138.21666666666667,481.8125,110.20000000000002,117.42,-7.219999999999985,-33.18999999999998,58.76000000000002,103.00000000000001,6673.958333333333,0.0,0.0,0.8660254037844388,-0.4999999999999998,0.0
RP_Talhao_Central,2023-04-24,20.329166666666666,26.8,15.2,0.0,4.37,0.4163333333333333,242.91666666666666,0.2649320656333523,2023-04,2.3291666666666657,132.74583333333334,479.7208333333333,110.20000000000002,116.7,-6.499999999999986,-37.599999999999994,45.49000000000001,98.80000000000001,6640.125,0.0,0.0,0.8660254037844388,-0.4999999999999998,0.0
RP_Talhao_Central,2023-04-25,20.650000000000002,26.7,15.3,0.0,3.31,0.405375,184.04166666666666,0.2649320656333523,2023-04,2.650000000000002,127.375,476.17083333333335,110.20000000000002,114.91,-4.7099999999999795,-40.97999999999999,49.77000000000001,95.70000000000002,6560.708333333333,0.0,0.0,0.8660254037844388,-0.4999999999999998,0.0
RP_Talhao_Central,2023-04-26,19.75,22.2,17.4,5.7,1.59,0.39770833333333333,89.625,0.2649320656333523,2023-04,1.75,121.44166666666666,471.19166666666666,115.70000000000002,111.64999999999999,4.050000000000026,-40.959999999999965,51.020000000000024,95.50000000000001,6399.166666666667,0.0,0.0,0.8660254037844388,-0.4999999999999998,0.0
RP_Talhao_Central,2023-04-27,20.520833333333332,26.0,15.9,0.7000000000000001,3.15,0.39083333333333337,189.83333333333334,0.2649320656333523,2023-04,2.520833333333332,117.42500000000001,467.8208333333333,105.50000000000001,110.51,-5.009999999999991,-30.429999999999993,45.80000000000001,105.90000000000002,6360.25,0.0,0.0,0.8660254037844388,-0.4999999999999998,0.0
RP_Talhao_Central,2023-04-28,20.929166666666667,25.6,16.6,1.3,3.36,0.385875,205.16666666666666,0.2649320656333523,2023-04,2.929166666666667,114.78333333333333,466.275,96.60000000000001,110.04,-13.439999999999998,-20.529999999999987,31.200000000000017,114.40000000000002,6342.0,0.0,0.0,0.8660254037844388,-0.4999999999999998,0.0
RP_Talhao_Central,2023-04-29,21.016666666666666,27.3,16.0,0.0,3.69,0.379375,217.83333333333334,0.2649320656333523,2023-04,3.0166666666666657,111.67916666666666,464.25,95.80000000000001,109.5,-13.699999999999989,-20.42,28.230000000000018,113.50000000000001,6317.083333333333,0.0,0.0,0.8660254037844388,-0.4999999999999998,0.0
RP_Talhao_Central,2023-04-30,21.179166666666667,27.3,15.7,0.0,3.72,0.37329166666666663,223.04166666666666,0.2649320656333523,2023-04,3.179166666666667,108.39583333333334,462.92499999999995,95.30000000000001,108.49,-13.189999999999984,-19.59999999999998,17.200000000000017,114.00000000000001,6281.5,0.0,0.0,0.8660254037844388,-0.4999999999999998,0.0
RP_Talhao_Central,2023-05-01,20.520833333333332,26.9,14.9,0.0,3.91,0.368125,230.70833333333334,0.258649393221472,2023-05,2.520833333333332,104.90833333333333,459.7375,95.30000000000001,107.72999999999999,-12.429999999999978,-19.869999999999976,16.350000000000023,113.60000000000002,6247.583333333333,0.0,0.0,0.49999999999999994,-0.8660254037844387,0.0
RP_Talhao_Central,2023-05-02,20.108333333333334,27.1,14.7,0.0,3.87,0.3647916666666666,228.66666666666666,0.258649393221472,2023-05,2.1083333333333343,101.54583333333333,456.25416666666666,95.30000000000001,106.47,-11.169999999999987,-21.02999999999996,13.240000000000009,112.30000000000003,6208.041666666667,0.0,0.0,0.49999999999999994,-0.8660254037844387,0.0
RP_Talhao_Central,2023-05-03,20.283333333333335,27.3,13.8,0.0,3.97,0.360125,230.29166666666666,0.258649393221472,2023-05,2.283333333333335,99.08333333333333,453.8041666666667,94.50000000000001,106.02,-11.519999999999982,-32.849999999999994,4.390000000000015,100.30000000000001,6192.416666666667,0.0,0.0,0.49999999999999994,-0.8660254037844387,0.0
RP_Talhao_Central,2023-05-04,21.566666666666666,28.9,14.9,0.0,4.0,0.3577916666666667,224.91666666666666,0.258649393221472,2023-05,3.5666666666666664,97.42083333333332,451.4291666666667,94.10000000000001,105.56,-11.459999999999994,-38.39999999999998,10.090000000000032,95.10000000000002,6161.166666666666,0.0,0.0,0.49999999999999994,-0.8660254037844387,0.0
RP_Talhao_Central,2023-05-05,22.304166666666664,29.3,16.4,0.0,4.11,0.3517083333333333,220.33333333333334,0.258649393221472,2023-05,4.304166666666664,96.82499999999999,449.8958333333333,92.00000000000001,105.82,-13.819999999999979,-46.73999999999998,18.400000000000034,86.10000000000002,6165.541666666667,0.0,0.0,0.49999999999999994,-0.8660254037844387,0.0
RP_Talhao_Central,2023-05-06,22.425,29.2,16.7,0.0,4.0,0.3463333333333333,215.08333333333334,0.258649393221472,2023-05,4.425000000000001,95.98333333333333,448.7416666666667,87.80000000000001,105.59,-17.789999999999992,-46.889999999999986,21.05000000000004,85.70000000000002,6151.25,0.0,0.0,0.49999999999999994,-0.8660254037844387,0.0
RP_Talhao_Central,2023-05-07,22.079166666666666,27.9,17.0,0.0,4.04,0.34395833333333337,213.91666666666666,0.258649393221472,2023-05,4.079166666666666,96.89583333333333,446.7,61.80000000000001,107.73,-45.92999999999999,-18.769999999999968,21.439999999999998,111.00000000000001,6253.25,0.0,0.0,0.49999999999999994,-0.8660254037844387,0.0
RP_Talhao_Central,2023-05-08,22.09583333333333,28.2,16.6,0.0,3.7,0.3426666666666667,217.83333333333334,0.258649393221472,2023-05,4.095833333333331,96.90416666666665,445.0583333333333,54.40000000000001,108.03999999999999,-53.63999999999998,-26.97999999999999,31.230000000000018,102.20000000000002,6271.875,0.0,0.0,0.49999999999999994,-0.8660254037844387,0.0
RP_Talhao_Central,2023-05-09,21.508333333333336,27.7,16.5,0.0,3.42,0.3423333333333334,195.54166666666666,0.258649393221472,2023-05,3.5083333333333364,96.67083333333332,442.4958333333333,52.90000000000001,109.22999999999999,-56.32999999999998,-37.09999999999998,31.610000000000014,90.80000000000003,6344.333333333334,0.0,0.0,0.49999999999999994,-0.8660254037844387,0.0
RP_Talhao_Central,2023-05-10,21.9375,27.4,17.3,0.0,3.12,0.3425416666666667,174.95833333333334,0.258649393221472,2023-05,3.9375,96.42083333333332,440.6291666666666,52.60000000000001,108.05,-55.44999999999999,-47.26999999999998,32.360000000000014,81.20000000000002,6266.625,0.0,0.0,0.49999999999999994,-0.8660254037844387,0.0
RP_Talhao_Central,2023-05-11,21.054166666666667,26.9,16.5,0.8,3.42,0.34204166666666663,194.70833333333334,0.258649393221472,2023-05,3.054166666666667,94.83333333333333,438.3333333333333,53.000000000000014,107.3,-54.29999999999998,-47.329999999999984,32.47000000000003,80.9,6221.416666666666,0.0,0.0,0.49999999999999994,-0.8660254037844387,0.0
RP_Talhao_Central,2023-05-12,19.033333333333335,25.2,13.6,0.0,3.66,0.3413333333333333,218.25,0.258649393221472,2023-05,1.033333333333335,92.58749999999999,434.85,44.600000000000016,108.73,-64.13,-41.35999999999997,27.890000000000015,86.20000000000002,6304.875,0.0,0.0,0.49999999999999994,-0.8660254037844387,0.0
RP_Talhao_Central,2023-05-13,17.508333333333333,24.3,12.3,0.0,3.62,0.34079166666666666,218.83333333333334,0.258649393221472,2023-05,0.0,88.22083333333333,430.4083333333333,44.500000000000014,108.56,-64.05999999999999,-51.30999999999999,27.55000000000001,76.60000000000001,6296.083333333334,0.0,0.0,0.49999999999999994,-0.8660254037844387,0.0
RP_Talhao_Central,2023-05-14,17.287499999999998,24.7,11.0,0.0,3.66,0.34158333333333335,220.04166666666666,0.258649393221472,2023-05,0.0,84.975,424.9916666666667,26.600000000000016,109.86,-83.25999999999999,-31.979999999999976,26.340000000000032,94.40000000000002,6371.208333333333,0.0,0.0,0.49999999999999994,-0.8660254037844387,0.0
RP_Talhao_Central,2023-05-15,17.4375,25.0,11.3,0.0,3.81,0.343875,220.625,0.258649393221472,2023-05,0.0,81.30416666666666,418.375,26.100000000000016,110.52,-84.41999999999999,-29.939999999999984,26.52000000000004,94.90000000000002,6405.125,0.0,0.0,0.49999999999999994,-0.8660254037844387,0.0
RP_Talhao_Central,2023-05-16,17.316666666666666,25.0,10.6,0.0,3.96,0.34391666666666665,221.54166666666666,0.258649393221472,2023-05,0.0,77.03333333333333,411.4041666666667,26.100000000000016,110.39,-84.28999999999999,-29.629999999999967,24.150000000000034,94.90000000000002,6379.166666666667,0.0,0.0,0.49999999999999994,-0.8660254037844387,0.0
RP_Talhao_Central,2023-05-17,17.116666666666667,24.8,11.3,0.0,3.83,0.34016666666666673,219.95833333333334,0.258649393221472,2023-05,0.0,72.40833333333333,404.55,24.400000000000016,110.45,-86.04999999999998,-26.769999999999982,21.870000000000005,96.60000000000002,6380.541666666666,0.0,0.0,0.49999999999999994,-0.8660254037844387,0.0
RP_Talhao_Central,2023-05-18,17.7375,25.7,11.2,0.0,3.68,0.336625,217.33333333333334,0.258649393221472,2023-05,0.0,66.96666666666667,398.575,23.800000000000015,110.71,-86.90999999999998,-25.849999999999994,14.140000000000015,96.30000000000001,6411.083333333334,0.0,0.0,0.49999999999999994,-0.8660254037844387,0.0
RP_Talhao_Central,2023-05-19,17.866666666666667,26.0,11.1,0.0,3.6700000000000004,0.3342083333333334,214.5,0.258649393221472,2023-05,0.0,62.74583333333334,393.7416666666667,8.500000000000014,110.93,-102.42999999999999,-10.689999999999984,0.0800000000000125,110.30000000000001,6432.666666666667,0.0,0.0,0.49999999999999994,-0.8660254037844387,0.0
RP_Talhao_Central,2023-05-20,17.625,25.2,12.1,0.0,3.63,0.3365416666666667,214.79166666666666,0.258649393221472,2023-05,0.0,62.74583333333334,389.275,8.500000000000014,110.6,-102.09999999999998,-9.879999999999995,-8.019999999999982,110.30000000000001,6395.416666666666,0.0,0.0,0.49999999999999994,-0.8660254037844387,0.0
RP_Talhao_Central,2023-05-21,18.245833333333334,25.0,12.7,0.0,3.8,0.33887500000000004,207.45833333333334,0.258649393221472,2023-05,0.24583333333333357,62.72083333333334,383.9583333333333,8.500000000000014,110.27,-101.76999999999998,-9.199999999999989,-12.639999999999986,110.20000000000002,6350.208333333334,0.0,0.0,0.49999999999999994,-0.8660254037844387,0.0
RP_Talhao_Central,2023-05-22,19.2,25.4,13.9,0.0,3.87,0.337875,198.83333333333334,0.258649393221472,2023-05,1.1999999999999993,61.15833333333333,380.73333333333335,8.500000000000014,110.16,-101.65999999999998,-8.059999999999988,-22.049999999999983,110.20000000000002,6317.625,0.0,0.0,0.49999999999999994,-0.8660254037844387,0.0
RP_Talhao_Central,2023-05-23,19.108333333333334,25.4,14.1,0.0,3.87,0.3345,204.95833333333334,0.258649393221472,2023-05,1.1083333333333343,59.84583333333333,376.1458333333333,8.500000000000014,109.81,-101.30999999999999,-7.219999999999985,-33.18999999999998,110.20000000000002,6276.541666666666,0.0,0.0,0.49999999999999994,-0.8660254037844387,0.0
RP_Talhao_Central,2023-05-24,19.2625,25.5,13.9,0.0,3.9,0.33075000000000004,202.58333333333334,0.258649393221472,2023-05,1.2624999999999993,58.77916666666667,371.6666666666667,8.500000000000014,109.33999999999999,-100.83999999999997,-6.499999999999986,-37.599999999999994,110.20000000000002,6236.208333333334,0.0,0.0,0.49999999999999994,-0.8660254037844387,0.0
RP_Talhao_Central,2023-05-25,20.066666666666666,26.2,15.2,0.0,3.7600000000000002,0.3275416666666667,193.91666666666666,0.258649393221472,2023-05,2.0666666666666664,58.195833333333326,368.2583333333333,8.500000000000014,109.79,-101.28999999999999,-4.7099999999999795,-40.97999999999999,110.20000000000002,6246.083333333333,0.0,0.0,0.49999999999999994,-0.8660254037844387,0.0
RP_Talhao_Central,2023-05-26,20.629166666666666,27.3,15.6,0.0,3.86,0.32483333333333336,201.0,0.258649393221472,2023-05,2.6291666666666664,59.074999999999996,364.37916666666666,2.800000000000014,112.06,-109.25999999999999,4.050000000000026,-40.959999999999965,115.70000000000002,6357.458333333333,0.0,0.0,0.49999999999999994,-0.8660254037844387,0.0
RP_Talhao_Central,2023-05-27,21.05,27.3,16.6,0.0,3.5100000000000002,0.32408333333333333,183.5,0.258649393221472,2023-05,3.0500000000000007,59.60416666666667,360.93333333333334,2.100000000000014,112.42,-110.32,-5.009999999999991,-30.429999999999993,105.50000000000001,6351.125,0.0,0.0,0.49999999999999994,-0.8660254037844387,0.0
RP_Talhao_Central,2023-05-28,20.962500000000002,27.6,15.5,0.30000000000000004,3.35,0.3250416666666667,163.29166666666666,0.258649393221472,2023-05,2.962500000000002,59.6375,356.61249999999995,1.1000000000000143,112.41,-111.30999999999999,-13.439999999999998,-20.529999999999987,96.60000000000001,6309.25,0.0,0.0,0.49999999999999994,-0.8660254037844387,0.0
RP_Talhao_Central,2023-05-29,20.591666666666665,25.4,16.8,0.30000000000000004,3.21,0.3232916666666667,173.79166666666666,0.258649393221472,2023-05,2.591666666666665,59.212500000000006,352.48333333333335,1.4000000000000143,111.93,-110.52999999999999,-13.699999999999989,-20.42,95.80000000000001,6265.208333333334,0.0,0.0,0.49999999999999994,-0.8660254037844387,0.0
RP_Talhao_Central,2023-05-30,18.908333333333335,22.6,16.6,33.7,2.2600000000000002,0.32575000000000004,106.5,0.258649393221472,2023-05,0.908333333333335,56.94166666666667,346.9583333333333,35.100000000000016,110.47,-75.36999999999998,-13.189999999999984,-19.59999999999998,95.30000000000001,6148.666666666667,0.0,0.0,0.49999999999999994,-0.8660254037844387,0.0
RP_Talhao_Central,2023-05-31,17.829166666666666,21.3,15.2,36.7,1.16,0.4700416666666667,69.125,0.258649393221472,2023-05,0.0,54.420833333333334,340.59166666666664,71.80000000000001,107.72000000000001,-35.92,-12.429999999999978,-19.869999999999976,95.30000000000001,5987.083333333334,0.0,0.0,0.49999999999999994,-0.8660254037844387,0.0
RP_Talhao_Central,2023-06-01,16.691666666666666,21.6,12.8,0.0,1.97,0.46212500000000006,132.75,0.2546806048281474,2023-06,0.0,52.3125,333.4583333333333,71.80000000000001,105.82000000000001,-34.019999999999996,-11.169999999999987,-21.02999999999996,95.30000000000001,5891.166666666667,0.0,0.0,1.2246467991473532e-16,-1.0,0.0
RP_Talhao_Central,2023-06-02,17.375,24.0,12.9,0.0,2.93,0.45366666666666666,195.70833333333334,0.2546806048281474,2023-06,0.0,50.02916666666667,326.96666666666664,71.80000000000001,104.78,-32.97999999999999,-11.519999999999982,-32.849999999999994,94.50000000000001,5856.583333333333,0.0,0.0,1.2246467991473532e-16,-1.0,0.0
RP_Talhao_Central,2023-06-03,17.454166666666666,24.0,13.1,0.0,3.07,0.444,199.125,0.2546806048281474,2023-06,0.0,46.462500000000006,321.68333333333334,71.80000000000001,103.85000000000001,-32.05,-11.459999999999994,-38.39999999999998,94.10000000000001,5830.791666666667,0.0,0.0,1.2246467991473532e-16,-1.0,0.0
RP_Talhao_Central,2023-06-04,17.658333333333335,24.3,12.8,0.0,3.03,0.4327916666666667,198.625,0.2546806048281474,2023-06,0.0,42.15833333333334,316.55833333333334,71.80000000000001,102.77000000000001,-30.97,-13.819999999999979,-46.73999999999998,92.00000000000001,5809.083333333333,0.0,0.0,1.2246467991473532e-16,-1.0,0.0
RP_Talhao_Central,2023-06-05,16.925,24.0,11.4,0.0,3.08,0.4229583333333333,199.0,0.2546806048281474,2023-06,0.0,37.733333333333334,311.97499999999997,71.80000000000001,101.85000000000001,-30.049999999999997,-17.789999999999992,-46.889999999999986,87.80000000000001,5793.0,0.0,0.0,1.2246467991473532e-16,-1.0,0.0
RP_Talhao_Central,2023-06-06,16.712500000000002,23.6,10.9,0.0,3.2600000000000002,0.4150416666666667,197.625,0.2546806048281474,2023-06,0.0,33.65416666666667,305.94166666666666,71.80000000000001,101.07,-29.269999999999982,-45.92999999999999,-18.769999999999968,61.80000000000001,5776.708333333333,0.0,0.0,1.2246467991473532e-16,-1.0,0.0
RP_Talhao_Central,2023-06-07,17.695833333333333,24.6,13.2,0.0,3.27,0.407375,193.79166666666666,0.2546806048281474,2023-06,0.0,29.55833333333334,300.21666666666664,71.80000000000001,100.64000000000001,-28.840000000000003,-53.63999999999998,-26.97999999999999,54.40000000000001,5752.666666666667,0.0,0.0,1.2246467991473532e-16,-1.0,0.0
RP_Talhao_Central,2023-06-08,17.883333333333333,25.0,12.4,0.0,3.1,0.40025,191.91666666666666,0.2546806048281474,2023-06,0.0,26.050000000000004,295.26666666666665,71.80000000000001,100.32000000000001,-28.519999999999996,-56.32999999999998,-37.09999999999998,52.90000000000001,5749.041666666666,0.0,0.0,1.2246467991473532e-16,-1.0,0.0
RP_Talhao_Central,2023-06-09,18.958333333333332,25.7,13.3,0.0,3.39,0.3953333333333333,194.0,0.2546806048281474,2023-06,0.9583333333333321,23.070833333333336,291.5291666666667,71.80000000000001,100.59,-28.789999999999992,-55.44999999999999,-47.26999999999998,52.60000000000001,5768.083333333333,0.0,0.0,1.2246467991473532e-16,-1.0,0.0
RP_Talhao_Central,2023-06-10,19.150000000000002,26.2,13.0,0.0,3.32,0.38808333333333334,193.625,0.2546806048281474,2023-06,1.1500000000000021,21.16666666666667,287.05833333333334,71.00000000000003,100.49,-29.489999999999966,-54.29999999999998,-47.329999999999984,53.000000000000014,5767.0,0.0,0.0,1.2246467991473532e-16,-1.0,0.0
RP_Talhao_Central,2023-06-11,19.341666666666665,27.3,13.2,0.0,3.44,0.38245833333333334,183.29166666666666,0.2546806048281474,2023-06,1.341666666666665,21.475,283.58750000000003,71.00000000000003,100.27000000000001,-29.269999999999982,-64.13,-41.35999999999997,44.600000000000016,5732.041666666667,0.0,0.0,1.2246467991473532e-16,-1.0,0.0
RP_Talhao_Central,2023-06-12,20.279166666666665,27.7,14.3,0.0,3.4899999999999998,0.37729166666666664,187.95833333333334,0.2546806048281474,2023-06,2.279166666666665,23.754166666666666,280.8875,71.00000000000003,100.14,-29.139999999999972,-64.05999999999999,-51.30999999999999,44.500000000000014,5701.166666666666,0.0,0.0,1.2246467991473532e-16,-1.0,0.0
RP_Talhao_Central,2023-06-13,19.4375,22.7,17.4,0.0,1.71,0.37445833333333334,65.95833333333333,0.2546806048281474,2023-06,1.4375,25.191666666666666,276.525,71.00000000000003,98.19,-27.18999999999997,-83.25999999999999,-31.979999999999976,26.600000000000016,5547.083333333334,0.0,0.0,1.2246467991473532e-16,-1.0,0.0
RP_Talhao_Central,2023-06-14,18.058333333333334,19.8,16.8,16.2,1.09,0.37729166666666664,58.291666666666664,0.2546806048281474,2023-06,0.05833333333333357,25.25,270.5625,87.20000000000002,95.47,-8.269999999999982,-84.41999999999999,-29.939999999999984,26.100000000000016,5384.75,0.0,0.0,1.2246467991473532e-16,-1.0,0.0
RP_Talhao_Central,2023-06-15,17.154166666666665,18.6,15.3,20.099999999999998,0.64,0.4542916666666667,35.375,0.2546806048281474,2023-06,0.0,25.25,265.2375,107.30000000000001,92.15,15.150000000000006,-84.28999999999999,-29.629999999999967,26.100000000000016,5198.583333333333,0.0,0.0,1.2246467991473532e-16,-1.0,0.0
RP_Talhao_Central,2023-06-16,14.808333333333332,16.2,13.5,0.0,0.9600000000000001,0.48025,62.666666666666664,0.2546806048281474,2023-06,0.0,25.25,259.5416666666667,107.30000000000001,89.28,18.02000000000001,-86.04999999999998,-26.769999999999982,24.400000000000016,5041.291666666667,0.0,0.0,1.2246467991473532e-16,-1.0,0.0
RP_Talhao_Central,2023-06-17,13.791666666666666,18.7,9.2,0.0,2.4,0.47312499999999996,173.875,0.2546806048281474,2023-06,0.0,25.25,253.5,107.30000000000001,88.0,19.30000000000001,-86.90999999999998,-25.849999999999994,23.800000000000015,4997.833333333333,0.0,1.0,1.2246467991473532e-16,-1.0,0.0
RP_Talhao_Central,2023-06-18,13.270833333333334,20.3,7.6,0.0,2.68,0.46341666666666664,194.875,0.2546806048281474,2023-06,0.0,25.25,247.67916666666667,107.30000000000001,87.01,20.290000000000006,-102.42999999999999,-10.689999999999984,8.500000000000014,4978.208333333333,0.0,2.0,1.2246467991473532e-16,-1.0,0.0
RP_Talhao_Central,2023-06-19,15.595833333333333,23.8,9.3,0.0,2.9499999999999997,0.45129166666666665,193.0,0.2546806048281474,2023-06,0.0,25.25,241.79583333333335,107.30000000000001,86.33,20.970000000000013,-102.09999999999998,-9.879999999999995,8.500000000000014,4956.416666666667,0.0,3.0,1.2246467991473532e-16,-1.0,0.0
RP_Talhao_Central,2023-06-20,17.45,24.7,12.7,0.0,3.14,0.4382083333333333,190.16666666666666,0.2546806048281474,2023-06,0.0,25.004166666666666,235.04583333333335,107.30000000000001,85.67,21.63000000000001,-101.76999999999998,-9.199999999999989,8.500000000000014,4939.125,0.0,3.0,1.2246467991473532e-16,-1.0,0.0
RP_Talhao_Central,2023-06-21,17.458333333333332,24.5,12.6,0.0,3.17,0.4280833333333333,190.20833333333334,0.2546806048281474,2023-06,0.0,23.804166666666667,228.00833333333333,107.30000000000001,84.97,22.330000000000013,-101.65999999999998,-8.059999999999988,8.500000000000014,4930.5,0.0,3.0,1.2246467991473532e-16,-1.0,0.0
RP_Talhao_Central,2023-06-22,17.675,24.5,12.8,0.0,3.25,0.42041666666666666,188.125,0.2546806048281474,2023-06,0.0,22.695833333333333,220.75833333333333,107.30000000000001,84.35,22.950000000000017,-101.30999999999999,-7.219999999999985,8.500000000000014,4913.666666666667,0.0,3.0,1.2246467991473532e-16,-1.0,0.0
RP_Talhao_Central,2023-06-23,17.854166666666668,24.3,12.9,0.0,2.98,0.41362499999999996,177.125,0.2546806048281474,2023-06,0.0,21.433333333333334,212.95833333333334,107.30000000000001,83.43,23.870000000000005,-100.83999999999997,-6.499999999999986,8.500000000000014,4888.208333333333,0.0,3.0,1.2246467991473532e-16,-1.0,0.0
RP_Talhao_Central,2023-06-24,17.916666666666668,24.6,12.9,0.0,2.93,0.408375,175.58333333333334,0.2546806048281474,2023-06,0.0,19.366666666666667,204.9375,107.30000000000001,82.60000000000001,24.700000000000003,-101.28999999999999,-4.7099999999999795,8.500000000000014,4869.875,0.0,3.0,1.2246467991473532e-16,-1.0,0.0
RP_Talhao_Central,2023-06-25,17.904166666666665,24.8,13.2,0.0,3.02,0.40520833333333334,188.79166666666666,0.2546806048281474,2023-06,0.0,16.7375,197.25416666666666,107.30000000000001,81.76,25.540000000000006,-109.25999999999999,4.050000000000026,2.800000000000014,4857.666666666667,0.0,3.0,1.2246467991473532e-16,-1.0,0.0
RP_Talhao_Central,2023-06-26,17.425,24.6,12.4,0.0,3.13,0.40025,193.58333333333334,0.2546806048281474,2023-06,0.0,13.6875,190.71666666666667,107.30000000000001,81.38,25.920000000000016,-110.32,-5.009999999999991,2.100000000000014,4867.75,0.0,3.0,1.2246467991473532e-16,-1.0,0.0
RP_Talhao_Central,2023-06-27,18.175,25.2,12.7,0.0,3.28,0.39687500000000003,191.58333333333334,0.2546806048281474,2023-06,0.1750000000000007,10.899999999999999,185.32083333333333,107.00000000000003,81.31,25.690000000000026,-111.30999999999999,-13.439999999999998,1.1000000000000143,4896.041666666667,0.0,3.0,1.2246467991473532e-16,-1.0,0.0
RP_Talhao_Central,2023-06-28,18.825,25.5,12.0,0.0,3.16,0.3905,191.33333333333334,0.2546806048281474,2023-06,0.8249999999999993,9.133333333333333,180.025,106.70000000000002,81.25999999999999,25.440000000000026,-110.52999999999999,-13.699999999999989,1.4000000000000143,4913.583333333333,0.0,3.0,1.2246467991473532e-16,-1.0,0.0
RP_Talhao_Central,2023-06-29,18.05,24.2,12.6,0.0,3.27,0.3842916666666667,191.45833333333334,0.2546806048281474,2023-06,0.05000000000000071,8.274999999999999,173.6125,73.00000000000003,82.27000000000001,-9.269999999999982,-75.36999999999998,-13.189999999999984,35.100000000000016,4998.541666666666,0.0,3.0,1.2246467991473532e-16,-1.0,0.0
RP_Talhao_Central,2023-06-30,18.4375,25.4,13.2,0.0,3.19,0.377875,190.91666666666666,0.2546806048281474,2023-06,0.4375,8.712499999999999,168.04166666666669,36.30000000000001,84.3,-47.999999999999986,-35.92,-12.429999999999978,71.80000000000001,5120.333333333333,0.0,3.0,1.2246467991473532e-16,-1.0,0.0
RP_Talhao_Central,2023-07-01,17.670833333333334,24.7,11.3,0.0,3.1,0.3735833333333333,192.25,0.2323334186479353,2023-07,0.0,8.712499999999999,162.57083333333333,36.30000000000001,85.42999999999999,-49.12999999999998,-34.019999999999996,-11.169999999999987,71.80000000000001,5179.833333333333,0.0,3.0,-0.4999999999999998,-0.8660254037844388,0.0
RP_Talhao_Central,2023-07-02,18.016666666666666,24.5,12.2,0.0,3.19,0.369,191.0,0.2323334186479353,2023-07,0.01666666666666572,8.729166666666664,157.84166666666667,36.30000000000001,85.69,-49.389999999999986,-32.97999999999999,-11.519999999999982,71.80000000000001,5175.125,0.0,3.0,-0.4999999999999998,-0.8660254037844388,0.0
RP_Talhao_Central,2023-07-03,17.266666666666666,24.0,11.9,0.0,3.59,0.36445833333333333,195.375,0.2323334186479353,2023-07,0.0,8.729166666666664,152.61249999999998,36.30000000000001,86.21,-49.90999999999998,-32.05,-11.459999999999994,71.80000000000001,5171.375,0.0,3.0,-0.4999999999999998,-0.8660254037844388,0.0
RP_Talhao_Central,2023-07-04,16.5,23.9,11.0,0.0,3.32,0.36166666666666664,194.75,0.2323334186479353,2023-07,0.0,8.729166666666664,147.71249999999998,36.30000000000001,86.5,-50.19999999999999,-30.97,-13.819999999999979,71.80000000000001,5167.5,0.0,3.0,-0.4999999999999998,-0.8660254037844388,0.0
RP_Talhao_Central,2023-07-05,17.099999999999998,24.3,11.6,0.0,3.56,0.3609583333333333,195.20833333333334,0.2323334186479353,2023-07,0.0,8.729166666666664,142.44583333333333,36.30000000000001,86.97999999999999,-50.67999999999998,-30.049999999999997,-17.789999999999992,71.80000000000001,5163.708333333333,0.0,3.0,-0.4999999999999998,-0.8660254037844388,0.0
RP_Talhao_Central,2023-07-06,16.7875,23.3,11.4,0.0,3.37,0.3601666666666667,195.58333333333334,0.2323334186479353,2023-07,0.0,8.729166666666664,139.27916666666667,36.30000000000001,87.09,-50.78999999999999,-29.269999999999982,-45.92999999999999,71.80000000000001,5161.666666666667,0.0,3.0,-0.4999999999999998,-0.8660254037844388,0.0
RP_Talhao_Central,2023-07-07,17.266666666666666,24.9,11.0,0.0,3.31,0.360875,194.04166666666666,0.2323334186479353,2023-07,0.0,8.729166666666664,135.19166666666666,36.30000000000001,87.13,-50.829999999999984,-28.840000000000003,-53.63999999999998,71.80000000000001,5161.916666666666,0.0,3.0,-0.4999999999999998,-0.8660254037844388,0.0
RP_Talhao_Central,2023-07-08,18.641666666666666,26.4,11.4,0.0,3.5900000000000003,0.36441666666666667,192.45833333333334,0.2323334186479353,2023-07,0.6416666666666657,9.37083333333333,132.09166666666664,36.30000000000001,87.62,-51.31999999999999,-28.519999999999996,-56.32999999999998,71.80000000000001,5162.458333333334,0.0,3.0,-0.4999999999999998,-0.8660254037844388,0.0
RP_Talhao_Central,2023-07-09,20.120833333333334,26.5,14.8,0.0,3.0100000000000002,0.36366666666666664,175.41666666666666,0.2323334186479353,2023-07,2.1208333333333336,10.533333333333331,130.02499999999998,36.30000000000001,87.24,-50.93999999999998,-28.789999999999992,-55.44999999999999,71.80000000000001,5143.875,0.0,3.0,-0.4999999999999998,-0.8660254037844388,0.0
RP_Talhao_Central,2023-07-10,20.837500000000002,28.4,14.7,0.0,3.44,0.364875,187.875,0.2323334186479353,2023-07,2.837500000000002,12.220833333333331,128.22083333333333,36.30000000000001,87.36,-51.05999999999999,-29.489999999999966,-54.29999999999998,71.00000000000003,5138.125,0.0,3.0,-0.4999999999999998,-0.8660254037844388,0.0
RP_Talhao_Central,2023-07-11,20.583333333333332,29.0,13.9,0.0,3.56,0.3624583333333333,193.125,0.2323334186479353,2023-07,2.583333333333332,13.462499999999999,127.52499999999999,36.30000000000001,87.47999999999999,-51.17999999999998,-29.269999999999982,-64.13,71.00000000000003,5147.958333333333,0.0,3.0,-0.4999999999999998,-0.8660254037844388,0.0
RP_Talhao_Central,2023-07-12,21.066666666666666,28.8,14.2,0.0,3.61,0.35991666666666666,168.20833333333334,0.2323334186479353,2023-07,3.0666666666666664,14.25,126.225,36.30000000000001,87.6,-51.29999999999998,-29.139999999999972,-64.05999999999999,71.00000000000003,5128.208333333334,0.0,3.0,-0.4999999999999998,-0.8660254037844388,0.0
RP_Talhao_Central,2023-07-13,20.616666666666667,26.4,14.2,4.1,3.87,0.3592916666666666,174.875,0.2323334186479353,2023-07,2.616666666666667,15.429166666666667,125.59583333333333,40.40000000000001,89.76,-49.35999999999999,-27.18999999999997,-83.25999999999999,71.00000000000003,5237.125,0.0,3.0,-0.4999999999999998,-0.8660254037844388,0.0
RP_Talhao_Central,2023-07-14,14.762500000000001,19.3,11.0,3.5,2.84,0.358875,203.625,0.2323334186479353,2023-07,0.0,15.370833333333334,121.92500000000001,27.70000000000001,91.51,-63.809999999999995,-8.269999999999982,-84.41999999999999,87.20000000000002,5382.458333333334,0.0,3.0,-0.4999999999999998,-0.8660254037844388,0.0
RP_Talhao_Central,2023-07-15,14.783333333333333,23.2,8.0,0.0,3.1,0.3619583333333333,204.5,0.2323334186479353,2023-07,0.0,15.370833333333334,117.65416666666667,7.600000000000014,93.97,-86.36999999999999,15.150000000000006,-84.28999999999999,107.30000000000001,5551.583333333334,0.0,4.0,-0.4999999999999998,-0.8660254037844388,0.0
RP_Talhao_Central,2023-07-16,18.795833333333334,27.2,11.9,0.0,2.8000000000000003,0.3555833333333333,164.75,0.2323334186479353,2023-07,0.7958333333333343,16.166666666666668,113.82499999999999,7.600000000000014,95.80999999999999,-88.20999999999998,18.02000000000001,-86.04999999999998,107.30000000000001,5653.666666666667,0.0,4.0,-0.4999999999999998,-0.8660254037844388,0.0
RP_Talhao_Central,2023-07-17,20.395833333333332,27.5,13.5,0.0,3.2,0.35029166666666667,179.79166666666666,0.2323334186479353,2023-07,2.395833333333332,18.5625,110.77916666666667,7.600000000000014,96.61,-89.00999999999999,19.30000000000001,-86.90999999999998,107.30000000000001,5659.583333333333,0.0,3.0,-0.4999999999999998,-0.8660254037844388,0.0
RP_Talhao_Central,2023-07-18,21.183333333333334,28.7,14.9,0.0,3.45,0.3517083333333333,181.83333333333334,0.2323334186479353,2023-07,3.1833333333333336,21.745833333333334,109.74166666666667,7.600000000000014,97.38,-89.77999999999999,20.290000000000006,-102.42999999999999,107.30000000000001,5646.541666666667,0.0,2.0,-0.4999999999999998,-0.8660254037844388,0.0
RP_Talhao_Central,2023-07-19,20.295833333333334,26.6,15.7,0.0,3.6,0.3505416666666667,189.58333333333334,0.2323334186479353,2023-07,2.2958333333333343,24.041666666666668,112.0375,7.600000000000014,98.03,-90.42999999999999,20.970000000000013,-102.09999999999998,107.30000000000001,5643.125,0.0,1.0,-0.4999999999999998,-0.8660254037844388,0.0
RP_Talhao_Central,2023-07-20,20.224999999999998,26.0,15.9,0.0,3.75,0.3489583333333333,194.0,0.2323334186479353,2023-07,2.224999999999998,26.266666666666666,113.99166666666667,7.600000000000014,98.64,-91.03999999999999,21.63000000000001,-101.76999999999998,107.30000000000001,5646.958333333333,0.0,1.0,-0.4999999999999998,-0.8660254037844388,0.0
RP_Talhao_Central,2023-07-21,19.7625,25.6,15.4,0.0,3.74,0.34604166666666664,196.375,0.2323334186479353,2023-07,1.7624999999999993,28.029166666666665,112.99166666666667,7.600000000000014,99.21000000000001,-91.61,22.330000000000013,-101.65999999999998,107.30000000000001,5653.125,0.0,1.0,-0.4999999999999998,-0.8660254037844388,0.0
RP_Talhao_Central,2023-07-22,19.224999999999998,25.4,14.7,0.0,3.6599999999999997,0.3459999999999999,198.16666666666666,0.2323334186479353,2023-07,1.2249999999999979,29.254166666666663,111.79583333333333,7.600000000000014,99.62,-92.02,22.950000000000017,-101.30999999999999,107.30000000000001,5663.166666666667,0.0,1.0,-0.4999999999999998,-0.8660254037844388,0.0
RP_Talhao_Central,2023-07-23,19.741666666666667,26.6,14.7,0.0,3.67,0.3445833333333333,200.54166666666666,0.2323334186479353,2023-07,1.7416666666666671,30.99583333333333,111.20833333333333,7.600000000000014,100.31,-92.71,23.870000000000005,-100.83999999999997,107.30000000000001,5686.583333333333,0.0,1.0,-0.4999999999999998,-0.8660254037844388,0.0
RP_Talhao_Central,2023-07-24,19.679166666666667,27.0,13.3,0.0,3.72,0.34462499999999996,194.625,0.2323334186479353,2023-07,1.6791666666666671,32.675,110.2375,7.600000000000014,101.1,-93.49999999999999,24.700000000000003,-101.28999999999999,107.30000000000001,5705.625,0.0,1.0,-0.4999999999999998,-0.8660254037844388,0.0
RP_Talhao_Central,2023-07-25,20.204166666666666,25.8,15.5,0.1,3.0,0.34225,165.75,0.2323334186479353,2023-07,2.2041666666666657,34.87916666666666,110.69166666666666,7.7000000000000135,101.08,-93.37999999999998,25.540000000000006,-109.25999999999999,107.30000000000001,5682.583333333333,0.0,1.0,-0.4999999999999998,-0.8660254037844388,0.0
RP_Talhao_Central,2023-07-26,20.775000000000002,27.7,15.0,0.0,3.5100000000000002,0.339875,196.66666666666666,0.2323334186479353,2023-07,2.775000000000002,37.65416666666667,110.94583333333333,7.7000000000000135,101.46000000000001,-93.75999999999999,25.920000000000016,-110.32,107.30000000000001,5685.666666666667,0.0,1.0,-0.4999999999999998,-0.8660254037844388,0.0
RP_Talhao_Central,2023-07-27,20.366666666666667,27.9,14.6,0.0,4.0,0.34275000000000005,205.70833333333334,0.2323334186479353,2023-07,2.366666666666667,39.84583333333333,110.38333333333333,7.7000000000000135,102.18,-94.47999999999999,25.690000000000026,-111.30999999999999,107.00000000000003,5699.791666666666,0.0,1.0,-0.4999999999999998,-0.8660254037844388,0.0
RP_Talhao_Central,2023-07-28,21.2375,28.5,14.8,0.0,3.96,0.34275000000000005,199.95833333333334,0.2323334186479353,2023-07,3.2375000000000007,42.25833333333333,110.60416666666667,7.7000000000000135,102.98,-95.27999999999999,25.440000000000026,-110.52999999999999,106.70000000000002,5708.416666666667,0.0,1.0,-0.4999999999999998,-0.8660254037844388,0.0
RP_Talhao_Central,2023-07-29,20.412499999999998,26.7,15.6,0.30000000000000004,3.63,0.3388333333333334,198.08333333333334,0.2323334186479353,2023-07,2.412499999999998,44.62083333333332,109.8375,8.000000000000014,103.33999999999999,-95.33999999999997,-9.269999999999982,-75.36999999999998,73.00000000000003,5715.041666666667,0.0,1.0,-0.4999999999999998,-0.8660254037844388,0.0
RP_Talhao_Central,2023-07-30,19.0125,26.2,13.6,0.0,3.52,0.3362083333333334,206.5,0.2323334186479353,2023-07,1.0124999999999993,45.195833333333326,108.32916666666667,8.000000000000014,103.67,-95.66999999999999,-47.999999999999986,-35.92,36.30000000000001,5730.625,0.0,1.0,-0.4999999999999998,-0.8660254037844388,0.0
RP_Talhao_Central,2023-07-31,19.783333333333335,27.4,13.6,0.0,3.69,0.3335416666666667,210.125,0.2323334186479353,2023-07,1.783333333333335,46.97916666666666,108.00416666666666,8.000000000000014,104.26,-96.25999999999999,-49.12999999999998,-34.019999999999996,36.30000000000001,5748.5,0.0,1.0,-0.4999999999999998,-0.8660254037844388,0.0
RP_Talhao_Central,2023-08-01,19.895833333333332,27.5,13.9,0.0,3.72,0.33279166666666665,213.58333333333334,0.2188449788292628,2023-08,1.8958333333333321,48.85833333333333,107.61666666666667,8.000000000000014,104.79,-96.78999999999999,-49.389999999999986,-32.97999999999999,36.30000000000001,5771.083333333333,0.0,1.0,-0.8660254037844384,-0.5000000000000004,0.0
RP_Talhao_Central,2023-08-02,20.220833333333335,28.2,13.8,0.0,3.91,0.329,215.125,0.2188449788292628,2023-08,2.220833333333335,51.079166666666666,106.27083333333333,8.000000000000014,105.11,-97.10999999999999,-49.90999999999998,-32.05,36.30000000000001,5790.833333333333,0.0,1.0,-0.8660254037844384,-0.5000000000000004,0.0
RP_Talhao_Central,2023-08-03,20.083333333333332,28.3,12.8,0.0,3.95,0.3255,217.70833333333334,0.2188449788292628,2023-08,2.083333333333332,53.1625,104.05,8.000000000000014,105.74,-97.73999999999998,-50.19999999999999,-30.97,36.30000000000001,5813.791666666667,0.0,1.0,-0.8660254037844384,-0.5000000000000004,0.0
RP_Talhao_Central,2023-08-04,20.275000000000002,28.5,13.5,0.0,4.1000000000000005,0.3216666666666667,219.16666666666666,0.2188449788292628,2023-08,2.275000000000002,55.4375,101.9,8.000000000000014,106.28,-98.27999999999999,-50.67999999999998,-30.049999999999997,36.30000000000001,5837.75,0.0,1.0,-0.8660254037844384,-0.5000000000000004,0.0
RP_Talhao_Central,2023-08-05,20.833333333333332,29.2,13.9,0.0,4.24,0.3187083333333333,217.875,0.2188449788292628,2023-08,2.833333333333332,58.27083333333333,100.65416666666667,8.000000000000014,107.15,-99.14999999999999,-50.78999999999999,-29.269999999999982,36.30000000000001,5860.041666666666,0.0,1.0,-0.8660254037844384,-0.5000000000000004,0.0
RP_Talhao_Central,2023-08-06,21.958333333333332,30.1,15.5,0.0,4.78,0.31579166666666664,217.5,0.2188449788292628,2023-08,3.958333333333332,62.22916666666666,100.51666666666668,8.000000000000014,108.62,-100.61999999999999,-50.829999999999984,-28.840000000000003,36.30000000000001,5883.5,0.0,1.0,-0.8660254037844384,-0.5000000000000004,0.0
RP_Talhao_Central,2023-08-07,22.479166666666668,30.3,14.9,0.0,4.5,0.313125,217.54166666666666,0.2188449788292628,2023-08,4.479166666666668,66.06666666666666,101.4875,8.000000000000014,109.53,-101.52999999999999,-51.31999999999999,-28.519999999999996,36.30000000000001,5908.583333333333,0.0,1.0,-0.8660254037844384,-0.5000000000000004,0.0
RP_Talhao_Central,2023-08-08,22.358333333333334,29.6,16.2,0.0,4.96,0.31066666666666665,215.33333333333334,0.2188449788292628,2023-08,4.358333333333334,68.30416666666667,101.90833333333333,8.000000000000014,111.48,-103.47999999999999,-50.93999999999998,-28.789999999999992,36.30000000000001,5948.5,0.0,1.0,-0.8660254037844384,-0.5000000000000004,0.0
RP_Talhao_Central,2023-08-09,22.695833333333336,29.4,17.7,0.0,4.87,0.30820833333333336,215.91666666666666,0.2188449788292628,2023-08,4.695833333333336,70.1625,103.55,8.000000000000014,112.91000000000001,-104.91,-51.05999999999999,-29.489999999999966,36.30000000000001,5976.541666666667,0.0,1.0,-0.8660254037844384,-0.5000000000000004,0.0
RP_Talhao_Central,2023-08-10,23.633333333333336,31.0,17.5,0.0,4.75,0.306,218.79166666666666,0.2188449788292628,2023-08,5.633333333333336,73.2125,108.15,8.000000000000014,114.10000000000001,-106.1,-51.17999999999998,-29.269999999999982,36.30000000000001,6002.208333333334,0.0,1.0,-0.8660254037844384,-0.5000000000000004,0.0
RP_Talhao_Central,2023-08-11,24.1875,32.0,17.8,0.0,4.85,0.302125,217.95833333333334,0.2188449788292628,2023-08,6.1875,76.33333333333334,114.3375,8.000000000000014,115.34,-107.33999999999999,-51.29999999999998,-29.139999999999972,36.30000000000001,6051.958333333333,0.0,1.0,-0.8660254037844384,-0.5000000000000004,0.0
RP_Talhao_Central,2023-08-12,24.4875,32.3,18.1,0.0,4.81,0.2996666666666667,210.33333333333334,0.2188449788292628,2023-08,6.487500000000001,80.20416666666667,120.825,3.900000000000014,116.28,-112.37999999999998,-49.35999999999999,-27.18999999999997,40.40000000000001,6087.416666666666,0.0,1.0,-0.8660254037844384,-0.5000000000000004,0.0
RP_Talhao_Central,2023-08-13,23.1875,29.6,18.8,0.1,4.13,0.29704166666666665,200.5,0.2188449788292628,2023-08,5.1875,85.39166666666667,126.0125,0.5000000000000142,117.57,-117.06999999999998,-63.809999999999995,-8.269999999999982,27.70000000000001,6084.291666666666,0.0,1.0,-0.8660254037844384,-0.5000000000000004,0.0
RP_Talhao_Central,2023-08-14,22.900000000000002,29.8,17.9,0.5,3.94,0.299625,203.5,0.2188449788292628,2023-08,4.900000000000002,90.29166666666667,130.9125,1.0000000000000142,118.41000000000001,-117.41,-86.36999999999999,15.150000000000006,7.600000000000014,6083.291666666666,0.0,0.0,-0.8660254037844384,-0.5000000000000004,0.0
RP_Talhao_Central,2023-08-15,22.425,29.5,17.7,0.1,3.75,0.29420833333333335,191.04166666666666,0.2188449788292628,2023-08,4.425000000000001,93.92083333333333,135.3375,1.1000000000000143,119.36000000000001,-118.26,-88.20999999999998,18.02000000000001,7.600000000000014,6109.583333333333,0.0,0.0,-0.8660254037844384,-0.5000000000000004,0.0
RP_Talhao_Central,2023-08-16,22.729166666666668,27.8,18.3,0.2,4.33,0.30591666666666667,194.20833333333334,0.2188449788292628,2023-08,4.729166666666668,96.25416666666668,140.06666666666666,1.3000000000000143,120.49000000000001,-119.19,-89.00999999999999,19.30000000000001,7.600000000000014,6124.0,0.0,0.0,-0.8660254037844384,-0.5000000000000004,0.0
RP_Talhao_Central,2023-08-17,22.945833333333336,29.1,17.8,0.0,4.2,0.30791666666666667,198.16666666666666,0.2188449788292628,2023-08,4.945833333333336,98.01666666666668,145.01250000000002,1.3000000000000143,121.24,-119.93999999999998,-89.77999999999999,20.290000000000006,7.600000000000014,6140.333333333333,0.0,0.0,-0.8660254037844384,-0.5000000000000004,0.0
RP_Talhao_Central,2023-08-18,23.195833333333336,30.3,16.7,0.0,4.57,0.3147083333333333,209.91666666666666,0.2188449788292628,2023-08,5.195833333333336,100.91666666666669,150.20833333333334,1.3000000000000143,122.21000000000001,-120.91,-90.42999999999999,20.970000000000013,7.600000000000014,6160.666666666667,0.0,0.0,-0.8660254037844384,-0.5000000000000004,0.0
RP_Talhao_Central,2023-08-19,22.5,28.0,17.4,0.0,4.3100000000000005,0.31825,188.66666666666666,0.2188449788292628,2023-08,4.5,103.19166666666669,154.4625,1.3000000000000143,122.77000000000001,-121.47,-91.03999999999999,21.63000000000001,7.600000000000014,6155.333333333333,0.0,0.0,-0.8660254037844384,-0.5000000000000004,0.0
RP_Talhao_Central,2023-08-20,19.245833333333334,25.6,15.8,1.7,2.9899999999999998,0.3124166666666667,171.58333333333334,0.2188449788292628,2023-08,1.2458333333333336,102.67500000000001,154.50833333333335,3.000000000000014,122.02,-119.01999999999998,-91.61,22.330000000000013,7.600000000000014,6130.541666666667,0.0,0.0,-0.8660254037844384,-0.5000000000000004,0.0
RP_Talhao_Central,2023-08-21,20.479166666666668,27.4,15.5,0.0,3.95,0.314,221.875,0.2188449788292628,2023-08,2.479166666666668,103.92916666666669,155.87916666666666,3.000000000000014,122.31,-119.30999999999999,-92.02,22.950000000000017,7.600000000000014,6154.25,0.0,0.0,-0.8660254037844384,-0.5000000000000004,0.0
RP_Talhao_Central,2023-08-22,21.825,30.5,14.5,0.0,4.73,0.31383333333333335,234.20833333333334,0.2188449788292628,2023-08,3.8249999999999993,106.01250000000003,158.4416666666667,3.000000000000014,123.37,-120.36999999999999,-92.71,23.870000000000005,7.600000000000014,6187.916666666667,0.0,0.0,-0.8660254037844384,-0.5000000000000004,0.0
RP_Talhao_Central,2023-08-23,23.825,33.0,16.2,0.0,5.28,0.3175,227.0,0.2188449788292628,2023-08,5.824999999999999,110.15833333333336,162.20000000000002,3.000000000000014,124.93,-121.92999999999999,-93.49999999999999,24.700000000000003,7.600000000000014,6220.291666666667,0.0,0.0,-0.8660254037844384,-0.5000000000000004,0.0
RP_Talhao_Central,2023-08-24,26.129166666666666,33.3,19.8,0.0,5.74,0.31908333333333333,212.20833333333334,0.2188449788292628,2023-08,8.129166666666666,116.08333333333336,167.70000000000002,2.900000000000014,127.67,-124.76999999999998,-93.37999999999998,25.540000000000006,7.7000000000000135,6266.75,0.0,0.0,-0.8660254037844384,-0.5000000000000004,0.0
RP_Talhao_Central,2023-08-25,25.620833333333334,31.6,20.5,0.1,5.12,0.3197083333333333,219.54166666666666,0.2188449788292628,2023-08,7.620833333333334,120.92916666666667,172.27083333333334,3.000000000000014,129.28,-126.27999999999999,-93.75999999999999,25.920000000000016,7.7000000000000135,6289.625,0.0,0.0,-0.8660254037844384,-0.5000000000000004,0.0
RP_Talhao_Central,2023-08-26,20.325,26.0,15.9,0.1,4.16,0.31908333333333333,223.375,0.2188449788292628,2023-08,2.3249999999999993,120.88750000000002,171.63333333333333,3.1000000000000143,129.44,-126.33999999999999,-94.47999999999999,25.690000000000026,7.7000000000000135,6307.291666666667,0.0,0.0,-0.8660254037844384,-0.5000000000000004,0.0
RP_Talhao_Central,2023-08-27,16.933333333333334,22.1,13.7,7.4,2.06,0.312625,113.95833333333333,0.2188449788292628,2023-08,0.0,117.65,169.04166666666669,10.500000000000014,127.54,-117.03999999999999,-95.27999999999999,25.440000000000026,7.7000000000000135,6221.291666666666,0.0,0.0,-0.8660254037844384,-0.5000000000000004,0.0
RP_Talhao_Central,2023-08-28,17.391666666666666,22.7,13.2,0.0,2.5900000000000003,0.3273333333333333,153.54166666666666,0.2188449788292628,2023-08,0.0,115.23750000000001,168.13333333333333,10.200000000000014,126.50000000000001,-116.3,-95.33999999999997,-9.269999999999982,8.000000000000014,6176.75,0.0,0.0,-0.8660254037844384,-0.5000000000000004,0.0
RP_Talhao_Central,2023-08-29,18.941666666666666,24.7,14.7,0.8,2.57,0.33316666666666667,157.5,0.2188449788292628,2023-08,0.9416666666666664,115.16666666666669,169.07500000000002,11.000000000000014,125.55,-114.54999999999998,-95.66999999999999,-47.999999999999986,8.000000000000014,6127.75,0.0,0.0,-0.8660254037844384,-0.5000000000000004,0.0
RP_Talhao_Central,2023-08-30,20.587500000000002,27.6,14.8,0.0,3.7600000000000002,0.3382083333333334,213.95833333333334,0.2188449788292628,2023-08,2.587500000000002,115.97083333333335,171.66250000000002,11.000000000000014,125.62,-114.61999999999999,-96.25999999999999,-49.12999999999998,8.000000000000014,6131.583333333333,0.0,0.0,-0.8660254037844384,-0.5000000000000004,0.0
RP_Talhao_Central,2023-08-31,21.325,27.5,17.0,1.3,3.48,0.3363333333333334,179.625,0.2188449788292628,2023-08,3.3249999999999993,117.40000000000002,174.9875,12.300000000000013,125.38,-113.07999999999998,-96.78999999999999,-49.389999999999986,8.000000000000014,6097.625,0.0,0.0,-0.8660254037844384,-0.5000000000000004,0.0
RP_Talhao_Central,2023-09-01,22.65416666666667,29.3,16.8,0.0,4.54,0.3325416666666667,230.375,0.2108081201235548,2023-09,4.654166666666669,119.83333333333336,179.64166666666668,12.300000000000013,126.01,-113.71,-97.10999999999999,-49.90999999999998,8.000000000000014,6112.875,0.0,0.0,-1.0,-1.8369701987210297e-16,0.0
RP_Talhao_Central,2023-09-02,25.604166666666668,31.8,20.0,0.2,4.78,0.32379166666666664,221.58333333333334,0.2108081201235548,2023-09,7.604166666666668,125.3541666666667,187.24583333333334,12.500000000000014,126.84,-114.33999999999999,-97.73999999999998,-50.19999999999999,8.000000000000014,6116.75,0.0,0.0,-1.0,-1.8369701987210297e-16,0.0
RP_Talhao_Central,2023-09-03,25.183333333333334,32.2,20.2,0.30000000000000004,4.36,0.31845833333333334,217.66666666666666,0.2108081201235548,2023-09,7.183333333333334,130.26250000000002,194.42916666666667,12.800000000000013,127.10000000000001,-114.3,-98.27999999999999,-50.67999999999998,8.000000000000014,6115.25,0.0,0.0,-1.0,-1.8369701987210297e-16,0.0
RP_Talhao_Central,2023-09-04,26.583333333333332,32.9,21.4,0.0,4.86,0.31320833333333337,223.04166666666666,0.2108081201235548,2023-09,8.583333333333332,136.01250000000002,203.01250000000002,12.800000000000013,127.72,-114.91999999999999,-99.14999999999999,-50.78999999999999,8.000000000000014,6120.416666666667,0.0,0.0,-1.0,-1.8369701987210297e-16,0.0
RP_Talhao_Central,2023-09-05,23.325,25.6,19.9,8.399999999999999,2.46,0.3136666666666667,129.125,0.2108081201235548,2023-09,5.324999999999999,137.3791666666667,208.3375,21.20000000000001,125.4,-104.19999999999999,-100.61999999999999,-50.829999999999984,8.000000000000014,6032.041666666667,0.0,0.0,-1.0,-1.8369701987210297e-16,0.0
RP_Talhao_Central,2023-09-06,23.75,29.5,18.6,0.0,4.19,0.3216666666666667,171.45833333333334,0.2108081201235548,2023-09,5.75,138.65,214.0875,21.20000000000001,125.09,-103.88999999999999,-101.52999999999999,-51.31999999999999,8.000000000000014,5985.958333333333,0.0,0.0,-1.0,-1.8369701987210297e-16,0.0
RP_Talhao_Central,2023-09-07,22.8875,28.1,18.3,0.0,5.3,0.32,229.04166666666666,0.2108081201235548,2023-09,4.887499999999999,139.1791666666667,218.0166666666667,21.20000000000001,125.43,-104.22999999999999,-103.47999999999999,-50.93999999999998,8.000000000000014,5999.666666666667,0.0,0.0,-1.0,-1.8369701987210297e-16,0.0
RP_Talhao_Central,2023-09-08,23.8875,30.9,18.8,0.0,5.8,0.31625,247.375,0.2108081201235548,2023-09,5.887499999999999,140.37083333333334,222.7541666666667,21.20000000000001,126.36,-105.16,-104.91,-51.05999999999999,8.000000000000014,6031.125,0.0,0.0,-1.0,-1.8369701987210297e-16,0.0
RP_Talhao_Central,2023-09-09,23.708333333333332,30.4,19.3,0.0,4.76,0.3130833333333333,220.83333333333334,0.2108081201235548,2023-09,5.708333333333332,140.44583333333335,227.12083333333334,21.20000000000001,126.37,-105.16999999999999,-106.1,-51.17999999999998,8.000000000000014,6033.166666666666,0.0,0.0,-1.0,-1.8369701987210297e-16,0.0
RP_Talhao_Central,2023-09-10,23.7375,30.2,18.2,0.0,4.61,0.3179166666666667,206.91666666666666,0.2108081201235548,2023-09,5.737500000000001,139.99583333333334,230.57916666666668,21.20000000000001,126.13000000000001,-104.93,-107.33999999999999,-51.29999999999998,8.000000000000014,6022.125,0.0,0.0,-1.0,-1.8369701987210297e-16,0.0
RP_Talhao_Central,2023-09-11,24.21666666666667,30.2,19.5,0.0,6.38,0.31516666666666665,255.0,0.2108081201235548,2023-09,6.216666666666669,139.725,235.35833333333335,21.20000000000001,127.7,-106.5,-112.37999999999998,-49.35999999999999,3.900000000000014,6066.791666666667,0.0,0.0,-1.0,-1.8369701987210297e-16,0.0
RP_Talhao_Central,2023-09-12,24.729166666666668,32.0,18.9,0.0,5.81,0.3094166666666667,254.29166666666666,0.2108081201235548,2023-09,6.729166666666668,141.26666666666668,242.0291666666667,21.100000000000016,129.38,-108.27999999999997,-117.06999999999998,-63.809999999999995,0.5000000000000142,6120.583333333334,0.0,0.0,-1.0,-1.8369701987210297e-16,0.0
RP_Talhao_Central,2023-09-13,26.679166666666664,34.4,18.8,0.0,6.5,0.30595833333333333,250.625,0.2108081201235548,2023-09,8.679166666666664,145.04583333333332,250.70833333333334,20.600000000000016,131.94,-111.33999999999997,-117.41,-86.36999999999999,1.0000000000000142,6167.708333333334,0.0,0.0,-1.0,-1.8369701987210297e-16,0.0
RP_Talhao_Central,2023-09-14,22.150000000000002,27.2,16.5,2.3,3.43,0.30654166666666666,161.25,0.2108081201235548,2023-09,4.150000000000002,144.77083333333334,254.85833333333335,22.80000000000001,131.62,-108.82,-118.26,-88.20999999999998,1.1000000000000143,6137.916666666667,0.0,0.0,-1.0,-1.8369701987210297e-16,0.0
RP_Talhao_Central,2023-09-15,19.970833333333335,26.5,14.5,0.0,3.92,0.3095833333333333,216.25,0.2108081201235548,2023-09,1.970833333333335,142.01250000000002,256.8291666666667,22.600000000000012,131.21,-108.61,-119.19,-89.00999999999999,1.3000000000000143,6159.958333333334,0.0,0.0,-1.0,-1.8369701987210297e-16,0.0
RP_Talhao_Central,2023-09-16,23.420833333333334,32.4,15.6,0.0,5.13,0.306875,248.875,0.2108081201235548,2023-09,5.420833333333334,142.4875,262.25,22.600000000000012,132.14000000000001,-109.54,-119.93999999999998,-89.77999999999999,1.3000000000000143,6210.666666666667,0.0,0.0,-1.0,-1.8369701987210297e-16,0.0
RP_Talhao_Central,2023-09-17,25.912499999999998,33.7,18.7,0.0,4.91,0.30141666666666667,237.29166666666666,0.2108081201235548,2023-09,7.912499999999998,145.20416666666668,270.1625,22.600000000000012,132.48,-109.87999999999998,-120.91,-90.42999999999999,1.3000000000000143,6238.041666666666,0.0,0.0,-1.0,-1.8369701987210297e-16,0.0
RP_Talhao_Central,2023-09-18,26.104166666666668,32.6,21.2,0.0,4.48,0.2982916666666667,203.625,0.2108081201235548,2023-09,8.104166666666668,148.80833333333334,278.2666666666667,22.600000000000012,132.65,-110.05,-121.47,-91.03999999999999,1.3000000000000143,6253.0,0.0,0.0,-1.0,-1.8369701987210297e-16,0.0
RP_Talhao_Central,2023-09-19,26.708333333333332,34.2,20.1,0.0,5.74,0.2969583333333333,243.45833333333334,0.2108081201235548,2023-09,8.708333333333332,156.27083333333334,286.975,20.900000000000013,135.39999999999998,-114.49999999999997,-119.01999999999998,-91.61,3.000000000000014,6324.875,0.0,0.0,-1.0,-1.8369701987210297e-16,0.0
RP_Talhao_Central,2023-09-20,26.945833333333336,34.5,19.9,0.0,6.26,0.3007083333333333,257.1666666666667,0.2108081201235548,2023-09,8.945833333333336,162.7375,295.92083333333335,20.900000000000013,137.71,-116.81,-119.30999999999999,-92.02,3.000000000000014,6360.166666666666,0.0,0.0,-1.0,-1.8369701987210297e-16,0.0
RP_Talhao_Central,2023-09-21,27.245833333333334,34.3,20.9,0.0,5.88,0.30345833333333333,249.04166666666666,0.2108081201235548,2023-09,9.245833333333334,168.15833333333333,305.1666666666667,20.900000000000013,138.86,-117.96000000000001,-120.36999999999999,-92.71,3.000000000000014,6375.0,0.0,0.0,-1.0,-1.8369701987210297e-16,0.0
RP_Talhao_Central,2023-09-22,28.133333333333336,35.3,21.5,0.0,5.9,0.3004583333333333,258.125,0.2108081201235548,2023-09,10.133333333333336,172.4666666666667,315.3,20.900000000000013,139.48000000000002,-118.58000000000001,-121.92999999999999,-93.49999999999999,3.000000000000014,6406.125,1.0,0.0,-1.0,-1.8369701987210297e-16,0.0
RP_Talhao_Central,2023-09-23,29.15833333333333,35.8,21.8,0.0,5.49,0.29524999999999996,243.625,0.2108081201235548,2023-09,11.158333333333331,175.49583333333334,326.45833333333337,20.900000000000013,139.23,-118.32999999999998,-124.76999999999998,-93.37999999999998,2.900000000000014,6437.541666666667,2.0,0.0,-1.0,-1.8369701987210297e-16,0.0
RP_Talhao_Central,2023-09-24,29.650000000000002,37.3,22.4,0.0,5.66,0.29304166666666664,252.54166666666666,0.2108081201235548,2023-09,11.650000000000002,179.525,338.10833333333335,20.80000000000001,139.77,-118.97,-126.27999999999999,-93.75999999999999,3.000000000000014,6470.541666666667,3.0,0.0,-1.0,-1.8369701987210297e-16,0.0
RP_Talhao_Central,2023-09-25,29.958333333333332,37.9,22.3,0.0,6.11,0.291,246.70833333333334,0.2108081201235548,2023-09,11.958333333333332,189.15833333333333,349.89166666666665,20.70000000000001,141.72,-121.01999999999998,-126.33999999999999,-94.47999999999999,3.1000000000000143,6493.875,4.0,0.0,-1.0,-1.8369701987210297e-16,0.0
RP_Talhao_Central,2023-09-26,30.516666666666666,38.0,22.5,0.0,6.5,0.28904166666666664,243.75,0.2108081201235548,2023-09,12.516666666666666,201.675,361.58333333333337,13.300000000000011,146.16,-132.85999999999999,-117.03999999999999,-95.27999999999999,10.500000000000014,6623.666666666667,5.0,0.0,-1.0,-1.8369701987210297e-16,0.0
RP_Talhao_Central,2023-09-27,29.254166666666666,35.2,24.2,0.9,5.7,0.28854166666666664,214.375,0.2108081201235548,2023-09,11.254166666666666,212.92916666666667,372.7875,14.200000000000012,149.27,-135.07,-116.3,-95.33999999999997,10.200000000000014,6684.5,6.0,0.0,-1.0,-1.8369701987210297e-16,0.0
RP_Talhao_Central,2023-09-28,23.900000000000002,28.1,19.7,0.0,4.45,0.296875,218.375,0.2108081201235548,2023-09,5.900000000000002,217.8875,378.25,13.400000000000011,151.15,-137.75,-114.54999999999998,-95.66999999999999,11.000000000000014,6745.375,6.0,0.0,-1.0,-1.8369701987210297e-16,0.0
RP_Talhao_Central,2023-09-29,24.645833333333332,31.6,18.5,0.0,5.55,0.30675,260.1666666666667,0.2108081201235548,2023-09,6.645833333333332,221.94583333333333,384.89583333333337,13.400000000000011,152.94000000000003,-139.54000000000002,-114.61999999999999,-96.25999999999999,11.000000000000014,6791.583333333334,6.0,0.0,-1.0,-1.8369701987210297e-16,0.0
RP_Talhao_Central,2023-09-30,26.704166666666666,33.6,21.2,0.8,5.25,0.30675,263.5416666666667,0.2108081201235548,2023-09,8.704166666666666,227.32500000000002,393.58333333333337,12.900000000000013,154.71,-141.81,-113.07999999999998,-96.78999999999999,12.300000000000013,6875.5,6.0,0.0,-1.0,-1.8369701987210297e-16,0.0
RP_Talhao_Central,2023-10-01,23.579166666666666,29.4,21.2,33.7,3.2,0.35966666666666663,178.83333333333334,0.2084428421479297,2023-10,5.579166666666666,228.25,399.1625,46.600000000000016,153.37,-106.76999999999998,-113.71,-97.10999999999999,12.300000000000013,6823.958333333334,6.0,0.0,-0.8660254037844386,0.5,0.0
RP_Talhao_Central,2023-10-02,24.0125,29.3,20.7,16.6,4.09,0.494125,232.45833333333334,0.2084428421479297,2023-10,6.012499999999999,226.65833333333336,405.175,63.000000000000014,152.68,-89.67999999999999,-114.33999999999999,-97.73999999999998,12.500000000000014,6834.833333333333,6.0,0.0,-0.8660254037844386,0.5,0.0
RP_Talhao_Central,2023-10-03,24.9875,30.5,20.2,0.3,4.81,0.489625,265.6666666666667,0.2084428421479297,2023-10,6.987500000000001,226.4625,412.1625,63.000000000000014,153.13,-90.12999999999998,-114.3,-98.27999999999999,12.800000000000013,6882.833333333334,6.0,0.0,-0.8660254037844386,0.5,0.0
RP_Talhao_Central,2023-10-04,26.4375,32.0,20.2,0.0,4.72,0.4632083333333334,233.0,0.2084428421479297,2023-10,8.4375,226.31666666666666,420.6,63.000000000000014,152.99,-89.99,-114.91999999999999,-99.14999999999999,12.800000000000013,6892.791666666667,6.0,0.0,-0.8660254037844386,0.5,0.0
RP_Talhao_Central,2023-10-05,27.22083333333333,33.0,22.8,0.1,5.42,0.44883333333333336,260.125,0.2084428421479297,2023-10,9.220833333333331,230.2125,429.8208333333333,54.70000000000002,155.95,-101.24999999999997,-104.19999999999999,-100.61999999999999,21.20000000000001,7023.791666666667,6.0,0.0,-0.8660254037844386,0.5,0.0
RP_Talhao_Central,2023-10-06,26.633333333333336,32.7,21.9,0.1,4.87,0.43945833333333334,263.0,0.2084428421479297,2023-10,8.633333333333336,233.09583333333336,437.81250000000006,54.80000000000002,156.63,-101.82999999999998,-103.88999999999999,-101.52999999999999,21.20000000000001,7115.333333333334,6.0,0.0,-0.8660254037844386,0.5,0.0
RP_Talhao_Central,2023-10-07,26.266666666666666,31.7,22.9,7.1,4.9399999999999995,0.42720833333333336,256.4166666666667,0.2084428421479297,2023-10,8.266666666666666,236.475,443.95833333333337,61.90000000000002,156.27,-94.36999999999999,-104.22999999999999,-103.47999999999999,21.20000000000001,7142.708333333333,6.0,0.0,-0.8660254037844386,0.5,0.0
RP_Talhao_Central,2023-10-08,25.020833333333332,30.9,22.7,11.100000000000001,4.03,0.42370833333333335,218.20833333333334,0.2084428421479297,2023-10,7.020833333333332,237.60833333333335,448.14166666666665,73.00000000000001,154.5,-81.49999999999999,-105.16,-104.91,21.20000000000001,7113.541666666667,6.0,0.0,-0.8660254037844386,0.5,0.0
RP_Talhao_Central,2023-10-09,22.366666666666664,24.3,19.9,9.7,1.75,0.4489166666666667,101.54166666666667,0.2084428421479297,2023-10,4.366666666666664,236.26666666666665,449.925,82.70000000000002,151.49,-68.78999999999999,-105.16999999999999,-106.1,21.20000000000001,6994.25,6.0,0.0,-0.8660254037844386,0.5,0.0
RP_Talhao_Central,2023-10-10,23.575,30.8,17.0,0.0,5.49,0.443,300.0416666666667,0.2084428421479297,2023-10,5.574999999999999,236.10416666666669,452.43333333333334,82.70000000000002,152.37,-69.66999999999999,-104.93,-107.33999999999999,21.20000000000001,7087.375,6.0,0.0,-0.8660254037844386,0.5,0.0
RP_Talhao_Central,2023-10-11,26.587500000000002,33.9,20.7,0.0,5.86,0.42954166666666665,285.6666666666667,0.2084428421479297,2023-10,8.587500000000002,238.47500000000002,458.4041666666667,82.70000000000002,151.85,-69.14999999999998,-106.5,-112.37999999999998,21.20000000000001,7118.041666666667,6.0,0.0,-0.8660254037844386,0.5,0.0
RP_Talhao_Central,2023-10-12,26.52916666666667,33.9,21.7,14.0,5.1899999999999995,0.41654166666666664,262.0833333333333,0.2084428421479297,2023-10,8.529166666666669,240.27499999999998,466.93333333333334,96.70000000000002,151.23,-54.52999999999997,-108.27999999999997,-117.06999999999998,21.100000000000016,7125.833333333333,6.0,0.0,-0.8660254037844386,0.5,0.0
RP_Talhao_Central,2023-10-13,23.370833333333334,28.4,20.4,8.9,2.78,0.42920833333333336,150.70833333333334,0.2084428421479297,2023-10,5.370833333333334,236.96666666666667,472.3041666666667,105.60000000000002,147.51,-41.90999999999997,-111.33999999999997,-117.41,20.600000000000016,7025.916666666666,6.0,0.0,-0.8660254037844386,0.5,0.0
RP_Talhao_Central,2023-10-14,23.22083333333333,30.2,18.7,0.30000000000000004,4.9799999999999995,0.42558333333333337,267.9166666666667,0.2084428421479297,2023-10,5.220833333333331,238.0375,476.7291666666667,103.60000000000002,149.06,-45.45999999999998,-108.82,-118.26,22.80000000000001,7132.583333333333,6.0,0.0,-0.8660254037844386,0.5,0.0
RP_Talhao_Central,2023-10-15,25.741666666666664,32.3,20.9,0.2,5.49,0.41674999999999995,286.875,0.2084428421479297,2023-10,7.741666666666664,243.80833333333334,482.075,103.80000000000003,150.63,-46.82999999999997,-108.61,-119.19,22.600000000000012,7203.208333333333,6.0,0.0,-0.8660254037844386,0.5,0.0
RP_Talhao_Central,2023-10-16,27.195833333333336,32.7,22.1,0.0,5.85,0.4046666666666667,290.5,0.2084428421479297,2023-10,9.195833333333336,247.58333333333331,488.08750000000003,103.80000000000003,151.35000000000002,-47.55,-109.54,-119.93999999999998,22.600000000000012,7244.833333333333,6.0,0.0,-0.8660254037844386,0.5,0.0
RP_Talhao_Central,2023-10-17,26.441666666666666,31.4,23.1,0.1,4.6,0.3938333333333333,209.25,0.2084428421479297,2023-10,8.441666666666666,248.1125,494.23333333333335,103.90000000000002,151.04000000000002,-47.14,-109.87999999999998,-120.91,22.600000000000012,7216.791666666667,6.0,0.0,-0.8660254037844386,0.5,0.0
RP_Talhao_Central,2023-10-18,25.691666666666666,32.6,20.5,2.1,5.609999999999999,0.389125,276.0,0.2084428421479297,2023-10,7.691666666666666,247.70000000000002,499.70000000000005,106.00000000000003,152.17,-46.16999999999996,-110.05,-121.47,22.600000000000012,7289.166666666667,6.0,0.0,-0.8660254037844386,0.5,0.0
RP_Talhao_Central,2023-10-19,24.545833333333334,30.9,20.6,8.4,5.08,0.38095833333333334,268.875,0.2084428421479297,2023-10,6.545833333333334,245.5375,504.48333333333335,114.40000000000002,151.51000000000002,-37.11,-114.49999999999997,-119.01999999999998,20.900000000000013,7314.583333333333,6.0,0.0,-0.8660254037844386,0.5,0.0
RP_Talhao_Central,2023-10-20,22.979166666666668,26.4,20.4,4.9,3.05,0.3801666666666667,170.08333333333334,0.2084428421479297,2023-10,4.979166666666668,241.57083333333333,508.2375,119.30000000000003,148.29999999999998,-28.999999999999957,-116.81,-119.30999999999999,20.900000000000013,7227.5,6.0,0.0,-0.8660254037844386,0.5,0.0
RP_Talhao_Central,2023-10-21,24.5625,30.1,19.8,0.0,5.23,0.3744166666666667,266.25,0.2084428421479297,2023-10,6.5625,238.8875,513.0583333333334,119.30000000000003,147.65,-28.34999999999998,-117.96000000000001,-120.36999999999999,20.900000000000013,7244.708333333334,6.0,0.0,-0.8660254037844386,0.5,0.0
RP_Talhao_Central,2023-10-22,25.28333333333333,32.0,19.6,0.0,6.3,0.3657083333333333,319.4166666666667,0.2084428421479297,2023-10,7.283333333333331,236.03750000000002,518.6625,119.30000000000003,148.04999999999998,-28.749999999999957,-118.58000000000001,-121.92999999999999,20.900000000000013,7306.0,5.0,0.0,-0.8660254037844386,0.5,0.0
RP_Talhao_Central,2023-10-23,27.087500000000002,34.4,20.5,0.0,6.29,0.35804166666666665,302.5833333333333,0.2084428421479297,2023-10,9.087500000000002,233.96666666666664,525.5458333333333,119.30000000000003,148.85000000000002,-29.549999999999997,-118.32999999999998,-124.76999999999998,20.900000000000013,7364.958333333334,4.0,0.0,-0.8660254037844386,0.5,0.0
RP_Talhao_Central,2023-10-24,27.329166666666666,34.3,20.7,0.5,6.29,0.3498333333333333,276.0416666666667,0.2084428421479297,2023-10,9.329166666666666,231.64583333333334,532.1,119.80000000000003,149.48,-29.679999999999964,-118.97,-126.27999999999999,20.80000000000001,7388.458333333333,3.0,0.0,-0.8660254037844386,0.5,0.0
RP_Talhao_Central,2023-10-25,26.27916666666667,32.5,21.5,0.39999999999999997,5.34,0.34229166666666666,269.75,0.2084428421479297,2023-10,8.279166666666669,227.96666666666667,538.0125,120.20000000000002,148.71,-28.50999999999999,-121.01999999999998,-126.33999999999999,20.70000000000001,7411.5,2.0,0.0,-0.8660254037844386,0.5,0.0
RP_Talhao_Central,2023-10-26,24.912499999999998,31.9,21.2,14.4,4.23,0.3409166666666667,234.20833333333334,0.2084428421479297,2023-10,6.912499999999998,222.36249999999998,541.6875,134.60000000000002,146.44,-11.839999999999975,-132.85999999999999,-117.03999999999999,13.300000000000011,7401.958333333334,1.0,0.0,-0.8660254037844386,0.5,0.0
RP_Talhao_Central,2023-10-27,24.079166666666666,28.8,20.3,7.3,3.2800000000000002,0.3412916666666667,181.54166666666666,0.2084428421479297,2023-10,6.079166666666666,217.1875,545.3541666666667,141.00000000000003,144.01999999999998,-3.0199999999999534,-135.07,-116.3,14.200000000000012,7369.125,0.0,0.0,-0.8660254037844386,0.5,0.0
RP_Talhao_Central,2023-10-28,24.087500000000002,28.1,21.1,0.9999999999999999,3.1,0.35400000000000004,165.16666666666666,0.2084428421479297,2023-10,6.087500000000002,217.375,550.4291666666667,142.00000000000003,142.67,-0.6699999999999591,-137.75,-114.54999999999998,13.400000000000011,7315.916666666667,0.0,0.0,-0.8660254037844386,0.5,0.0
RP_Talhao_Central,2023-10-29,25.941666666666666,31.8,22.6,11.9,4.66,0.37175,243.45833333333334,0.2084428421479297,2023-10,7.941666666666666,218.67083333333335,556.5875000000001,153.9,141.77999999999997,12.120000000000033,-139.54000000000002,-114.61999999999999,13.400000000000011,7299.208333333333,0.0,0.0,-0.8660254037844386,0.5,0.0
RP_Talhao_Central,2023-10-30,25.9375,30.8,21.8,0.8,4.36,0.3738333333333333,235.54166666666666,0.2084428421479297,2023-10,7.9375,217.90416666666664,562.6291666666667,153.90000000000003,140.89,13.010000000000048,-141.81,-113.07999999999998,12.900000000000013,7271.208333333334,0.0,0.0,-0.8660254037844386,0.5,0.0
RP_Talhao_Central,2023-10-31,24.429166666666664,29.7,20.8,7.199999999999999,3.22,0.375375,171.95833333333334,0.2084428421479297,2023-10,6.429166666666664,218.75416666666666,566.8375000000001,127.40000000000002,140.91,-13.509999999999977,-106.76999999999998,-113.71,46.600000000000016,7264.333333333333,0.0,0.0,-0.8660254037844386,0.5,0.0
RP_Talhao_Central,2023-11-01,24.304166666666664,29.8,19.8,1.2,5.25,0.4270416666666667,292.5416666666667,0.2236538865430335,2023-11,6.304166666666664,219.04583333333335,571.0583333333333,112.00000000000001,142.07,-30.06999999999998,-89.67999999999999,-114.33999999999999,63.000000000000014,7324.416666666667,0.0,0.0,-0.5000000000000004,0.8660254037844384,0.0
RP_Talhao_Central,2023-11-02,25.462500000000002,31.5,20.3,0.7999999999999999,5.8,0.41995833333333327,308.0833333333333,0.2236538865430335,2023-11,7.462500000000002,219.52083333333334,576.2458333333334,112.50000000000001,143.06,-30.559999999999988,-90.12999999999998,-114.3,63.000000000000014,7366.833333333333,0.0,0.0,-0.5000000000000004,0.8660254037844384,0.0
RP_Talhao_Central,2023-11-03,25.733333333333334,32.9,20.7,9.5,5.78,0.4090416666666667,301.0833333333333,0.2236538865430335,2023-11,7.733333333333334,218.81666666666666,581.1458333333333,122.00000000000001,144.12,-22.11999999999999,-89.99,-114.91999999999999,63.000000000000014,7434.916666666666,0.0,0.0,-0.5000000000000004,0.8660254037844384,0.0
RP_Talhao_Central,2023-11-04,22.28333333333333,26.6,16.9,2.0,3.13,0.4342916666666667,162.16666666666666,0.2236538865430335,2023-11,4.283333333333331,213.87916666666666,581.4708333333334,123.90000000000002,141.83,-17.929999999999993,-101.24999999999997,-104.19999999999999,54.70000000000002,7336.958333333333,0.0,0.0,-0.5000000000000004,0.8660254037844384,0.0
RP_Talhao_Central,2023-11-05,21.629166666666666,29.0,13.2,0.0,6.28,0.4459583333333333,349.9583333333333,0.2236538865430335,2023-11,3.6291666666666664,208.875,580.6208333333333,123.80000000000001,143.24,-19.439999999999998,-101.82999999999998,-103.88999999999999,54.80000000000002,7423.916666666666,0.0,0.0,-0.5000000000000004,0.8660254037844384,0.0
RP_Talhao_Central,2023-11-06,23.104166666666668,31.0,15.5,0.0,6.5,0.4280833333333333,343.0833333333333,0.2236538865430335,2023-11,5.104166666666668,205.7125,581.3666666666667,116.70000000000002,144.8,-28.099999999999994,-94.36999999999999,-104.22999999999999,61.90000000000002,7510.583333333334,0.0,0.0,-0.5000000000000004,0.8660254037844384,0.0
RP_Talhao_Central,2023-11-07,25.166666666666668,32.2,18.9,0.0,6.83,0.4094583333333333,330.0416666666667,0.2236538865430335,2023-11,7.166666666666668,205.85833333333332,583.8375,105.60000000000002,147.6,-41.99999999999997,-81.49999999999999,-105.16,73.00000000000001,7622.416666666666,0.0,0.0,-0.5000000000000004,0.8660254037844384,0.0
RP_Talhao_Central,2023-11-08,25.8,31.8,19.8,0.0,6.13,0.39445833333333336,305.7083333333333,0.2236538865430335,2023-11,7.800000000000001,209.29166666666669,586.0041666666666,95.90000000000002,151.98,-56.07999999999997,-68.78999999999999,-105.16999999999999,82.70000000000002,7826.583333333334,0.0,0.0,-0.5000000000000004,0.8660254037844384,0.0
RP_Talhao_Central,2023-11-09,26.6875,32.9,20.1,0.0,6.02,0.38199999999999995,299.125,0.2236538865430335,2023-11,8.6875,212.40416666666667,588.5041666666666,95.90000000000002,152.51,-56.60999999999997,-69.66999999999999,-104.93,82.70000000000002,7825.666666666667,0.0,0.0,-0.5000000000000004,0.8660254037844384,0.0
RP_Talhao_Central,2023-11-10,27.775000000000002,34.3,21.9,0.0,6.55,0.3706666666666667,321.625,0.2236538865430335,2023-11,9.775000000000002,213.59166666666664,591.7916666666667,95.90000000000002,153.20000000000002,-57.3,-69.14999999999998,-106.5,82.70000000000002,7861.625,0.0,0.0,-0.5000000000000004,0.8660254037844384,0.0
RP_Talhao_Central,2023-11-11,28.641666666666666,36.3,20.9,0.0,7.15,0.3595833333333333,339.9583333333333,0.2236538865430335,2023-11,10.641666666666666,215.70416666666668,597.2458333333334,81.90000000000002,155.16,-73.25999999999998,-54.52999999999997,-108.27999999999997,96.70000000000002,7939.5,1.0,0.0,-0.5000000000000004,0.8660254037844384,0.0
RP_Talhao_Central,2023-11-12,29.491666666666664,37.4,21.2,0.0,7.13,0.3497083333333333,333.2916666666667,0.2236538865430335,2023-11,11.491666666666664,221.82500000000002,603.8375000000001,73.00000000000001,159.51000000000002,-86.51,-41.90999999999997,-111.33999999999997,105.60000000000002,8122.083333333334,2.0,0.0,-0.5000000000000004,0.8660254037844384,0.0
RP_Talhao_Central,2023-11-13,29.97083333333333,37.8,21.8,0.0,6.82,0.342125,310.9583333333333,0.2236538865430335,2023-11,11.970833333333331,228.57500000000002,611.3833333333333,72.70000000000002,161.35,-88.64999999999998,-45.45999999999998,-108.82,103.60000000000002,8165.125,3.0,0.0,-0.5000000000000004,0.8660254037844384,0.0
RP_Talhao_Central,2023-11-14,30.320833333333336,37.1,22.9,0.0,7.91,0.3373333333333333,314.0833333333333,0.2236538865430335,2023-11,12.320833333333336,233.15416666666667,618.975,72.50000000000001,163.77,-91.27,-46.82999999999997,-108.61,103.80000000000003,8192.333333333334,4.0,0.0,-0.5000000000000004,0.8660254037844384,0.0
RP_Talhao_Central,2023-11-15,28.71666666666667,36.9,22.4,3.3,6.5,0.3302083333333334,308.0,0.2236538865430335,2023-11,10.716666666666669,234.675,624.7458333333334,75.80000000000001,164.42000000000002,-88.62,-47.55,-109.54,103.80000000000003,8209.833333333334,5.0,0.0,-0.5000000000000004,0.8660254037844384,0.0
RP_Talhao_Central,2023-11-16,28.5,35.9,20.6,0.0,6.4,0.3280416666666667,296.625,0.2236538865430335,2023-11,10.5,236.73333333333335,630.0500000000001,75.70000000000002,166.22,-90.51999999999998,-47.14,-109.87999999999998,103.90000000000002,8297.208333333334,6.0,0.0,-0.5000000000000004,0.8660254037844384,0.0
RP_Talhao_Central,2023-11-17,29.979166666666668,36.8,22.3,0.1,6.76,0.3314166666666667,310.6666666666667,0.2236538865430335,2023-11,11.979166666666668,241.02083333333331,637.5291666666667,73.7,167.37,-93.67,-46.16999999999996,-110.05,106.00000000000003,8331.875,7.0,0.0,-0.5000000000000004,0.8660254037844384,0.0
RP_Talhao_Central,2023-11-18,30.224999999999998,35.9,25.2,0.0,7.390000000000001,0.32683333333333336,311.9583333333333,0.2236538865430335,2023-11,12.224999999999998,246.7,648.5083333333333,65.30000000000001,169.68,-104.38,-37.11,-114.49999999999997,114.40000000000002,8374.958333333334,8.0,0.0,-0.5000000000000004,0.8660254037844384,0.0
RP_Talhao_Central,2023-11-19,27.724999999999998,34.6,22.1,14.4,5.91,0.3302916666666667,296.5833333333333,0.2236538865430335,2023-11,9.724999999999998,251.44583333333333,655.7541666666667,74.80000000000001,172.54000000000002,-97.74000000000001,-28.999999999999957,-116.81,119.30000000000003,8501.458333333332,8.0,0.0,-0.5000000000000004,0.8660254037844384,0.0
RP_Talhao_Central,2023-11-20,25.037499999999998,30.7,21.5,4.8,5.08,0.391,286.3333333333333,0.2236538865430335,2023-11,7.037499999999998,251.92083333333332,658.9666666666666,79.60000000000001,172.39,-92.78999999999998,-28.34999999999998,-117.96000000000001,119.30000000000003,8521.541666666666,8.0,0.0,-0.5000000000000004,0.8660254037844384,0.0
RP_Talhao_Central,2023-11-21,26.116666666666664,32.1,21.9,5.6,5.63,0.3850833333333334,306.9583333333333,0.2236538865430335,2023-11,8.116666666666664,252.75416666666663,661.2583333333333,85.20000000000002,171.72,-86.51999999999998,-28.749999999999957,-118.58000000000001,119.30000000000003,8509.083333333334,8.0,0.0,-0.5000000000000004,0.8660254037844384,0.0
RP_Talhao_Central,2023-11-22,25.72083333333333,31.9,21.1,3.4,5.0,0.38400000000000006,272.0,0.2236538865430335,2023-11,7.720833333333331,251.3875,660.85,88.60000000000001,170.42999999999998,-81.82999999999997,-29.549999999999997,-118.32999999999998,119.30000000000003,8478.5,8.0,0.0,-0.5000000000000004,0.8660254037844384,0.0
RP_Talhao_Central,2023-11-23,25.0125,30.8,22.3,7.6000000000000005,4.66,0.3898333333333333,263.0416666666667,0.2236538865430335,2023-11,7.012499999999999,249.07083333333333,660.2416666666667,95.70000000000002,168.8,-73.1,-29.679999999999964,-118.97,119.80000000000003,8465.5,8.0,0.0,-0.5000000000000004,0.8660254037844384,0.0
RP_Talhao_Central,2023-11-24,24.712500000000002,30.3,20.6,1.3,5.17,0.39729166666666665,274.375,0.2236538865430335,2023-11,6.712500000000002,247.50416666666666,664.6291666666666,96.60000000000002,168.63,-72.02999999999997,-28.50999999999999,-121.01999999999998,120.20000000000002,8470.125,8.0,0.0,-0.5000000000000004,0.8660254037844384,0.0
RP_Talhao_Central,2023-11-25,23.95,29.8,18.6,0.4,5.64,0.39525000000000005,300.0,0.2236538865430335,2023-11,5.949999999999999,246.54166666666666,670.5791666666667,82.60000000000001,170.04,-87.43999999999998,-11.839999999999975,-132.85999999999999,134.60000000000002,8535.916666666666,8.0,0.0,-0.5000000000000004,0.8660254037844384,0.0
RP_Talhao_Central,2023-11-26,25.270833333333332,31.9,20.3,0.8999999999999999,6.2299999999999995,0.3862083333333333,325.7916666666667,0.2236538865430335,2023-11,7.270833333333332,247.73333333333332,677.85,76.20000000000002,172.99,-96.78999999999999,-3.0199999999999534,-135.07,141.00000000000003,8680.166666666666,8.0,0.0,-0.5000000000000004,0.8660254037844384,0.0
RP_Talhao_Central,2023-11-27,24.945833333333336,29.3,20.8,1.7,4.77,0.37825,255.08333333333334,0.2236538865430335,2023-11,6.945833333333336,248.59166666666667,683.8541666666667,76.90000000000002,174.66,-97.75999999999998,-0.6699999999999591,-137.75,142.00000000000003,8770.083333333334,8.0,0.0,-0.5000000000000004,0.8660254037844384,0.0
RP_Talhao_Central,2023-11-28,25.8625,32.4,21.4,1.0,5.0600000000000005,0.37283333333333335,251.45833333333334,0.2236538865430335,2023-11,7.862500000000001,248.5125,689.1291666666666,66.00000000000001,175.06,-109.05999999999999,12.120000000000033,-139.54000000000002,153.9,8778.083333333334,8.0,0.0,-0.5000000000000004,0.8660254037844384,0.0
RP_Talhao_Central,2023-11-29,23.099999999999998,26.7,20.8,9.6,3.19,0.36883333333333335,185.04166666666666,0.2236538865430335,2023-11,5.099999999999998,245.67499999999998,690.9041666666667,74.80000000000001,173.89,-99.08999999999997,13.010000000000048,-141.81,153.90000000000003,8727.583333333334,8.0,0.0,-0.5000000000000004,0.8660254037844384,0.0
RP_Talhao_Central,2023-11-30,25.037499999999998,31.5,19.5,2.0,5.43,0.36641666666666667,299.5833333333333,0.2236538865430335,2023-11,7.037499999999998,246.28333333333333,693.2875,69.60000000000001,176.1,-106.49999999999999,-13.509999999999977,-106.76999999999998,127.40000000000002,8855.208333333334,8.0,0.0,-0.5000000000000004,0.8660254037844384,0.0
RP_Talhao_Central,2023-12-01,27.15833333333333,33.1,20.5,0.0,6.14,0.359,331.9583333333333,0.2146816442388295,2023-12,9.158333333333331,249.1375,694.8416666666667,68.4,176.99,-108.59,-30.06999999999998,-89.67999999999999,112.00000000000001,8894.625,8.0,0.0,-2.4492935982947064e-16,1.0,0.0
RP_Talhao_Central,2023-12-02,27.90833333333333,33.5,20.9,0.0,6.03,0.3504583333333333,312.0,0.2146816442388295,2023-12,9.908333333333331,251.58333333333331,697.5666666666666,67.60000000000001,177.22,-109.61999999999999,-30.559999999999988,-90.12999999999998,112.50000000000001,8898.541666666666,8.0,0.0,-2.4492935982947064e-16,1.0,0.0
RP_Talhao_Central,2023-12-03,28.495833333333334,35.0,22.2,0.0,6.54,0.34008333333333335,336.3333333333333,0.2146816442388295,2023-12,10.495833333333334,254.34583333333333,699.4791666666667,58.10000000000001,177.98,-119.87999999999998,-22.11999999999999,-89.99,122.00000000000001,8933.791666666666,8.0,0.0,-2.4492935982947064e-16,1.0,0.0
RP_Talhao_Central,2023-12-04,26.59166666666667,32.0,22.7,1.0,5.54,0.33549999999999996,289.2083333333333,0.2146816442388295,2023-12,8.591666666666669,258.65416666666664,702.7458333333333,57.10000000000001,180.39,-123.28999999999998,-17.929999999999993,-101.24999999999997,123.90000000000002,9060.833333333334,8.0,0.0,-2.4492935982947064e-16,1.0,0.0
RP_Talhao_Central,2023-12-05,25.208333333333332,30.6,21.4,12.0,4.39,0.32975000000000004,244.08333333333334,0.2146816442388295,2023-12,7.208333333333332,262.23333333333335,704.2041666666667,69.10000000000001,178.5,-109.39999999999999,-19.439999999999998,-101.82999999999998,123.80000000000001,8954.958333333332,8.0,0.0,-2.4492935982947064e-16,1.0,0.0
RP_Talhao_Central,2023-12-06,25.875,32.5,21.3,2.0,5.51,0.33079166666666665,305.2083333333333,0.2146816442388295,2023-12,7.875,265.00416666666666,707.1916666666666,71.10000000000001,177.51,-106.40999999999998,-28.099999999999994,-94.36999999999999,116.70000000000002,8917.083333333334,8.0,0.0,-2.4492935982947064e-16,1.0,0.0
RP_Talhao_Central,2023-12-07,27.349999999999998,33.7,22.0,0.8,5.72,0.32683333333333336,294.5,0.2146816442388295,2023-12,9.349999999999998,267.18749999999994,710.6541666666667,71.9,176.4,-104.5,-41.99999999999997,-81.49999999999999,105.60000000000002,8881.541666666666,8.0,0.0,-2.4492935982947064e-16,1.0,0.0
RP_Talhao_Central,2023-12-08,25.625,33.3,21.0,14.4,5.3,0.32908333333333334,283.5416666666667,0.2146816442388295,2023-12,7.625,267.0125,712.5708333333333,86.30000000000001,175.57000000000002,-89.27000000000001,-56.07999999999997,-68.78999999999999,95.90000000000002,8859.375,8.0,0.0,-2.4492935982947064e-16,1.0,0.0
RP_Talhao_Central,2023-12-09,26.52916666666667,33.1,20.7,0.2,6.55,0.31820833333333337,327.625,0.2146816442388295,2023-12,8.529166666666669,266.8541666666667,715.3625000000001,86.50000000000001,176.1,-89.59999999999998,-56.60999999999997,-69.66999999999999,95.90000000000002,8887.875,8.0,0.0,-2.4492935982947064e-16,1.0,0.0
RP_Talhao_Central,2023-12-10,25.525000000000002,33.4,21.5,13.200000000000001,5.87,0.3154166666666667,296.2083333333333,0.2146816442388295,2023-12,7.525000000000002,264.60416666666663,716.6708333333333,99.70000000000002,175.42,-75.71999999999997,-57.3,-69.14999999999998,95.90000000000002,8862.458333333334,8.0,0.0,-2.4492935982947064e-16,1.0,0.0
RP_Talhao_Central,2023-12-11,24.254166666666666,29.7,21.2,7.4,4.2700000000000005,0.317125,231.20833333333334,0.2146816442388295,2023-12,6.254166666666666,260.21666666666664,716.1958333333333,107.10000000000001,172.54000000000002,-65.44000000000001,-73.25999999999998,-54.52999999999997,81.90000000000002,8753.708333333334,7.0,0.0,-2.4492935982947064e-16,1.0,0.0
RP_Talhao_Central,2023-12-12,25.495833333333334,31.4,19.9,0.1,6.4799999999999995,0.31625,329.9166666666667,0.2146816442388295,2023-12,7.495833333333334,256.2208333333333,715.0125,107.20000000000002,171.89,-64.68999999999997,-86.51,-41.90999999999997,73.00000000000001,8750.333333333334,6.0,0.0,-2.4492935982947064e-16,1.0,0.0
RP_Talhao_Central,2023-12-13,26.599999999999998,33.6,19.9,0.0,6.88,0.31316666666666665,350.75,0.2146816442388295,2023-12,8.599999999999998,252.84999999999997,719.4625,107.20000000000002,171.95,-64.74999999999997,-88.64999999999998,-45.45999999999998,72.70000000000002,8790.125,5.0,0.0,-2.4492935982947064e-16,1.0,0.0
RP_Talhao_Central,2023-12-14,28.141666666666666,35.5,20.8,0.0,7.23,0.309375,346.0416666666667,0.2146816442388295,2023-12,10.141666666666666,250.67083333333332,727.6333333333333,107.20000000000002,171.27,-64.07,-91.27,-46.82999999999997,72.50000000000001,8822.083333333332,5.0,0.0,-2.4492935982947064e-16,1.0,0.0
RP_Talhao_Central,2023-12-15,28.7625,35.0,22.6,0.0,6.63,0.3075,324.9166666666667,0.2146816442388295,2023-12,10.7625,250.71666666666664,732.9749999999999,103.90000000000002,171.4,-67.49999999999999,-88.62,-47.55,75.80000000000001,8839.0,4.0,0.0,-2.4492935982947064e-16,1.0,0.0
RP_Talhao_Central,2023-12-16,28.716666666666665,35.3,22.0,0.0,7.56,0.3077083333333333,343.125,0.2146816442388295,2023-12,10.716666666666665,250.9333333333333,735.7791666666667,103.90000000000002,172.56,-68.65999999999998,-90.51999999999998,-47.14,75.70000000000002,8885.5,4.0,0.0,-2.4492935982947064e-16,1.0,0.0
RP_Talhao_Central,2023-12-17,28.650000000000002,34.9,22.0,0.0,6.88,0.305625,321.2083333333333,0.2146816442388295,2023-12,10.650000000000002,249.60416666666666,738.3249999999999,103.80000000000003,172.68,-68.87999999999998,-93.67,-46.16999999999996,73.7,8896.041666666666,3.0,0.0,-2.4492935982947064e-16,1.0,0.0
RP_Talhao_Central,2023-12-18,27.4375,34.4,21.8,1.1,6.47,0.30420833333333336,309.75,0.2146816442388295,2023-12,9.4375,246.81666666666666,739.0541666666667,104.90000000000002,171.76,-66.85999999999997,-104.38,-37.11,65.30000000000001,8893.833333333332,2.0,0.0,-2.4492935982947064e-16,1.0,0.0
RP_Talhao_Central,2023-12-19,26.991666666666664,33.0,21.1,0.2,5.97,0.30475,320.0,0.2146816442388295,2023-12,8.991666666666664,246.08333333333331,739.0999999999999,90.70000000000002,171.82,-81.11999999999998,-97.74000000000001,-28.999999999999957,74.80000000000001,8917.25,2.0,0.0,-2.4492935982947064e-16,1.0,0.0
RP_Talhao_Central,2023-12-20,27.195833333333336,32.5,22.3,0.1,6.97,0.3055,328.5416666666667,0.2146816442388295,2023-12,9.195833333333336,248.24166666666665,739.05,86.00000000000001,173.71,-87.71,-92.78999999999998,-28.34999999999998,79.60000000000001,8959.458333333334,2.0,0.0,-2.4492935982947064e-16,1.0,0.0
RP_Talhao_Central,2023-12-21,26.604166666666668,33.0,22.2,0.9,6.14,0.30795833333333333,307.625,0.2146816442388295,2023-12,8.604166666666668,248.72916666666669,737.5208333333334,81.30000000000001,174.22,-92.91999999999999,-86.51999999999998,-28.749999999999957,85.20000000000002,8960.125,2.0,0.0,-2.4492935982947064e-16,1.0,0.0
RP_Talhao_Central,2023-12-22,24.820833333333336,30.2,21.0,3.5,4.0600000000000005,0.309125,221.375,0.2146816442388295,2023-12,6.820833333333336,247.82916666666668,733.1833333333334,81.40000000000002,173.28,-91.87999999999998,-81.82999999999997,-29.549999999999997,88.60000000000001,8909.5,2.0,0.0,-2.4492935982947064e-16,1.0,0.0
RP_Talhao_Central,2023-12-23,23.620833333333334,29.3,20.7,20.9,3.77,0.314125,221.20833333333334,0.2146816442388295,2023-12,5.620833333333334,246.4375,727.1541666666666,94.70000000000002,172.39,-77.68999999999997,-73.1,-29.679999999999964,95.70000000000002,8867.666666666666,2.0,0.0,-2.4492935982947064e-16,1.0,0.0
RP_Talhao_Central,2023-12-24,24.820833333333336,29.7,19.7,0.7000000000000001,5.2,0.35504166666666664,294.125,0.2146816442388295,2023-12,6.820833333333336,246.54583333333332,722.0166666666667,94.10000000000001,172.42,-78.31999999999998,-72.02999999999997,-28.50999999999999,96.60000000000002,8887.416666666666,2.0,0.0,-2.4492935982947064e-16,1.0,0.0
RP_Talhao_Central,2023-12-25,26.191666666666666,32.2,19.4,0.0,6.22,0.35224999999999995,331.5833333333333,0.2146816442388295,2023-12,8.191666666666666,248.7875,717.6916666666667,93.7,173.0,-79.3,-87.43999999999998,-11.839999999999975,82.60000000000001,8919.0,2.0,0.0,-2.4492935982947064e-16,1.0,0.0
RP_Talhao_Central,2023-12-26,25.695833333333336,32.5,21.0,0.7,5.22,0.3475,282.125,0.2146816442388295,2023-12,7.695833333333336,249.2125,714.1333333333333,93.50000000000001,171.98999999999998,-78.48999999999997,-96.78999999999999,-3.0199999999999534,76.20000000000002,8875.333333333334,2.0,0.0,-2.4492935982947064e-16,1.0,0.0
RP_Talhao_Central,2023-12-27,26.162499999999998,32.7,21.2,0.2,6.3,0.3595833333333333,329.2083333333333,0.2146816442388295,2023-12,8.162499999999998,250.42916666666667,716.3958333333334,92.00000000000001,173.52,-81.52,-97.75999999999998,-0.6699999999999591,76.90000000000002,8949.458333333334,2.0,0.0,-2.4492935982947064e-16,1.0,0.0
RP_Talhao_Central,2023-12-28,26.616666666666664,32.4,21.1,0.0,6.35,0.35725,334.8333333333333,0.2146816442388295,2023-12,8.616666666666664,251.1833333333333,718.3666666666667,91.00000000000001,174.81,-83.80999999999999,-109.05999999999999,12.120000000000033,66.00000000000001,9032.833333333332,2.0,0.0,-2.4492935982947064e-16,1.0,0.0
RP_Talhao_Central,2023-12-29,28.083333333333332,34.5,20.7,0.0,6.35,0.3491666666666666,319.0416666666667,0.2146816442388295,2023-12,10.083333333333332,256.16666666666663,719.7458333333333,81.40000000000002,177.97,-96.56999999999998,-99.08999999999997,13.010000000000048,74.80000000000001,9166.833333333334,2.0,0.0,-2.4492935982947064e-16,1.0,0.0
RP_Talhao_Central,2023-12-30,25.6125,29.6,22.2,5.6,4.23,0.34641666666666665,232.16666666666666,0.2146816442388295,2023-12,7.612500000000001,256.7416666666667,721.7791666666667,85.00000000000001,176.77,-91.77,-106.49999999999999,-13.509999999999977,69.60000000000001,9099.416666666666,2.0,0.0,-2.4492935982947064e-16,1.0,0.0
RP_Talhao_Central,2023-12-31,25.1125,30.7,20.9,2.4,5.05,0.3445,271.3333333333333,0.2146816442388295,2023-12,7.112500000000001,254.69583333333333,722.8791666666666,87.40000000000002,175.67999999999998,-88.27999999999996,-108.59,-30.06999999999998,68.4,9038.791666666668,2.0,0.0,-2.4492935982947064e-16,1.0,0.0
RP_Talhao_Central,2024-01-01,23.77916666666667,26.9,21.2,7.2,2.88,0.343,151.25,0.2250977804164554,2024-01,5.779166666666669,250.56666666666666,721.6708333333333,94.60000000000002,172.52999999999997,-77.92999999999995,-109.61999999999999,-30.559999999999988,67.60000000000001,8878.041666666668,2.0,0.0,0.49999999999999994,0.8660254037844387,0.0
RP_Talhao_Central,2024-01-02,24.045833333333334,29.5,20.1,4.5,4.64,0.34583333333333327,269.125,0.2250977804164554,2024-01,6.045833333333334,246.11666666666667,719.2791666666667,99.10000000000002,170.63,-71.52999999999997,-119.87999999999998,-22.11999999999999,58.10000000000001,8810.833333333334,2.0,0.0,0.49999999999999994,0.8660254037844387,0.0
RP_Talhao_Central,2024-01-03,24.099999999999998,30.3,20.7,26.6,3.93,0.3641666666666667,221.45833333333334,0.2250977804164554,2024-01,6.099999999999998,243.625,716.1583333333333,124.70000000000002,169.02,-44.31999999999999,-123.28999999999998,-17.929999999999993,57.10000000000001,8743.083333333332,2.0,0.0,0.49999999999999994,0.8660254037844387,0.0
RP_Talhao_Central,2024-01-04,24.991666666666664,30.2,20.5,7.8,5.32,0.4522916666666667,285.1666666666667,0.2250977804164554,2024-01,6.991666666666664,243.40833333333336,714.5166666666667,120.50000000000001,169.95,-49.449999999999974,-109.39999999999999,-19.439999999999998,69.10000000000001,8784.166666666668,2.0,0.0,0.49999999999999994,0.8660254037844387,0.0
RP_Talhao_Central,2024-01-05,25.195833333333336,30.8,19.4,0.1,6.18,0.43204166666666666,338.8333333333333,0.2250977804164554,2024-01,7.195833333333336,242.72916666666669,713.4458333333333,118.60000000000002,170.62,-52.01999999999998,-106.40999999999998,-28.099999999999994,71.10000000000001,8817.791666666666,2.0,0.0,0.49999999999999994,0.8660254037844387,0.0
RP_Talhao_Central,2024-01-06,26.191666666666666,31.6,20.6,0.0,6.02,0.417,330.5,0.2250977804164554,2024-01,8.191666666666666,241.57083333333333,714.6166666666667,117.80000000000003,170.92,-53.11999999999996,-104.5,-41.99999999999997,71.9,8853.791666666666,2.0,0.0,0.49999999999999994,0.8660254037844387,0.0
RP_Talhao_Central,2024-01-07,26.474999999999998,32.2,20.8,0.30000000000000004,5.85,0.4026666666666667,317.0416666666667,0.2250977804164554,2024-01,8.474999999999998,242.42083333333332,718.725,103.70000000000002,171.46999999999997,-67.76999999999995,-89.27000000000001,-56.07999999999997,86.30000000000001,8887.291666666668,2.0,0.0,0.49999999999999994,0.8660254037844387,0.0
RP_Talhao_Central,2024-01-08,26.349999999999998,32.7,20.7,1.1,6.03,0.39075,326.5,0.2250977804164554,2024-01,8.349999999999998,242.24166666666665,721.5,104.60000000000001,170.95,-66.34999999999998,-89.59999999999998,-56.60999999999997,86.50000000000001,8886.166666666668,2.0,0.0,0.49999999999999994,0.8660254037844387,0.0
RP_Talhao_Central,2024-01-09,25.53333333333333,31.9,21.4,5.3,5.4,0.38079166666666664,302.625,0.2250977804164554,2024-01,7.533333333333331,242.25,720.4458333333333,96.7,170.48,-73.77999999999999,-75.71999999999997,-57.3,99.70000000000002,8892.583333333334,2.0,0.0,0.49999999999999994,0.8660254037844387,0.0
RP_Talhao_Central,2024-01-10,25.108333333333334,29.7,21.2,7.4,4.77,0.37200000000000005,265.2916666666667,0.2250977804164554,2024-01,7.108333333333334,243.10416666666669,719.025,96.70000000000002,170.98,-74.27999999999997,-65.44000000000001,-73.25999999999998,107.10000000000001,8926.666666666666,2.0,0.0,0.49999999999999994,0.8660254037844387,0.0
RP_Talhao_Central,2024-01-11,25.495833333333334,31.8,21.4,1.4,5.55,0.3637083333333333,304.25,0.2250977804164554,2024-01,7.495833333333334,243.10416666666669,721.15,98.00000000000001,170.05,-72.05,-64.68999999999997,-86.51,107.20000000000002,8901.0,2.0,0.0,0.49999999999999994,0.8660254037844387,0.0
RP_Talhao_Central,2024-01-12,25.09583333333333,30.2,20.8,14.3,4.82,0.359,267.125,0.2250977804164554,2024-01,7.095833333333331,241.6,723.025,112.30000000000001,167.99,-55.69,-64.74999999999997,-88.64999999999998,107.20000000000002,8817.375,2.0,0.0,0.49999999999999994,0.8660254037844387,0.0
RP_Talhao_Central,2024-01-13,24.758333333333336,29.3,21.8,3.0,4.0,0.353625,227.5,0.2250977804164554,2024-01,6.758333333333336,238.21666666666667,722.0416666666666,115.30000000000001,164.76,-49.45999999999998,-64.07,-91.27,107.20000000000002,8698.833333333334,1.0,0.0,0.49999999999999994,0.8660254037844387,0.0
RP_Talhao_Central,2024-01-14,24.441666666666666,27.4,21.9,4.8,3.71,0.35741666666666666,211.16666666666666,0.2250977804164554,2024-01,6.441666666666666,233.89583333333334,719.2875,120.10000000000001,161.83999999999997,-41.73999999999997,-67.49999999999999,-88.62,103.90000000000002,8585.083333333332,1.0,0.0,0.49999999999999994,0.8660254037844387,0.0
RP_Talhao_Central,2024-01-15,24.400000000000002,28.8,21.3,3.1,4.21,0.35437499999999994,243.5,0.2250977804164554,2024-01,6.400000000000002,229.57916666666668,717.2458333333333,123.2,158.48999999999998,-35.28999999999998,-68.65999999999998,-90.51999999999998,103.90000000000002,8485.458333333332,0.0,0.0,0.49999999999999994,0.8660254037844387,0.0
RP_Talhao_Central,2024-01-16,26.7375,32.6,20.4,0.4,6.12,0.349375,322.1666666666667,0.2250977804164554,2024-01,8.7375,227.66666666666669,718.2916666666667,123.60000000000001,157.73,-34.12999999999998,-68.87999999999998,-93.67,103.80000000000003,8486.416666666666,0.0,0.0,0.49999999999999994,0.8660254037844387,0.0
RP_Talhao_Central,2024-01-17,27.833333333333332,33.6,21.7,0.2,5.97,0.34237500000000004,308.6666666666667,0.2250977804164554,2024-01,9.833333333333332,228.0625,721.5791666666667,122.70000000000002,157.23,-34.52999999999997,-66.85999999999997,-104.38,104.90000000000002,8485.333333333334,0.0,0.0,0.49999999999999994,0.8660254037844387,0.0
RP_Talhao_Central,2024-01-18,27.991666666666664,34.3,22.5,0.6000000000000001,6.03,0.3342083333333334,315.4583333333333,0.2250977804164554,2024-01,9.991666666666664,229.0625,726.5916666666666,123.10000000000001,157.29,-34.18999999999998,-81.11999999999998,-97.74000000000001,90.70000000000002,8480.791666666666,0.0,0.0,0.49999999999999994,0.8660254037844387,0.0
RP_Talhao_Central,2024-01-19,26.0,33.2,22.5,13.6,4.55,0.3307083333333333,238.66666666666666,0.2250977804164554,2024-01,8.0,227.86666666666667,728.0291666666666,136.60000000000002,154.87,-18.269999999999982,-87.71,-92.78999999999998,86.00000000000001,8390.916666666668,0.0,0.0,0.49999999999999994,0.8660254037844387,0.0
RP_Talhao_Central,2024-01-20,24.766666666666666,31.6,21.5,5.6000000000000005,4.14,0.326125,215.625,0.2250977804164554,2024-01,6.766666666666666,226.02916666666664,727.5124999999999,141.3,152.87,-11.569999999999993,-92.91999999999999,-86.51999999999998,81.30000000000001,8298.916666666668,0.0,0.0,0.49999999999999994,0.8660254037844387,0.0
RP_Talhao_Central,2024-01-21,24.05,27.9,21.5,6.2,3.49,0.3425833333333333,198.29166666666666,0.2250977804164554,2024-01,6.050000000000001,225.25833333333333,724.475,144.0,152.3,-8.300000000000011,-91.87999999999998,-81.82999999999997,81.40000000000002,8275.833333333334,0.0,0.0,0.49999999999999994,0.8660254037844387,0.0
RP_Talhao_Central,2024-01-22,25.375,31.1,19.4,0.0,6.16,0.3801666666666667,322.6666666666667,0.2250977804164554,2024-01,7.375,227.0125,722.5208333333334,123.10000000000001,154.69,-31.58999999999999,-77.68999999999997,-73.1,94.70000000000002,8377.291666666666,0.0,0.0,0.49999999999999994,0.8660254037844387,0.0
RP_Talhao_Central,2024-01-23,23.1875,26.8,19.6,11.0,2.93,0.38025,142.0,0.2250977804164554,2024-01,5.1875,225.37916666666666,719.4291666666667,133.4,152.42000000000002,-19.02000000000001,-78.31999999999998,-72.02999999999997,94.10000000000001,8225.166666666666,0.0,0.0,0.49999999999999994,0.8660254037844387,0.0
RP_Talhao_Central,2024-01-24,22.933333333333334,28.7,18.4,0.5,5.11,0.409,284.1666666666667,0.2250977804164554,2024-01,4.933333333333334,222.12083333333334,717.4499999999999,133.9,151.31,-17.409999999999997,-79.3,-87.43999999999998,93.7,8177.75,0.0,0.0,0.49999999999999994,0.8660254037844387,0.0
RP_Talhao_Central,2024-01-25,22.59166666666667,27.6,17.4,0.9,5.609999999999999,0.402375,308.9166666666667,0.2250977804164554,2024-01,4.591666666666669,219.01666666666665,715.9625,134.1,151.70000000000002,-17.600000000000023,-78.48999999999997,-96.78999999999999,93.50000000000001,8204.541666666666,0.0,0.0,0.49999999999999994,0.8660254037844387,0.0
RP_Talhao_Central,2024-01-26,22.662499999999998,29.0,16.4,0.0,5.99,0.3920416666666667,332.0833333333333,0.2250977804164554,2024-01,4.662499999999998,215.51666666666665,714.5375,133.9,151.39,-17.48999999999998,-81.52,-97.75999999999998,92.00000000000001,8207.416666666668,0.0,0.0,0.49999999999999994,0.8660254037844387,0.0
RP_Talhao_Central,2024-01-27,24.3875,30.9,17.5,0.0,6.09,0.3801666666666667,329.625,0.2250977804164554,2024-01,6.387499999999999,213.2875,712.9833333333332,133.9,151.13,-17.22999999999999,-83.80999999999999,-109.05999999999999,91.00000000000001,8202.208333333334,0.0,0.0,0.49999999999999994,0.8660254037844387,0.0
RP_Talhao_Central,2024-01-28,22.925,27.3,18.8,9.7,4.5200000000000005,0.376125,267.0416666666667,0.2250977804164554,2024-01,4.925000000000001,208.12916666666666,709.9708333333333,143.60000000000002,149.3,-5.699999999999989,-96.56999999999998,-99.08999999999997,81.40000000000002,8150.208333333334,0.0,0.0,0.49999999999999994,0.8660254037844387,0.0
RP_Talhao_Central,2024-01-29,24.837500000000002,30.8,18.9,0.1,5.96,0.3720833333333333,311.625,0.2250977804164554,2024-01,6.837500000000002,207.35416666666666,710.3791666666667,138.10000000000002,151.03,-12.929999999999978,-91.77,-106.49999999999999,85.00000000000001,8229.666666666666,0.0,0.0,0.49999999999999994,0.8660254037844387,0.0
RP_Talhao_Central,2024-01-30,25.1125,30.5,18.4,0.5,5.55,0.36841666666666667,290.4583333333333,0.2250977804164554,2024-01,7.112500000000001,207.35416666666669,711.1875,136.20000000000002,151.53,-15.329999999999984,-88.27999999999996,-108.59,87.40000000000002,8248.791666666668,0.0,0.0,0.49999999999999994,0.8660254037844387,0.0
RP_Talhao_Central,2024-01-31,24.775000000000002,29.7,20.2,1.2,4.84,0.3632916666666666,264.5416666666667,0.2250977804164554,2024-01,6.775000000000002,208.35,710.5,130.20000000000002,153.49,-23.289999999999992,-77.92999999999995,-109.61999999999999,94.60000000000002,8362.083333333334,0.0,0.0,0.49999999999999994,0.8660254037844387,0.0
RP_Talhao_Central,2024-02-01,23.808333333333334,30.3,18.2,2.4000000000000004,5.43,0.36175,301.375,0.1619077336873285,2024-02,5.808333333333334,208.11249999999998,708.5749999999999,128.10000000000002,154.28,-26.17999999999998,-71.52999999999997,-119.87999999999998,99.10000000000002,8394.333333333334,0.0,0.0,0.8660254037844386,0.5000000000000001,0.0
RP_Talhao_Central,2024-02-02,23.5125,28.1,19.3,0.0,3.83,0.3615833333333333,189.25,0.1619077336873285,2024-02,5.512499999999999,207.525,709.8041666666667,101.50000000000001,154.17999999999998,-52.679999999999964,-44.31999999999999,-123.28999999999998,124.70000000000002,8362.125,0.0,0.0,0.8660254037844386,0.5000000000000001,0.0
RP_Talhao_Central,2024-02-03,25.379166666666666,31.2,22.0,0.4,4.47,0.360125,215.75,0.1619077336873285,2024-02,7.379166666666666,207.91250000000002,713.5541666666667,94.10000000000002,153.32999999999998,-59.22999999999996,-49.449999999999974,-109.39999999999999,120.50000000000001,8292.708333333334,0.0,0.0,0.8660254037844386,0.5000000000000001,0.0
RP_Talhao_Central,2024-02-04,23.03333333333333,26.5,21.3,4.3,2.52,0.35991666666666666,135.83333333333334,0.1619077336873285,2024-02,5.033333333333331,205.75,713.4833333333332,98.30000000000001,149.67,-51.369999999999976,-52.01999999999998,-106.40999999999998,118.60000000000002,8089.708333333333,0.0,0.0,0.8660254037844386,0.5000000000000001,0.0
RP_Talhao_Central,2024-02-05,24.320833333333336,29.9,21.4,0.1,4.07,0.36004166666666665,218.375,0.1619077336873285,2024-02,6.320833333333336,203.87916666666666,712.6375,98.4,147.72,-49.31999999999999,-53.11999999999996,-104.5,117.80000000000003,7977.583333333333,0.0,0.0,0.8660254037844386,0.5000000000000001,0.0
RP_Talhao_Central,2024-02-06,24.662499999999998,30.6,19.6,1.0,5.35,0.36566666666666664,302.7916666666667,0.1619077336873285,2024-02,6.662499999999998,202.06666666666666,711.5,99.10000000000001,147.22000000000003,-48.12000000000002,-67.76999999999995,-89.27000000000001,103.70000000000002,7963.333333333334,0.0,0.0,0.8660254037844386,0.5000000000000001,0.0
RP_Talhao_Central,2024-02-07,25.054166666666664,31.8,21.3,1.4,4.76,0.3667916666666666,261.4166666666667,0.1619077336873285,2024-02,7.054166666666664,200.77083333333334,709.8666666666667,99.40000000000002,145.95000000000002,-46.55,-66.34999999999998,-89.59999999999998,104.60000000000001,7898.25,0.0,0.0,0.8660254037844386,0.5000000000000001,0.0
RP_Talhao_Central,2024-02-08,24.545833333333334,29.6,20.5,1.0,4.6,0.39675,260.5,0.1619077336873285,2024-02,6.545833333333334,199.78333333333333,706.6374999999999,95.10000000000002,145.15,-50.04999999999998,-73.77999999999999,-75.71999999999997,96.7,7856.125,0.0,0.0,0.8660254037844386,0.5000000000000001,0.0
RP_Talhao_Central,2024-02-09,25.770833333333332,31.4,20.8,0.4,5.94,0.396625,318.75,0.1619077336873285,2024-02,7.770833333333332,200.44583333333333,703.7666666666667,88.10000000000001,146.32,-58.219999999999985,-74.27999999999997,-65.44000000000001,96.70000000000002,7909.583333333333,0.0,0.0,0.8660254037844386,0.5000000000000001,0.0
RP_Talhao_Central,2024-02-10,25.504166666666666,31.6,19.6,0.0,6.52,0.3910833333333334,330.8333333333333,0.1619077336873285,2024-02,7.504166666666666,200.45416666666665,699.7791666666666,86.7,147.29,-60.58999999999999,-72.05,-64.68999999999997,98.00000000000001,7936.166666666667,0.0,0.0,0.8660254037844386,0.5000000000000001,0.0
RP_Talhao_Central,2024-02-11,24.879166666666666,31.2,20.3,2.6,5.8,0.38425,310.0833333333333,0.1619077336873285,2024-02,6.879166666666666,200.23749999999998,694.6875,75.00000000000001,148.26999999999998,-73.26999999999997,-55.69,-64.74999999999997,112.30000000000001,7979.125,0.0,0.0,0.8660254037844386,0.5000000000000001,0.0
RP_Talhao_Central,2024-02-12,25.825,31.7,21.3,1.0,4.92,0.372125,268.5,0.1619077336873285,2024-02,7.824999999999999,201.30416666666667,690.1916666666666,73.00000000000001,149.19,-76.18999999999998,-49.45999999999998,-64.07,115.30000000000001,8020.125,0.0,0.0,0.8660254037844386,0.5000000000000001,0.0
RP_Talhao_Central,2024-02-13,26.925,32.6,21.5,0.1,5.7700000000000005,0.36470833333333336,301.25,0.1619077336873285,2024-02,8.925,203.7875,688.4,68.30000000000001,151.25,-82.94999999999999,-41.73999999999997,-67.49999999999999,120.10000000000001,8110.208333333333,0.0,0.0,0.8660254037844386,0.5000000000000001,0.0
RP_Talhao_Central,2024-02-14,24.53333333333333,28.1,20.9,6.4,2.83,0.36141666666666666,152.5,0.1619077336873285,2024-02,6.533333333333331,203.92083333333332,684.4333333333333,71.60000000000002,149.87,-78.26999999999998,-35.28999999999998,-68.65999999999998,123.2,8019.208333333333,0.0,0.0,0.8660254037844386,0.5000000000000001,0.0
RP_Talhao_Central,2024-02-15,23.02916666666667,27.7,20.8,8.3,2.8,0.38408333333333333,154.58333333333334,0.1619077336873285,2024-02,5.029166666666669,200.21249999999998,677.4833333333333,79.50000000000001,146.55,-67.05,-34.12999999999998,-68.87999999999998,123.60000000000001,7851.625,0.0,0.0,0.8660254037844386,0.5000000000000001,0.0
RP_Talhao_Central,2024-02-16,22.72083333333333,27.4,19.4,9.1,3.16,0.41425,184.58333333333334,0.1619077336873285,2024-02,4.720833333333331,195.1,669.9791666666666,88.4,143.74,-55.34,-34.52999999999997,-66.85999999999997,122.70000000000002,7727.541666666667,0.0,0.0,0.8660254037844386,0.5000000000000001,0.0
RP_Talhao_Central,2024-02-17,23.224999999999998,28.1,20.2,3.7,3.85,0.44895833333333335,228.16666666666666,0.1619077336873285,2024-02,5.224999999999998,190.33333333333331,665.4791666666666,91.50000000000001,141.56,-50.05999999999999,-34.18999999999998,-81.11999999999998,123.10000000000001,7640.25,0.0,0.0,0.8660254037844386,0.5000000000000001,0.0
RP_Talhao_Central,2024-02-18,23.916666666666668,29.6,18.8,0.39999999999999997,5.05,0.438625,294.9166666666667,0.1619077336873285,2024-02,5.916666666666668,188.25,664.3583333333333,78.30000000000001,142.06,-63.75999999999999,-18.269999999999982,-87.71,136.60000000000002,7696.5,0.0,0.0,0.8660254037844386,0.5000000000000001,0.0
RP_Talhao_Central,2024-02-19,23.1375,28.3,19.2,3.5,4.0200000000000005,0.4287916666666667,238.875,0.1619077336873285,2024-02,5.137499999999999,186.62083333333334,661.3791666666667,76.20000000000002,141.94,-65.73999999999998,-11.569999999999993,-92.91999999999999,141.3,7719.75,0.0,0.0,0.8660254037844386,0.5000000000000001,0.0
RP_Talhao_Central,2024-02-20,22.9875,27.7,20.6,12.4,3.5300000000000002,0.44566666666666666,205.20833333333334,0.1619077336873285,2024-02,4.987500000000001,185.55833333333334,658.6458333333333,82.4,141.98,-59.579999999999984,-8.300000000000011,-91.87999999999998,144.0,7726.666666666666,0.0,0.0,0.8660254037844386,0.5000000000000001,0.0
RP_Talhao_Central,2024-02-21,23.175,29.1,19.5,23.4,4.4799999999999995,0.46258333333333335,265.5833333333333,0.1619077336873285,2024-02,5.175000000000001,183.35833333333332,656.8083333333334,105.80000000000001,140.29999999999998,-34.49999999999997,-31.58999999999999,-77.68999999999997,123.10000000000001,7669.583333333334,0.0,0.0,0.8660254037844386,0.5000000000000001,0.0
RP_Talhao_Central,2024-02-22,24.150000000000002,30.0,18.9,0.7,5.07,0.4686666666666666,293.0833333333333,0.1619077336873285,2024-02,6.150000000000002,184.32083333333333,656.2458333333334,95.50000000000001,142.44,-46.93999999999998,-19.02000000000001,-78.31999999999998,133.4,7820.666666666667,0.0,0.0,0.8660254037844386,0.5000000000000001,0.0
RP_Talhao_Central,2024-02-23,25.208333333333332,30.6,21.1,0.39999999999999997,5.0200000000000005,0.45125,284.4166666666667,0.1619077336873285,2024-02,7.208333333333332,186.59583333333333,657.5041666666666,95.4,142.35,-46.94999999999999,-17.409999999999997,-79.3,133.9,7820.916666666667,0.0,0.0,0.8660254037844386,0.5000000000000001,0.0
RP_Talhao_Central,2024-02-24,25.78333333333333,31.2,21.5,0.6,5.140000000000001,0.4362916666666667,284.0,0.1619077336873285,2024-02,7.783333333333331,189.7875,658.0166666666667,95.10000000000002,141.88,-46.77999999999997,-17.600000000000023,-78.48999999999997,134.1,7796.0,0.0,0.0,0.8660254037844386,0.5000000000000001,0.0
RP_Talhao_Central,2024-02-25,26.420833333333334,31.9,21.3,0.2,5.4799999999999995,0.42316666666666664,292.2916666666667,0.1619077336873285,2024-02,8.420833333333334,193.54583333333332,659.4916666666667,95.30000000000003,141.37,-46.06999999999998,-17.48999999999998,-81.52,133.9,7756.208333333333,0.0,0.0,0.8660254037844386,0.5000000000000001,0.0
RP_Talhao_Central,2024-02-26,26.629166666666666,31.9,22.5,0.30000000000000004,5.18,0.40825,273.2916666666667,0.1619077336873285,2024-02,8.629166666666666,195.78750000000002,660.2583333333333,95.60000000000002,140.46,-44.859999999999985,-17.22999999999999,-83.80999999999999,133.9,7699.875,0.0,0.0,0.8660254037844386,0.5000000000000001,0.0
RP_Talhao_Central,2024-02-27,26.979166666666668,32.1,21.7,0.4,5.6,0.39445833333333336,300.625,0.1619077336873285,2024-02,8.979166666666668,199.84166666666667,664.1374999999999,86.30000000000001,141.54,-55.23999999999998,-5.699999999999989,-96.56999999999998,143.60000000000002,7733.458333333333,0.0,0.0,0.8660254037844386,0.5000000000000001,0.0
RP_Talhao_Central,2024-02-28,27.287499999999998,32.6,21.4,1.7999999999999998,5.56,0.3809166666666666,288.25,0.1619077336873285,2024-02,9.287499999999998,202.29166666666666,666.3874999999999,88.00000000000001,141.14,-53.13999999999997,-12.929999999999978,-91.77,138.10000000000002,7710.083333333333,0.0,0.0,0.8660254037844386,0.5000000000000001,0.0
RP_Talhao_Central,2024-02-29,27.75,33.2,22.2,0.1,5.66,0.37070833333333336,293.7083333333333,0.1619077336873285,2024-02,9.75,204.92916666666667,666.9791666666666,87.60000000000001,141.25,-53.64999999999999,-15.329999999999984,-88.27999999999996,136.20000000000002,7713.333333333333,0.0,0.0,0.8660254037844386,0.5000000000000001,0.0
RP_Talhao_Central,2024-03-01,27.241666666666664,34.3,21.9,1.2000000000000002,6.06,0.3585416666666667,301.2916666666667,0.2334615769825363,2024-03,9.241666666666664,207.39583333333334,666.3125,87.60000000000002,142.47,-54.869999999999976,-23.289999999999992,-77.92999999999995,130.20000000000002,7750.083333333333,0.0,0.0,1.0,6.123233995736766e-17,0.0
RP_Talhao_Central,2024-03-02,26.3,32.3,20.6,0.0,5.8,0.3476666666666666,300.9166666666667,0.2334615769825363,2024-03,8.3,209.8875,664.1166666666667,85.20000000000002,142.84,-57.639999999999986,-26.17999999999998,-71.52999999999997,128.10000000000002,7749.625,0.0,0.0,1.0,6.123233995736766e-17,0.0
RP_Talhao_Central,2024-03-03,27.0625,33.3,21.1,0.0,5.68,0.3418333333333334,295.7083333333333,0.2334615769825363,2024-03,9.0625,213.43749999999997,664.5875000000001,85.20000000000002,144.69,-59.48999999999998,-52.679999999999964,-44.31999999999999,101.50000000000001,7856.083333333333,0.0,0.0,1.0,6.123233995736766e-17,0.0
RP_Talhao_Central,2024-03-04,26.858333333333334,33.1,21.8,5.6000000000000005,5.51,0.3363333333333334,288.2083333333333,0.2334615769825363,2024-03,8.858333333333334,214.91666666666666,666.2375,90.4,145.73000000000002,-55.33000000000001,-59.22999999999996,-49.449999999999974,94.10000000000002,7928.541666666666,0.0,0.0,1.0,6.123233995736766e-17,0.0
RP_Talhao_Central,2024-03-05,24.90833333333333,30.4,21.6,11.9,4.25,0.33970833333333333,243.91666666666666,0.2334615769825363,2024-03,6.908333333333331,216.79166666666666,665.2708333333334,98.00000000000001,147.46,-49.459999999999994,-51.369999999999976,-52.01999999999998,98.30000000000001,8036.625,0.0,0.0,1.0,6.123233995736766e-17,0.0
RP_Talhao_Central,2024-03-06,25.2,31.3,20.6,15.5,5.2299999999999995,0.35474999999999995,292.7916666666667,0.2334615769825363,2024-03,7.199999999999999,217.67083333333332,663.1208333333333,113.40000000000002,148.62,-35.219999999999985,-49.31999999999999,-53.11999999999996,98.4,8111.041666666667,0.0,0.0,1.0,6.123233995736766e-17,0.0
RP_Talhao_Central,2024-03-07,25.420833333333334,30.9,21.2,1.2000000000000002,4.5200000000000005,0.359875,252.08333333333334,0.2334615769825363,2024-03,7.420833333333334,218.42916666666667,662.9166666666666,113.60000000000002,147.79,-34.18999999999997,-48.12000000000002,-67.76999999999995,99.10000000000001,8060.333333333333,0.0,0.0,1.0,6.123233995736766e-17,0.0
RP_Talhao_Central,2024-03-08,25.866666666666664,30.9,22.0,1.5999999999999999,4.36,0.36341666666666667,239.125,0.2334615769825363,2024-03,7.866666666666664,219.24166666666665,662.2541666666666,113.80000000000001,147.39,-33.589999999999975,-46.55,-66.34999999999998,99.40000000000002,8038.041666666667,0.0,0.0,1.0,6.123233995736766e-17,0.0
RP_Talhao_Central,2024-03-09,25.816666666666666,31.9,23.1,22.8,4.38,0.3645833333333333,235.58333333333334,0.2334615769825363,2024-03,7.816666666666666,220.5125,662.5458333333333,135.60000000000002,147.17,-11.569999999999965,-50.04999999999998,-73.77999999999999,95.10000000000002,8013.125,0.0,0.0,1.0,6.123233995736766e-17,0.0
RP_Talhao_Central,2024-03-10,25.150000000000002,29.1,22.0,4.2,3.84,0.3547916666666666,213.20833333333334,0.2334615769825363,2024-03,7.150000000000002,219.89166666666665,663.4416666666667,139.4,145.07,-5.6699999999999875,-58.219999999999985,-74.27999999999997,88.10000000000001,7907.583333333334,0.0,0.0,1.0,6.123233995736766e-17,0.0
RP_Talhao_Central,2024-03-11,25.866666666666664,31.5,20.7,0.2,5.43,0.35716666666666663,287.625,0.2334615769825363,2024-03,7.866666666666664,220.25416666666666,663.8125,139.6,143.98,-4.3799999999999955,-60.58999999999999,-72.05,86.7,7864.375,0.0,0.0,1.0,6.123233995736766e-17,0.0
RP_Talhao_Central,2024-03-12,26.337500000000002,31.7,21.7,0.7000000000000001,5.01,0.35354166666666664,261.25,0.2334615769825363,2024-03,8.337500000000002,221.7125,663.55,137.70000000000002,143.19,-5.489999999999981,-73.26999999999997,-55.69,75.00000000000001,7815.541666666667,0.0,0.0,1.0,6.123233995736766e-17,0.0
RP_Talhao_Central,2024-03-13,27.40833333333333,32.4,22.0,0.30000000000000004,5.0,0.3448333333333333,266.5416666666667,0.2334615769825363,2024-03,9.408333333333331,223.29583333333332,662.8166666666666,137.0,143.26999999999998,-6.269999999999982,-76.18999999999998,-49.45999999999998,73.00000000000001,7813.583333333333,0.0,0.0,1.0,6.123233995736766e-17,0.0
RP_Talhao_Central,2024-03-14,27.575,33.5,22.1,0.0,5.32,0.3376666666666667,285.4583333333333,0.2334615769825363,2024-03,9.575,223.94583333333333,661.6291666666667,136.9,142.82000000000002,-5.920000000000016,-82.94999999999999,-41.73999999999997,68.30000000000001,7797.791666666667,0.0,0.0,1.0,6.123233995736766e-17,0.0
RP_Talhao_Central,2024-03-15,27.583333333333332,33.1,21.2,0.5,5.08,0.3296666666666667,268.0833333333333,0.2334615769825363,2024-03,9.583333333333332,226.99583333333334,660.4958333333333,131.0,145.07,-14.069999999999993,-78.26999999999998,-35.28999999999998,71.60000000000002,7913.375,0.0,0.0,1.0,6.123233995736766e-17,0.0
RP_Talhao_Central,2024-03-16,27.7625,33.6,21.6,0.7999999999999999,5.18,0.3240416666666667,261.9583333333333,0.2334615769825363,2024-03,9.7625,231.72916666666666,659.6083333333333,123.50000000000001,147.45,-23.949999999999974,-67.05,-34.12999999999998,79.50000000000001,8020.75,0.0,0.0,1.0,6.123233995736766e-17,0.0
RP_Talhao_Central,2024-03-17,27.495833333333334,34.0,23.2,7.0,5.28,0.321625,269.1666666666667,0.2334615769825363,2024-03,9.495833333333334,236.50416666666666,659.6666666666666,121.4,149.57,-28.169999999999987,-55.34,-34.52999999999997,88.4,8105.333333333333,0.0,0.0,1.0,6.123233995736766e-17,0.0
RP_Talhao_Central,2024-03-18,27.020833333333332,32.9,21.5,0.30000000000000004,4.6,0.31554166666666666,248.125,0.2334615769825363,2024-03,9.020833333333332,240.3,659.6958333333333,118.00000000000001,150.32,-32.31999999999998,-50.05999999999999,-34.18999999999998,91.50000000000001,8125.291666666667,0.0,0.0,1.0,6.123233995736766e-17,0.0
RP_Talhao_Central,2024-03-19,26.983333333333334,33.7,22.4,11.4,4.57,0.31124999999999997,241.75,0.2334615769825363,2024-03,8.983333333333334,243.36666666666665,659.4833333333333,129.0,149.83999999999997,-20.839999999999975,-63.75999999999999,-18.269999999999982,78.30000000000001,8072.125,0.0,0.0,1.0,6.123233995736766e-17,0.0
RP_Talhao_Central,2024-03-20,26.491666666666664,32.4,21.9,5.6000000000000005,4.54,0.306,240.75,0.2334615769825363,2024-03,8.491666666666664,246.72083333333333,659.3708333333333,131.10000000000002,150.36,-19.25999999999999,-65.73999999999998,-11.569999999999993,76.20000000000002,8074.0,0.0,0.0,1.0,6.123233995736766e-17,0.0
RP_Talhao_Central,2024-03-21,26.366666666666664,32.4,22.4,5.1,4.33,0.29720833333333335,217.83333333333334,0.2334615769825363,2024-03,8.366666666666664,250.09999999999997,660.9166666666666,123.80000000000001,151.16,-27.359999999999985,-59.579999999999984,-8.300000000000011,82.4,8086.625,0.0,0.0,1.0,6.123233995736766e-17,0.0
RP_Talhao_Central,2024-03-22,24.691666666666666,29.3,21.1,5.2,3.85,0.31245833333333334,180.75,0.2334615769825363,2024-03,6.691666666666666,251.61666666666667,661.9875,105.60000000000002,150.53,-44.92999999999998,-34.49999999999997,-31.58999999999999,105.80000000000001,8001.791666666666,0.0,0.0,1.0,6.123233995736766e-17,0.0
RP_Talhao_Central,2024-03-23,21.579166666666666,25.6,19.5,2.4000000000000004,2.42,0.3695833333333333,102.375,0.2334615769825363,2024-03,3.5791666666666657,249.04583333333332,658.7458333333333,107.30000000000001,147.88,-40.579999999999984,-46.93999999999998,-19.02000000000001,95.50000000000001,7811.083333333333,0.0,0.0,1.0,6.123233995736766e-17,0.0
RP_Talhao_Central,2024-03-24,21.75,24.6,19.5,1.5,2.49,0.3798333333333333,126.625,0.2334615769825363,2024-03,3.75,245.58749999999998,654.3041666666666,108.40000000000002,145.35000000000002,-36.95,-46.94999999999999,-17.409999999999997,95.4,7653.291666666666,0.0,0.0,1.0,6.123233995736766e-17,0.0
RP_Talhao_Central,2024-03-25,22.795833333333334,28.6,20.1,6.699999999999999,3.4,0.3837916666666667,198.91666666666666,0.2334615769825363,2024-03,4.795833333333334,242.59999999999997,651.4041666666666,114.50000000000001,143.60999999999999,-29.10999999999997,-46.77999999999997,-17.600000000000023,95.10000000000002,7568.208333333333,0.0,0.0,1.0,6.123233995736766e-17,0.0
RP_Talhao_Central,2024-03-26,21.625,25.1,20.1,34.6,1.77,0.43687499999999996,98.95833333333333,0.2334615769825363,2024-03,3.625,237.80416666666667,646.8666666666666,148.9,139.9,9.0,-46.06999999999998,-17.48999999999998,95.30000000000003,7374.875,0.0,0.0,1.0,6.123233995736766e-17,0.0
RP_Talhao_Central,2024-03-27,20.879166666666666,22.1,20.0,20.5,1.08,0.45425,59.166666666666664,0.2334615769825363,2024-03,2.8791666666666664,232.05416666666667,641.1291666666666,169.10000000000002,135.8,33.30000000000001,-44.859999999999985,-17.22999999999999,95.60000000000002,7160.75,0.0,0.0,1.0,6.123233995736766e-17,0.0
RP_Talhao_Central,2024-03-28,22.045833333333334,26.6,19.4,10.7,2.79,0.5005000000000001,163.83333333333334,0.2334615769825363,2024-03,4.045833333333334,227.1208333333333,635.0916666666667,179.40000000000003,132.99,46.410000000000025,-55.23999999999998,-5.699999999999989,86.30000000000001,7023.958333333333,0.0,0.0,1.0,6.123233995736766e-17,0.0
RP_Talhao_Central,2024-03-29,23.266666666666666,28.3,20.2,2.2,2.95,0.4795416666666667,171.375,0.2334615769825363,2024-03,5.266666666666666,223.1,632.7458333333333,179.8,130.38,49.420000000000016,-53.13999999999997,-12.929999999999978,88.00000000000001,6907.083333333333,0.0,0.0,1.0,6.123233995736766e-17,0.0
RP_Talhao_Central,2024-03-30,23.208333333333332,27.6,19.8,3.4000000000000004,3.7,0.4653333333333334,221.95833333333334,0.2334615769825363,2024-03,5.208333333333332,218.5583333333333,630.8416666666667,183.10000000000002,128.42000000000002,54.68000000000001,-53.64999999999999,-15.329999999999984,87.60000000000001,6835.333333333334,0.0,0.0,1.0,6.123233995736766e-17,0.0
RP_Talhao_Central,2024-03-31,23.962500000000002,29.1,20.2,0.7,4.38,0.46425,252.25,0.2334615769825363,2024-03,5.962500000000002,215.27916666666664,631.025,182.60000000000002,126.74000000000001,55.860000000000014,-54.869999999999976,-23.289999999999992,87.60000000000002,6786.291666666667,0.0,0.0,1.0,6.123233995736766e-17,0.0
RP_Talhao_Central,2024-04-01,23.916666666666668,30.4,18.7,0.6,4.75,0.4507916666666667,256.9583333333333,0.2398491888575557,2024-04,5.916666666666668,212.89583333333331,630.8958333333333,183.20000000000002,125.69,57.51000000000002,-57.639999999999986,-26.17999999999998,85.20000000000002,6742.333333333333,0.0,0.0,0.8660254037844388,-0.4999999999999998,0.0
RP_Talhao_Central,2024-04-02,23.604166666666668,28.8,20.1,4.3,3.97,0.436625,224.54166666666666,0.2398491888575557,2024-04,5.604166666666668,209.4375,630.4,187.50000000000003,123.98,63.520000000000024,-59.48999999999998,-52.679999999999964,85.20000000000002,6671.166666666667,0.0,0.0,0.8660254037844388,-0.4999999999999998,0.0
RP_Talhao_Central,2024-04-03,24.483333333333334,30.2,18.7,0.0,4.55,0.4227916666666667,260.2916666666667,0.2398491888575557,2024-04,6.483333333333334,207.06249999999997,629.8916666666667,181.9,123.02,58.88000000000001,-55.33000000000001,-59.22999999999996,90.4,6643.25,0.0,0.0,0.8660254037844388,-0.4999999999999998,0.0
RP_Talhao_Central,2024-04-04,25.558333333333334,30.6,21.1,0.1,4.54,0.410625,252.70833333333334,0.2398491888575557,2024-04,7.558333333333334,207.71249999999998,630.2541666666667,170.10000000000002,123.31,46.79000000000002,-49.459999999999994,-51.369999999999976,98.00000000000001,6652.041666666667,0.0,0.0,0.8660254037844388,-0.4999999999999998,0.0
RP_Talhao_Central,2024-04-05,25.291666666666668,30.2,21.3,0.0,3.94,0.39575000000000005,219.5,0.2398491888575557,2024-04,7.291666666666668,207.80416666666667,629.3541666666666,154.60000000000002,122.02,32.58000000000003,-35.219999999999985,-49.31999999999999,113.40000000000002,6578.75,0.0,0.0,0.8660254037844388,-0.4999999999999998,0.0
RP_Talhao_Central,2024-04-06,25.175,30.6,20.8,0.1,4.94,0.386625,254.95833333333334,0.2398491888575557,2024-04,7.175000000000001,207.5583333333333,628.0541666666667,153.5,122.44000000000001,31.059999999999988,-34.18999999999997,-48.12000000000002,113.60000000000002,6581.625,0.0,0.0,0.8660254037844388,-0.4999999999999998,0.0
RP_Talhao_Central,2024-04-07,24.474999999999998,30.1,19.6,0.5,4.91,0.3874166666666667,247.70833333333334,0.2398491888575557,2024-04,6.474999999999998,206.16666666666666,626.1791666666666,152.4,122.99,29.41000000000001,-33.589999999999975,-46.55,113.80000000000001,6590.208333333333,0.0,0.0,0.8660254037844388,-0.4999999999999998,0.0
RP_Talhao_Central,2024-04-08,24.495833333333334,29.8,20.4,0.0,3.5,0.38195833333333334,168.95833333333334,0.2398491888575557,2024-04,6.495833333333334,204.84583333333333,625.1416666666667,129.6,122.11,7.489999999999995,-11.569999999999965,-50.04999999999998,135.60000000000002,6523.583333333334,0.0,0.0,0.8660254037844388,-0.4999999999999998,0.0
RP_Talhao_Central,2024-04-09,23.479166666666668,27.7,20.4,7.0,3.55,0.38279166666666664,199.79166666666666,0.2398491888575557,2024-04,5.479166666666668,203.175,623.5124999999999,132.4,121.82,10.580000000000013,-5.6699999999999875,-58.219999999999985,139.4,6510.166666666666,0.0,0.0,0.8660254037844388,-0.4999999999999998,0.0
RP_Talhao_Central,2024-04-10,23.933333333333334,29.3,19.1,0.5,4.11,0.38445833333333335,240.08333333333334,0.2398491888575557,2024-04,5.933333333333334,201.24166666666667,621.95,132.70000000000002,120.5,12.200000000000017,-4.3799999999999955,-60.58999999999999,139.6,6462.625,0.0,0.0,0.8660254037844388,-0.4999999999999998,0.0
RP_Talhao_Central,2024-04-11,24.266666666666666,29.6,20.2,1.0,3.8000000000000003,0.3832083333333334,212.45833333333334,0.2398491888575557,2024-04,6.266666666666666,199.17083333333332,621.1208333333334,133.0,119.28999999999999,13.710000000000008,-5.489999999999981,-73.26999999999997,137.70000000000002,6413.833333333333,0.0,0.0,0.8660254037844388,-0.4999999999999998,0.0
RP_Talhao_Central,2024-04-12,24.34583333333333,29.5,21.1,0.4,3.82,0.38279166666666664,205.66666666666666,0.2398491888575557,2024-04,6.345833333333331,196.10833333333332,620.7083333333334,133.10000000000002,118.11,14.990000000000023,-6.269999999999982,-76.18999999999998,137.0,6352.958333333334,0.0,0.0,0.8660254037844388,-0.4999999999999998,0.0
RP_Talhao_Central,2024-04-13,24.495833333333334,29.6,20.4,0.1,4.35,0.38837499999999997,236.125,0.2398491888575557,2024-04,6.495833333333334,193.02916666666667,620.7624999999999,133.20000000000002,117.14,16.060000000000016,-5.920000000000016,-82.94999999999999,136.9,6303.625,0.0,0.0,0.8660254037844388,-0.4999999999999998,0.0
RP_Talhao_Central,2024-04-14,24.304166666666664,28.3,21.8,0.4,2.86,0.384875,137.33333333333334,0.2398491888575557,2024-04,6.304166666666664,189.75,620.6666666666666,133.10000000000002,114.92,18.18000000000002,-14.069999999999993,-78.26999999999998,131.0,6172.875,0.0,0.0,0.8660254037844388,-0.4999999999999998,0.0
RP_Talhao_Central,2024-04-15,25.087500000000002,29.3,21.9,0.0,4.11,0.378125,188.16666666666666,0.2398491888575557,2024-04,7.087500000000002,187.075,619.0166666666667,132.3,113.85,18.450000000000017,-23.949999999999974,-67.05,123.50000000000001,6099.083333333334,0.0,0.0,0.8660254037844388,-0.4999999999999998,0.0
RP_Talhao_Central,2024-04-16,25.670833333333334,31.4,21.4,0.0,4.47,0.372125,221.08333333333334,0.2398491888575557,2024-04,7.670833333333334,185.25,616.8541666666666,125.30000000000001,113.03999999999999,12.26000000000002,-28.169999999999987,-55.34,121.4,6051.0,0.0,0.0,0.8660254037844388,-0.4999999999999998,0.0
RP_Talhao_Central,2024-04-17,24.270833333333332,28.6,20.4,0.1,3.33,0.3690833333333334,178.375,0.2398491888575557,2024-04,6.270833333333332,182.5,613.1333333333333,125.10000000000002,111.77,13.330000000000027,-32.31999999999998,-50.05999999999999,118.00000000000001,5981.25,0.0,0.0,0.8660254037844388,-0.4999999999999998,0.0
RP_Talhao_Central,2024-04-18,23.558333333333334,28.3,19.6,1.0,3.31,0.3705,174.75,0.2398491888575557,2024-04,5.558333333333334,179.075,610.6916666666667,114.70000000000002,110.50999999999999,4.190000000000026,-20.839999999999975,-63.75999999999999,129.0,5914.25,0.0,0.0,0.8660254037844388,-0.4999999999999998,0.0
RP_Talhao_Central,2024-04-19,22.34583333333333,29.1,16.5,0.0,3.77,0.36883333333333335,209.25,0.2398491888575557,2024-04,4.345833333333331,174.92916666666665,608.2708333333334,109.10000000000002,109.74000000000001,-0.6399999999999864,-19.25999999999999,-65.73999999999998,131.10000000000002,5882.75,0.0,0.0,0.8660254037844388,-0.4999999999999998,0.0
RP_Talhao_Central,2024-04-20,22.7625,28.8,17.9,0.0,4.41,0.3652916666666666,245.75,0.2398491888575557,2024-04,4.762499999999999,171.32500000000002,606.9833333333332,104.00000000000001,109.82000000000001,-5.819999999999993,-27.359999999999985,-59.579999999999984,123.80000000000001,5910.666666666667,0.0,0.0,0.8660254037844388,-0.4999999999999998,0.0
RP_Talhao_Central,2024-04-21,22.004166666666666,28.7,16.6,0.0,4.49,0.3675833333333333,250.125,0.2398491888575557,2024-04,4.004166666666666,168.6375,603.6125,98.80000000000001,110.46,-11.659999999999982,-44.92999999999998,-34.49999999999997,105.60000000000002,5980.041666666667,0.0,0.0,0.8660254037844388,-0.4999999999999998,0.0
RP_Talhao_Central,2024-04-22,22.233333333333334,28.9,16.1,0.0,4.29,0.36824999999999997,238.79166666666666,0.2398491888575557,2024-04,4.233333333333334,169.29166666666666,602.6583333333333,96.40000000000002,112.33,-15.929999999999978,-40.579999999999984,-46.93999999999998,107.30000000000001,6116.458333333334,0.0,0.0,0.8660254037844388,-0.4999999999999998,0.0
RP_Talhao_Central,2024-04-23,22.375,29.6,16.0,0.0,4.45,0.37070833333333336,240.83333333333334,0.2398491888575557,2024-04,4.375,169.91666666666666,602.1,94.90000000000002,114.29,-19.389999999999986,-36.95,-46.94999999999999,108.40000000000002,6230.666666666667,0.0,0.0,0.8660254037844388,-0.4999999999999998,0.0
RP_Talhao_Central,2024-04-24,23.3875,30.4,16.7,0.0,4.37,0.3718333333333333,231.83333333333334,0.2398491888575557,2024-04,5.387499999999999,170.50833333333335,602.8958333333333,88.20000000000002,115.25999999999999,-27.059999999999974,-29.10999999999997,-46.77999999999997,114.50000000000001,6263.583333333333,0.0,0.0,0.8660254037844388,-0.4999999999999998,0.0
RP_Talhao_Central,2024-04-25,24.233333333333334,30.7,18.5,0.0,4.58,0.37375,234.58333333333334,0.2398491888575557,2024-04,6.233333333333334,173.11666666666665,604.4666666666666,53.600000000000016,118.07,-64.46999999999997,9.0,-46.06999999999998,148.9,6399.208333333334,0.0,0.0,0.8660254037844388,-0.4999999999999998,0.0
RP_Talhao_Central,2024-04-26,24.45,30.6,19.5,0.0,4.41,0.37079166666666663,221.125,0.2398491888575557,2024-04,6.449999999999999,176.6875,604.5291666666667,33.100000000000016,121.4,-88.29999999999998,33.30000000000001,-44.859999999999985,169.10000000000002,6561.166666666667,0.0,0.0,0.8660254037844388,-0.4999999999999998,0.0
RP_Talhao_Central,2024-04-27,24.508333333333336,30.7,20.1,0.0,4.1899999999999995,0.36904166666666666,223.25,0.2398491888575557,2024-04,6.508333333333336,179.15,606.1125,22.400000000000013,122.8,-100.39999999999998,46.410000000000025,-55.23999999999998,179.40000000000003,6620.583333333334,0.0,0.0,0.8660254037844388,-0.4999999999999998,0.0
RP_Talhao_Central,2024-04-28,24.150000000000002,30.8,18.1,0.0,4.14,0.37037499999999995,223.33333333333334,0.2398491888575557,2024-04,6.150000000000002,180.03333333333333,605.425,20.200000000000017,123.99000000000001,-103.78999999999999,49.420000000000016,-53.13999999999997,179.8,6672.541666666667,0.0,0.0,0.8660254037844388,-0.4999999999999998,0.0
RP_Talhao_Central,2024-04-29,24.525000000000002,30.9,19.2,0.0,4.44,0.369,222.375,0.2398491888575557,2024-04,6.525000000000002,181.35000000000002,604.8375,16.80000000000001,124.73,-107.92999999999999,54.68000000000001,-53.64999999999999,183.10000000000002,6672.958333333333,0.0,0.0,0.8660254037844388,-0.4999999999999998,0.0
RP_Talhao_Central,2024-04-30,23.995833333333334,30.6,18.6,0.0,4.31,0.3619583333333333,231.29166666666666,0.2398491888575557,2024-04,5.995833333333334,181.38333333333335,604.0583333333333,16.100000000000016,124.66,-108.55999999999997,55.860000000000014,-54.869999999999976,182.60000000000002,6652.0,0.0,0.0,0.8660254037844388,-0.4999999999999998,0.0
RP_Talhao_Central,2024-05-01,24.191666666666666,31.1,18.4,0.0,4.39,0.35483333333333333,230.5,0.2425725066587306,2024-05,6.191666666666666,181.65833333333336,604.4416666666666,15.500000000000014,124.3,-108.79999999999998,57.51000000000002,-57.639999999999986,183.20000000000002,6625.541666666667,0.0,0.0,0.49999999999999994,-0.8660254037844387,0.0
RP_Talhao_Central,2024-05-02,24.3,31.2,18.4,0.0,4.53,0.34841666666666665,228.25,0.2425725066587306,2024-05,6.300000000000001,182.35416666666666,605.2291666666666,11.200000000000014,124.86,-113.65999999999998,63.520000000000024,-59.48999999999998,187.50000000000003,6629.25,0.0,0.0,0.49999999999999994,-0.8660254037844387,0.0
RP_Talhao_Central,2024-05-03,24.425,31.6,18.4,0.0,4.23,0.3405,222.5,0.2425725066587306,2024-05,6.425000000000001,182.29583333333335,604.275,11.200000000000014,124.53999999999999,-113.33999999999997,58.88000000000001,-55.33000000000001,181.9,6591.458333333334,0.0,0.0,0.49999999999999994,-0.8660254037844387,0.0
RP_Talhao_Central,2024-05-04,24.525000000000002,31.6,18.3,0.0,4.89,0.33479166666666665,228.16666666666666,0.2425725066587306,2024-05,6.525000000000002,181.26250000000002,605.7666666666667,11.100000000000014,124.89,-113.78999999999999,46.79000000000002,-49.459999999999994,170.10000000000002,6566.916666666666,0.0,0.0,0.49999999999999994,-0.8660254037844387,0.0
RP_Talhao_Central,2024-05-05,23.22083333333333,30.1,17.9,0.0,4.82,0.32995833333333335,229.875,0.2425725066587306,2024-05,5.220833333333331,179.19166666666666,604.6666666666666,11.100000000000014,125.77000000000001,-114.67,32.58000000000003,-35.219999999999985,154.60000000000002,6577.291666666666,0.0,0.0,0.49999999999999994,-0.8660254037844387,0.0
RP_Talhao_Central,2024-05-06,23.820833333333336,30.4,18.9,0.0,4.71,0.3252916666666667,224.04166666666666,0.2425725066587306,2024-05,5.820833333333336,177.8375,603.825,11.000000000000014,125.53999999999999,-114.53999999999998,31.059999999999988,-34.18999999999997,153.5,6546.375,0.0,0.0,0.49999999999999994,-0.8660254037844387,0.0
RP_Talhao_Central,2024-05-07,24.545833333333334,30.6,19.1,0.0,4.35,0.3214166666666667,213.95833333333334,0.2425725066587306,2024-05,6.545833333333334,177.90833333333336,603.3166666666667,10.500000000000014,124.98,-114.47999999999999,29.41000000000001,-33.589999999999975,152.4,6512.625,0.0,0.0,0.49999999999999994,-0.8660254037844387,0.0
RP_Talhao_Central,2024-05-08,24.070833333333336,30.3,18.8,0.0,4.29,0.31845833333333334,220.29166666666666,0.2425725066587306,2024-05,6.070833333333336,177.48333333333335,602.8416666666667,10.500000000000014,125.77,-115.26999999999998,7.489999999999995,-11.569999999999965,129.6,6563.958333333333,0.0,0.0,0.49999999999999994,-0.8660254037844387,0.0
RP_Talhao_Central,2024-05-09,23.1125,30.0,16.8,0.0,4.15,0.31420833333333337,217.33333333333334,0.2425725066587306,2024-05,5.112500000000001,177.11666666666667,600.1833333333333,3.500000000000014,126.37,-122.86999999999999,10.580000000000013,-5.6699999999999875,132.4,6581.5,0.0,0.0,0.49999999999999994,-0.8660254037844387,0.0
RP_Talhao_Central,2024-05-10,23.104166666666668,30.1,17.2,0.0,4.25,0.31083333333333335,218.70833333333334,0.2425725066587306,2024-05,5.104166666666668,176.2875,597.7833333333333,3.000000000000014,126.51,-123.50999999999999,12.200000000000017,-4.3799999999999955,132.70000000000002,6560.125,0.0,0.0,0.49999999999999994,-0.8660254037844387,0.0
RP_Talhao_Central,2024-05-11,23.900000000000002,30.5,17.1,0.0,4.16,0.3080833333333333,214.66666666666666,0.2425725066587306,2024-05,5.900000000000002,175.92083333333335,596.8041666666667,2.000000000000014,126.87,-124.86999999999999,13.710000000000008,-5.489999999999981,133.0,6562.333333333333,0.0,0.0,0.49999999999999994,-0.8660254037844387,0.0
RP_Talhao_Central,2024-05-12,23.629166666666666,30.2,18.0,0.0,4.31,0.3055,215.33333333333334,0.2425725066587306,2024-05,5.629166666666666,175.20416666666668,594.6083333333333,1.6000000000000143,127.36,-125.75999999999999,14.990000000000023,-6.269999999999982,133.10000000000002,6572.0,0.0,0.0,0.49999999999999994,-0.8660254037844387,0.0
RP_Talhao_Central,2024-05-13,23.3625,30.4,17.6,0.0,4.61,0.30304166666666665,217.5,0.2425725066587306,2024-05,5.362500000000001,174.07083333333335,591.0458333333333,1.5000000000000142,127.62,-126.11999999999999,16.060000000000016,-5.920000000000016,133.20000000000002,6553.375,0.0,0.0,0.49999999999999994,-0.8660254037844387,0.0
RP_Talhao_Central,2024-05-14,23.329166666666666,30.3,15.8,0.0,4.18,0.3009583333333333,199.04166666666666,0.2425725066587306,2024-05,5.329166666666666,173.09583333333336,589.8416666666667,1.1000000000000143,128.94,-127.83999999999999,18.18000000000002,-14.069999999999993,133.10000000000002,6615.083333333333,0.0,0.0,0.49999999999999994,-0.8660254037844387,0.0
RP_Talhao_Central,2024-05-15,22.704166666666666,28.9,17.2,0.0,3.49,0.29983333333333334,197.70833333333334,0.2425725066587306,2024-05,4.704166666666666,170.71250000000003,589.5166666666667,1.1000000000000143,128.32,-127.21999999999998,18.450000000000017,-23.949999999999974,132.3,6624.625,0.0,0.0,0.49999999999999994,-0.8660254037844387,0.0
RP_Talhao_Central,2024-05-16,24.27916666666667,31.7,18.0,0.0,4.27,0.298875,201.83333333333334,0.2425725066587306,2024-05,6.279166666666669,169.32083333333335,591.075,1.1000000000000143,128.12,-127.02,12.26000000000002,-28.169999999999987,125.30000000000001,6605.375,0.0,0.0,0.49999999999999994,-0.8660254037844387,0.0
RP_Talhao_Central,2024-05-17,25.037499999999998,31.0,18.2,0.0,4.12,0.2955,208.20833333333334,0.2425725066587306,2024-05,7.037499999999998,170.0875,592.8874999999999,1.0000000000000142,128.91,-127.90999999999998,13.330000000000027,-32.31999999999998,125.10000000000002,6635.208333333333,0.0,0.0,0.49999999999999994,-0.8660254037844387,0.0
RP_Talhao_Central,2024-05-18,23.520833333333332,30.8,16.4,0.0,3.99,0.2935833333333333,207.0,0.2425725066587306,2024-05,5.520833333333332,170.05,592.4916666666667,0.0,129.59,-129.59,4.190000000000026,-20.839999999999975,114.70000000000002,6667.458333333333,0.0,0.0,0.49999999999999994,-0.8660254037844387,0.0
RP_Talhao_Central,2024-05-19,22.912499999999998,30.2,16.2,0.0,3.58,0.2925,187.08333333333334,0.2425725066587306,2024-05,4.912499999999998,170.6166666666667,592.2666666666667,0.0,129.4,-129.4,-0.6399999999999864,-19.25999999999999,109.10000000000002,6645.291666666667,0.0,0.0,0.49999999999999994,-0.8660254037844387,0.0
RP_Talhao_Central,2024-05-20,22.9875,29.5,16.7,0.0,3.5300000000000002,0.29112499999999997,189.33333333333334,0.2425725066587306,2024-05,4.987500000000001,170.84166666666667,592.2666666666667,0.0,128.52,-128.52,-5.819999999999993,-27.359999999999985,104.00000000000001,6588.875,0.0,0.0,0.49999999999999994,-0.8660254037844387,0.0
RP_Talhao_Central,2024-05-21,23.395833333333332,29.8,18.0,0.0,4.45,0.2896666666666667,203.70833333333334,0.2425725066587306,2024-05,5.395833333333332,172.23333333333335,592.4875,0.0,128.48,-128.48,-11.659999999999982,-44.92999999999998,98.80000000000001,6542.458333333334,0.0,0.0,0.49999999999999994,-0.8660254037844387,0.0
RP_Talhao_Central,2024-05-22,23.070833333333336,29.3,18.2,0.0,4.38,0.28904166666666664,204.625,0.2425725066587306,2024-05,5.070833333333336,173.07083333333335,591.4083333333333,0.0,128.57,-128.57,-15.929999999999978,-40.579999999999984,96.40000000000002,6508.291666666666,0.0,0.0,0.49999999999999994,-0.8660254037844387,0.0
RP_Talhao_Central,2024-05-23,22.608333333333334,29.5,16.5,0.0,4.4,0.2877083333333333,206.375,0.2425725066587306,2024-05,4.608333333333334,173.3041666666667,588.8083333333334,0.0,128.51999999999998,-128.51999999999998,-19.389999999999986,-36.95,94.90000000000002,6473.833333333334,0.0,0.0,0.49999999999999994,-0.8660254037844387,0.0
RP_Talhao_Central,2024-05-24,23.0625,29.4,17.2,0.0,3.94,0.28675,173.95833333333334,0.2425725066587306,2024-05,5.0625,172.97916666666669,586.0875,0.0,128.09,-128.09,-27.059999999999974,-29.10999999999997,88.20000000000002,6415.958333333334,0.0,0.0,0.49999999999999994,-0.8660254037844387,0.0
RP_Talhao_Central,2024-05-25,21.020833333333332,26.3,16.6,5.6,2.59,0.28225,148.54166666666666,0.2425725066587306,2024-05,3.020833333333332,169.76666666666668,580.6875,5.600000000000014,126.10000000000001,-120.5,-64.46999999999997,9.0,53.600000000000016,6329.916666666666,0.0,0.0,0.49999999999999994,-0.8660254037844387,0.0
RP_Talhao_Central,2024-05-26,19.854166666666668,23.7,16.9,4.2,1.98,0.28720833333333334,108.70833333333333,0.2425725066587306,2024-05,1.8541666666666679,165.17083333333335,573.9125,9.800000000000015,123.66999999999999,-113.86999999999998,-88.29999999999998,33.30000000000001,33.100000000000016,6217.5,0.0,0.0,0.49999999999999994,-0.8660254037844387,0.0
RP_Talhao_Central,2024-05-27,21.462500000000002,28.1,17.2,0.30000000000000004,3.05,0.29691666666666666,167.54166666666666,0.2425725066587306,2024-05,3.462500000000002,162.12500000000003,568.3958333333334,10.100000000000014,122.53,-112.42999999999999,-100.39999999999998,46.410000000000025,22.400000000000013,6161.791666666666,0.0,0.0,0.49999999999999994,-0.8660254037844387,0.0
RP_Talhao_Central,2024-05-28,19.295833333333334,22.1,14.6,0.4,1.69,0.300625,80.45833333333333,0.2425725066587306,2024-05,1.2958333333333343,157.27083333333334,560.4041666666667,10.500000000000014,120.08,-109.57999999999998,-103.78999999999999,49.420000000000016,20.200000000000017,6018.916666666667,0.0,0.0,0.49999999999999994,-0.8660254037844387,0.0
RP_Talhao_Central,2024-05-29,16.6125,21.5,13.2,0.0,2.2,0.30491666666666667,146.33333333333334,0.2425725066587306,2024-05,0.0,150.74583333333334,550.6541666666667,10.500000000000014,117.84,-107.33999999999999,-107.92999999999999,54.68000000000001,16.80000000000001,5942.875,0.0,0.0,0.49999999999999994,-0.8660254037844387,0.0
RP_Talhao_Central,2024-05-30,15.8125,23.2,9.6,0.0,3.39,0.305125,205.04166666666666,0.2425725066587306,2024-05,0.0,144.75,541.4125,10.500000000000014,116.92,-106.41999999999999,-108.55999999999997,55.860000000000014,16.100000000000016,5916.625,0.0,1.0,0.49999999999999994,-0.8660254037844387,0.0
RP_Talhao_Central,2024-05-31,16.629166666666666,24.9,9.8,0.0,3.67,0.30745833333333333,203.875,0.2425725066587306,2024-05,0.0,138.55833333333334,533.1125,10.500000000000014,116.19999999999999,-105.69999999999997,-108.79999999999998,57.51000000000002,15.500000000000014,5890.0,0.0,2.0,0.49999999999999994,-0.8660254037844387,0.0
RP_Talhao_Central,2024-06-01,18.4875,25.9,13.2,0.0,3.98,0.30254166666666665,200.70833333333334,0.2258664533998439,2024-06,0.4875000000000007,132.74583333333337,524.5374999999999,10.500000000000014,115.64999999999999,-105.14999999999998,-113.65999999999998,63.520000000000024,11.200000000000014,5862.458333333333,0.0,2.0,1.2246467991473532e-16,-1.0,0.0
RP_Talhao_Central,2024-06-02,20.354166666666668,27.5,14.3,0.0,3.83,0.3002916666666667,179.79166666666666,0.2258664533998439,2024-06,2.354166666666668,128.675,518.0333333333334,10.500000000000014,115.25,-104.74999999999999,-113.33999999999997,58.88000000000001,11.200000000000014,5819.75,0.0,2.0,1.2246467991473532e-16,-1.0,0.0
RP_Talhao_Central,2024-06-03,21.287499999999998,27.2,16.5,0.0,3.41,0.300125,176.79166666666666,0.2258664533998439,2024-06,3.287499999999998,125.4375,514.4125,10.500000000000014,113.77000000000001,-103.27,-113.78999999999999,46.79000000000002,11.100000000000014,5768.375,0.0,2.0,1.2246467991473532e-16,-1.0,0.0
RP_Talhao_Central,2024-06-04,20.845833333333335,26.9,15.4,0.0,3.96,0.29983333333333334,191.08333333333334,0.2258664533998439,2024-06,2.845833333333335,123.06250000000001,510.05833333333334,10.500000000000014,112.91,-102.40999999999998,-114.67,32.58000000000003,11.100000000000014,5729.583333333334,0.0,2.0,1.2246467991473532e-16,-1.0,0.0
RP_Talhao_Central,2024-06-05,20.587500000000002,27.3,15.6,0.0,3.92,0.29991666666666666,194.70833333333334,0.2258664533998439,2024-06,2.587500000000002,119.82916666666668,505.225,10.500000000000014,112.12,-101.61999999999999,-114.53999999999998,31.059999999999988,11.000000000000014,5700.25,0.0,2.0,1.2246467991473532e-16,-1.0,0.0
RP_Talhao_Central,2024-06-06,20.458333333333332,27.3,14.8,0.0,3.65,0.30316666666666664,192.375,0.2258664533998439,2024-06,2.458333333333332,115.74166666666669,499.81666666666666,10.500000000000014,111.41999999999999,-100.91999999999997,-114.47999999999999,29.41000000000001,10.500000000000014,5678.666666666667,0.0,2.0,1.2246467991473532e-16,-1.0,0.0
RP_Talhao_Central,2024-06-07,20.575,27.3,14.6,0.0,3.68,0.305125,192.125,0.2258664533998439,2024-06,2.5749999999999993,112.24583333333334,494.57500000000005,10.500000000000014,110.81,-100.30999999999999,-115.26999999999998,7.489999999999995,10.500000000000014,5650.5,0.0,2.0,1.2246467991473532e-16,-1.0,0.0
RP_Talhao_Central,2024-06-08,20.383333333333333,27.8,14.2,0.0,3.66,0.30441666666666667,192.66666666666666,0.2258664533998439,2024-06,2.383333333333333,109.51666666666667,489.80833333333334,10.500000000000014,110.32,-99.81999999999998,-122.86999999999999,10.580000000000013,3.500000000000014,5625.833333333334,0.0,2.0,1.2246467991473532e-16,-1.0,0.0
RP_Talhao_Central,2024-06-09,20.770833333333332,28.1,14.8,0.0,3.46,0.3062916666666667,193.04166666666666,0.2258664533998439,2024-06,2.770833333333332,107.18333333333334,484.71250000000003,10.500000000000014,109.53,-99.02999999999999,-123.50999999999999,12.200000000000017,3.000000000000014,5600.166666666666,0.0,2.0,1.2246467991473532e-16,-1.0,0.0
RP_Talhao_Central,2024-06-10,20.349999999999998,27.8,13.9,0.0,3.46,0.304125,194.79166666666666,0.2258664533998439,2024-06,2.349999999999998,103.63333333333333,478.725,10.500000000000014,108.83,-98.32999999999998,-124.86999999999999,13.710000000000008,2.000000000000014,5580.291666666667,0.0,2.0,1.2246467991473532e-16,-1.0,0.0
RP_Talhao_Central,2024-06-11,20.720833333333335,28.3,13.8,0.0,3.68,0.3040833333333333,194.375,0.2258664533998439,2024-06,2.720833333333335,100.72500000000001,472.0375,10.500000000000014,108.2,-97.69999999999999,-125.75999999999999,14.990000000000023,1.6000000000000143,5559.333333333333,0.0,2.0,1.2246467991473532e-16,-1.0,0.0
RP_Talhao_Central,2024-06-12,20.695833333333333,28.2,15.0,0.0,4.19,0.30541666666666667,195.375,0.2258664533998439,2024-06,2.695833333333333,98.05833333333334,465.1583333333333,10.500000000000014,107.78,-97.27999999999999,-126.11999999999999,16.060000000000016,1.5000000000000142,5537.208333333333,0.0,2.0,1.2246467991473532e-16,-1.0,0.0
RP_Talhao_Central,2024-06-13,19.908333333333335,27.3,13.5,0.0,4.0,0.30920833333333336,195.125,0.2258664533998439,2024-06,1.908333333333335,94.63749999999999,457.48333333333335,10.500000000000014,107.60000000000001,-97.1,-127.83999999999999,18.18000000000002,1.1000000000000143,5533.291666666667,0.0,2.0,1.2246467991473532e-16,-1.0,0.0
RP_Talhao_Central,2024-06-14,20.866666666666667,28.1,15.5,0.0,4.11,0.30695833333333333,193.375,0.2258664533998439,2024-06,2.866666666666667,92.80000000000001,450.58750000000003,10.500000000000014,108.22,-97.71999999999998,-127.21999999999998,18.450000000000017,1.1000000000000143,5528.958333333333,0.0,2.0,1.2246467991473532e-16,-1.0,0.0
RP_Talhao_Central,2024-06-15,21.375,28.4,16.2,0.0,3.57,0.3035833333333333,188.875,0.2258664533998439,2024-06,3.375,89.89583333333334,444.4666666666667,10.500000000000014,107.52,-97.01999999999998,-127.02,12.26000000000002,1.1000000000000143,5516.0,0.0,2.0,1.2246467991473532e-16,-1.0,0.0
RP_Talhao_Central,2024-06-16,20.925,28.0,15.9,0.0,3.82,0.3010833333333333,190.66666666666666,0.2258664533998439,2024-06,2.9250000000000007,85.78333333333333,438.3708333333334,10.500000000000014,107.22,-96.71999999999998,-127.90999999999998,13.330000000000027,1.0000000000000142,5498.458333333334,0.0,2.0,1.2246467991473532e-16,-1.0,0.0
RP_Talhao_Central,2024-06-17,20.0,27.0,13.5,0.0,3.73,0.2999583333333333,193.58333333333334,0.2258664533998439,2024-06,2.0,82.2625,431.38750000000005,10.500000000000014,106.96000000000001,-96.46,-129.59,4.190000000000026,0.0,5485.041666666667,0.0,2.0,1.2246467991473532e-16,-1.0,0.0
RP_Talhao_Central,2024-06-18,19.400000000000002,26.8,12.6,0.0,3.53,0.2984583333333333,193.29166666666666,0.2258664533998439,2024-06,1.4000000000000021,78.75000000000001,424.29583333333335,10.500000000000014,106.91,-96.40999999999998,-129.4,-0.6399999999999864,0.0,5491.25,0.0,2.0,1.2246467991473532e-16,-1.0,0.0
RP_Talhao_Central,2024-06-19,20.579166666666666,28.2,14.1,0.0,4.0,0.29654166666666665,195.0,0.2258664533998439,2024-06,2.5791666666666657,76.34166666666668,418.5083333333333,10.500000000000014,107.38,-96.87999999999998,-128.52,-5.819999999999993,0.0,5496.916666666667,0.0,2.0,1.2246467991473532e-16,-1.0,0.0
RP_Talhao_Central,2024-06-20,19.779166666666665,27.6,13.5,0.0,4.11,0.2954583333333333,194.58333333333334,0.2258664533998439,2024-06,1.779166666666665,72.72500000000001,413.59583333333336,10.500000000000014,107.04,-96.53999999999999,-128.48,-11.659999999999982,0.0,5487.791666666667,0.0,2.0,1.2246467991473532e-16,-1.0,0.0
RP_Talhao_Central,2024-06-21,20.104166666666668,27.3,14.2,0.0,4.15,0.29320833333333335,192.91666666666666,0.2258664533998439,2024-06,2.104166666666668,69.75833333333333,412.12083333333334,10.500000000000014,106.81,-96.30999999999999,-128.57,-15.929999999999978,0.0,5476.083333333333,0.0,2.0,1.2246467991473532e-16,-1.0,0.0
RP_Talhao_Central,2024-06-22,21.8125,28.6,16.3,0.0,4.13,0.2920833333333333,171.75,0.2258664533998439,2024-06,3.8125,68.9625,412.18333333333334,10.500000000000014,106.53999999999999,-96.03999999999998,-128.51999999999998,-19.389999999999986,0.0,5441.458333333334,0.0,2.0,1.2246467991473532e-16,-1.0,0.0
RP_Talhao_Central,2024-06-23,22.420833333333334,29.3,16.2,0.0,3.67,0.29066666666666663,175.91666666666666,0.2258664533998439,2024-06,4.420833333333334,68.32083333333334,411.80833333333334,10.500000000000014,106.27,-95.76999999999998,-128.09,-27.059999999999974,0.0,5443.416666666666,0.0,2.0,1.2246467991473532e-16,-1.0,0.0
RP_Talhao_Central,2024-06-24,21.958333333333332,29.6,15.1,0.0,4.0200000000000005,0.2896666666666667,187.95833333333334,0.2258664533998439,2024-06,3.958333333333332,69.25833333333334,412.14166666666665,4.900000000000015,107.7,-102.79999999999998,-120.5,-64.46999999999997,5.600000000000014,5482.833333333334,0.0,2.0,1.2246467991473532e-16,-1.0,0.0
RP_Talhao_Central,2024-06-25,22.183333333333334,29.9,15.0,0.0,3.16,0.2891666666666666,165.58333333333334,0.2258664533998439,2024-06,4.183333333333334,71.5875,413.4458333333333,0.7000000000000143,108.88,-108.17999999999998,-113.86999999999998,-88.29999999999998,9.800000000000015,5539.708333333333,0.0,2.0,1.2246467991473532e-16,-1.0,0.0
RP_Talhao_Central,2024-06-26,22.462500000000002,29.6,16.1,0.0,4.14,0.28920833333333335,187.08333333333334,0.2258664533998439,2024-06,4.462500000000002,72.5875,413.8625,0.40000000000001423,109.97,-109.56999999999998,-112.42999999999999,-100.39999999999998,10.100000000000014,5559.25,0.0,2.0,1.2246467991473532e-16,-1.0,0.0
RP_Talhao_Central,2024-06-27,22.958333333333332,28.5,16.1,0.0,3.38,0.2875,169.70833333333334,0.2258664533998439,2024-06,4.958333333333332,76.25,413.5541666666667,0.0,111.66,-111.66,-109.57999999999998,-103.78999999999999,10.500000000000014,5648.5,0.0,2.0,1.2246467991473532e-16,-1.0,0.0
RP_Talhao_Central,2024-06-28,22.5,29.3,15.4,0.0,3.92,0.2866666666666666,168.08333333333334,0.2258664533998439,2024-06,4.5,80.75,412.84583333333336,0.0,113.38,-113.38,-107.33999999999999,-107.92999999999999,10.500000000000014,5670.25,0.0,2.0,1.2246467991473532e-16,-1.0,0.0
RP_Talhao_Central,2024-06-29,23.09166666666667,29.1,17.4,0.0,3.56,0.286,157.66666666666666,0.2258664533998439,2024-06,5.091666666666669,85.84166666666667,411.975,0.0,113.55,-113.55,-106.41999999999999,-108.55999999999997,10.500000000000014,5622.875,0.0,1.0,1.2246467991473532e-16,-1.0,0.0
RP_Talhao_Central,2024-06-30,21.220833333333335,27.9,16.0,0.2,3.48,0.28554166666666664,170.5,0.2258664533998439,2024-06,3.220833333333335,89.0625,409.2791666666667,0.20000000000001422,113.36,-113.15999999999998,-105.69999999999997,-108.79999999999998,10.500000000000014,5589.5,0.0,0.0,1.2246467991473532e-16,-1.0,0.0
RP_Talhao_Central,2024-07-01,18.145833333333332,21.6,14.8,1.0,2.08,0.2824166666666667,107.20833333333333,0.2103670109372478,2024-07,0.14583333333333215,88.72083333333333,403.8208333333333,1.2000000000000142,111.46000000000001,-110.25999999999999,-105.14999999999998,-113.65999999999998,10.500000000000014,5496.0,0.0,0.0,-0.4999999999999998,-0.8660254037844388,0.0
RP_Talhao_Central,2024-07-02,19.754166666666666,28.3,13.5,0.0,3.18,0.285,186.91666666666666,0.2103670109372478,2024-07,1.7541666666666664,88.12083333333334,399.0916666666667,1.2000000000000142,110.81,-109.60999999999999,-104.74999999999999,-113.33999999999997,10.500000000000014,5503.125,0.0,0.0,-0.4999999999999998,-0.8660254037844388,0.0
RP_Talhao_Central,2024-07-03,20.733333333333334,28.0,13.9,0.0,3.42,0.29324999999999996,172.58333333333334,0.2103670109372478,2024-07,2.7333333333333343,87.56666666666668,394.26666666666665,1.2000000000000142,110.82,-109.61999999999998,-103.27,-113.78999999999999,10.500000000000014,5498.916666666667,0.0,0.0,-0.4999999999999998,-0.8660254037844388,0.0
RP_Talhao_Central,2024-07-04,21.224999999999998,28.1,13.5,0.0,3.6300000000000003,0.290875,187.20833333333334,0.2103670109372478,2024-07,3.224999999999998,87.94583333333334,390.20000000000005,1.2000000000000142,110.49000000000001,-109.28999999999999,-102.40999999999998,-114.67,10.500000000000014,5495.041666666666,0.0,0.0,-0.4999999999999998,-0.8660254037844388,0.0
RP_Talhao_Central,2024-07-05,21.224999999999998,28.2,15.1,0.0,3.67,0.28891666666666665,174.70833333333334,0.2103670109372478,2024-07,3.224999999999998,88.58333333333333,386.25,1.2000000000000142,110.24,-109.03999999999998,-101.61999999999999,-114.53999999999998,10.500000000000014,5475.041666666667,0.0,0.0,-0.4999999999999998,-0.8660254037844388,0.0
RP_Talhao_Central,2024-07-06,20.908333333333335,28.3,14.7,0.0,3.98,0.29091666666666666,190.45833333333334,0.2103670109372478,2024-07,2.908333333333335,89.03333333333333,382.68333333333334,1.2000000000000142,110.57000000000001,-109.36999999999999,-100.91999999999997,-114.47999999999999,10.500000000000014,5473.125,0.0,0.0,-0.4999999999999998,-0.8660254037844388,0.0
RP_Talhao_Central,2024-07-07,22.070833333333336,29.3,14.9,0.0,3.97,0.2875,178.33333333333334,0.2103670109372478,2024-07,4.070833333333336,90.52916666666667,380.2583333333333,1.2000000000000142,110.86,-109.65999999999998,-100.30999999999999,-115.26999999999998,10.500000000000014,5459.333333333334,0.0,0.0,-0.4999999999999998,-0.8660254037844388,0.0
RP_Talhao_Central,2024-07-08,21.729166666666668,29.0,14.7,0.0,3.8,0.2866666666666666,188.75,0.2103670109372478,2024-07,3.729166666666668,91.87500000000001,378.5083333333334,1.2000000000000142,111.0,-109.79999999999998,-99.81999999999998,-122.86999999999999,10.500000000000014,5455.416666666667,0.0,0.0,-0.4999999999999998,-0.8660254037844388,0.0
RP_Talhao_Central,2024-07-09,20.724999999999998,27.5,15.6,0.0,3.17,0.286,164.95833333333334,0.2103670109372478,2024-07,2.724999999999998,91.82916666666667,375.3,1.2000000000000142,110.71,-109.50999999999998,-99.02999999999999,-123.50999999999999,10.500000000000014,5427.333333333333,0.0,0.0,-0.4999999999999998,-0.8660254037844388,0.0
RP_Talhao_Central,2024-07-10,20.479166666666668,27.3,15.1,0.4,3.19,0.28591666666666665,179.20833333333334,0.2103670109372478,2024-07,2.479166666666668,91.95833333333334,371.51250000000005,1.6000000000000143,110.44,-108.83999999999999,-98.32999999999998,-124.86999999999999,10.500000000000014,5411.75,0.0,0.0,-0.4999999999999998,-0.8660254037844388,0.0
RP_Talhao_Central,2024-07-11,22.858333333333334,31.2,16.6,0.0,3.81,0.28533333333333327,177.41666666666666,0.2103670109372478,2024-07,4.858333333333334,94.09583333333335,370.02500000000003,1.6000000000000143,110.57,-108.96999999999998,-97.69999999999999,-125.75999999999999,10.500000000000014,5394.791666666667,0.0,0.0,-0.4999999999999998,-0.8660254037844388,0.0
RP_Talhao_Central,2024-07-12,22.59583333333333,29.7,16.0,0.0,3.98,0.285,192.16666666666666,0.2103670109372478,2024-07,4.595833333333331,95.99583333333334,368.125,1.6000000000000143,110.36,-108.75999999999999,-97.27999999999999,-126.11999999999999,10.500000000000014,5391.583333333334,0.0,0.0,-0.4999999999999998,-0.8660254037844388,0.0
RP_Talhao_Central,2024-07-13,21.429166666666664,27.3,16.9,0.0,4.06,0.2844583333333333,193.25,0.2103670109372478,2024-07,3.4291666666666636,97.51666666666667,365.25,1.6000000000000143,110.42,-108.82,-97.1,-127.83999999999999,10.500000000000014,5389.708333333334,0.0,0.0,-0.4999999999999998,-0.8660254037844388,0.0
RP_Talhao_Central,2024-07-14,20.6375,27.6,15.2,0.0,3.96,0.284,197.125,0.2103670109372478,2024-07,2.6374999999999993,97.28750000000001,360.8,1.6000000000000143,110.27,-108.66999999999999,-97.71999999999998,-127.21999999999998,10.500000000000014,5393.458333333334,0.0,0.0,-0.4999999999999998,-0.8660254037844388,0.0
RP_Talhao_Central,2024-07-15,20.05,26.7,13.4,0.0,3.76,0.2835833333333333,195.16666666666666,0.2103670109372478,2024-07,2.0500000000000007,95.96249999999999,355.1791666666667,1.6000000000000143,110.46000000000001,-108.86,-97.01999999999998,-127.02,10.500000000000014,5399.75,0.0,0.0,-0.4999999999999998,-0.8660254037844388,0.0
RP_Talhao_Central,2024-07-16,20.179166666666667,27.2,14.1,0.0,4.13,0.283,198.79166666666666,0.2103670109372478,2024-07,2.179166666666667,95.21666666666667,351.08750000000003,1.6000000000000143,110.77,-109.16999999999999,-96.71999999999998,-127.90999999999998,10.500000000000014,5407.875,0.0,0.0,-0.4999999999999998,-0.8660254037844388,0.0
RP_Talhao_Central,2024-07-17,19.8875,27.4,14.2,0.0,3.66,0.283,199.54166666666666,0.2103670109372478,2024-07,1.8874999999999993,95.10416666666666,347.4166666666667,1.6000000000000143,110.69999999999999,-109.09999999999998,-96.46,-129.59,10.500000000000014,5413.833333333334,0.0,0.0,-0.4999999999999998,-0.8660254037844388,0.0
RP_Talhao_Central,2024-07-18,20.166666666666668,27.4,14.2,0.0,4.09,0.28254166666666664,203.70833333333334,0.2103670109372478,2024-07,2.166666666666668,95.87083333333332,345.2375,1.6000000000000143,111.25999999999999,-109.65999999999998,-96.40999999999998,-129.4,10.500000000000014,5424.25,0.0,0.0,-0.4999999999999998,-0.8660254037844388,0.0
RP_Talhao_Central,2024-07-19,20.129166666666666,27.8,13.1,0.0,4.29,0.282,207.5,0.2103670109372478,2024-07,2.1291666666666664,95.42083333333332,342.6041666666667,1.6000000000000143,111.55,-109.94999999999999,-96.87999999999998,-128.52,10.500000000000014,5436.75,0.0,0.0,-0.4999999999999998,-0.8660254037844388,0.0
RP_Talhao_Central,2024-07-20,19.995833333333334,27.9,12.7,0.0,4.2,0.282,206.79166666666666,0.2103670109372478,2024-07,1.9958333333333336,95.6375,340.59583333333336,1.6000000000000143,111.63999999999999,-110.03999999999998,-96.53999999999999,-128.48,10.500000000000014,5448.958333333334,0.0,0.0,-0.4999999999999998,-0.8660254037844388,0.0
RP_Talhao_Central,2024-07-21,20.087500000000002,27.6,13.6,0.0,4.26,0.2816666666666667,208.29166666666666,0.2103670109372478,2024-07,2.087500000000002,95.62083333333334,338.45,1.6000000000000143,111.75,-110.14999999999999,-96.30999999999999,-128.57,10.500000000000014,5464.333333333333,0.0,0.0,-0.4999999999999998,-0.8660254037844388,0.0
RP_Talhao_Central,2024-07-22,19.883333333333333,28.1,12.2,0.0,3.9699999999999998,0.281,208.41666666666666,0.2103670109372478,2024-07,1.8833333333333329,93.69166666666666,335.9583333333333,1.6000000000000143,111.59,-109.99,-96.03999999999998,-128.51999999999998,10.500000000000014,5501.0,0.0,0.0,-0.4999999999999998,-0.8660254037844388,0.0
RP_Talhao_Central,2024-07-23,20.441666666666666,28.2,13.2,0.0,4.71,0.281,209.75,0.2103670109372478,2024-07,2.4416666666666664,91.7125,333.01250000000005,1.6000000000000143,112.63000000000001,-111.03,-95.76999999999998,-128.09,10.500000000000014,5534.833333333334,0.0,0.0,-0.4999999999999998,-0.8660254037844388,0.0
RP_Talhao_Central,2024-07-24,20.175,27.8,14.4,0.0,4.58,0.281,209.66666666666666,0.2103670109372478,2024-07,2.1750000000000007,89.92916666666667,328.95416666666665,1.6000000000000143,113.19,-111.58999999999999,-102.79999999999998,-120.5,4.900000000000015,5556.541666666666,0.0,0.0,-0.4999999999999998,-0.8660254037844388,0.0
RP_Talhao_Central,2024-07-25,19.7,27.7,12.8,0.0,4.0600000000000005,0.281,209.20833333333334,0.2103670109372478,2024-07,1.6999999999999993,87.44583333333334,324.20416666666665,1.6000000000000143,114.09,-112.49,-108.17999999999998,-113.86999999999998,0.7000000000000143,5600.166666666667,0.0,0.0,-0.4999999999999998,-0.8660254037844388,0.0
RP_Talhao_Central,2024-07-26,19.8125,27.4,13.1,0.0,4.05,0.28058333333333335,199.0,0.2103670109372478,2024-07,1.8125,84.79583333333333,319.5083333333333,1.6000000000000143,114.0,-112.39999999999999,-109.56999999999998,-112.42999999999999,0.40000000000001423,5612.083333333334,0.0,0.0,-0.4999999999999998,-0.8660254037844388,0.0
RP_Talhao_Central,2024-07-27,21.104166666666668,29.5,13.3,0.0,4.36,0.28,200.33333333333334,0.2103670109372478,2024-07,3.104166666666668,82.94166666666666,316.46250000000003,1.6000000000000143,114.98,-113.38,-111.66,-109.57999999999998,0.0,5642.708333333333,0.0,0.0,-0.4999999999999998,-0.8660254037844388,0.0
RP_Talhao_Central,2024-07-28,22.391666666666666,30.7,15.5,0.0,4.38,0.28,207.04166666666666,0.2103670109372478,2024-07,4.391666666666666,82.83333333333334,314.32916666666665,1.6000000000000143,115.44,-113.83999999999999,-113.38,-107.33999999999999,0.0,5681.666666666667,0.0,0.0,-0.4999999999999998,-0.8660254037844388,0.0
RP_Talhao_Central,2024-07-29,23.604166666666668,31.4,16.3,0.0,4.67,0.28,200.33333333333334,0.2103670109372478,2024-07,5.604166666666668,83.34583333333333,313.9375,1.6000000000000143,116.55,-114.94999999999999,-113.55,-106.41999999999999,0.0,5724.333333333333,0.0,0.0,-0.4999999999999998,-0.8660254037844388,0.0
RP_Talhao_Central,2024-07-30,20.458333333333332,26.5,15.8,0.0,4.06,0.28,179.125,0.2103670109372478,2024-07,2.458333333333332,82.58333333333334,310.20416666666665,1.4000000000000141,117.13,-115.72999999999998,-113.15999999999998,-105.69999999999997,0.20000000000001422,5732.958333333333,0.0,0.0,-0.4999999999999998,-0.8660254037844388,0.0
RP_Talhao_Central,2024-07-31,21.333333333333332,28.4,15.8,0.0,4.38,0.28,196.79166666666666,0.2103670109372478,2024-07,3.333333333333332,85.77083333333333,307.2375,0.40000000000001423,119.42999999999999,-119.02999999999997,-110.25999999999999,-105.14999999999998,1.2000000000000142,5822.541666666667,0.0,0.0,-0.4999999999999998,-0.8660254037844388,0.0
RP_Talhao_Central,2024-08-01,22.1125,29.5,16.5,0.0,5.08,0.28,209.45833333333334,0.1890289407124534,2024-08,4.112500000000001,88.12916666666666,304.92500000000007,0.40000000000001423,121.33,-120.92999999999998,-109.60999999999999,-104.74999999999999,1.2000000000000142,5845.083333333333,0.0,0.0,-0.8660254037844384,-0.5000000000000004,0.0
RP_Talhao_Central,2024-08-02,22.40416666666667,29.3,16.5,0.0,5.12,0.28,190.54166666666666,0.1890289407124534,2024-08,4.404166666666669,89.8,302.8041666666667,0.40000000000001423,123.03,-122.62999999999998,-109.61999999999998,-103.27,1.2000000000000142,5863.041666666667,0.0,0.0,-0.8660254037844384,-0.5000000000000004,0.0
RP_Talhao_Central,2024-08-03,22.829166666666666,29.4,17.3,0.0,5.14,0.2797083333333334,189.83333333333334,0.1890289407124534,2024-08,4.829166666666666,91.40416666666667,302.4125,0.40000000000001423,124.54,-124.13999999999999,-109.28999999999999,-102.40999999999998,1.2000000000000142,5865.666666666667,0.0,0.0,-0.8660254037844384,-0.5000000000000004,0.0
RP_Talhao_Central,2024-08-04,22.95,29.6,17.1,0.0,4.24,0.279,176.95833333333334,0.1890289407124534,2024-08,4.949999999999999,93.12916666666668,301.54166666666663,0.40000000000001423,125.11,-124.70999999999998,-109.03999999999998,-101.61999999999999,1.2000000000000142,5867.916666666666,0.0,0.0,-0.8660254037844384,-0.5000000000000004,0.0
RP_Talhao_Central,2024-08-05,23.108333333333334,29.9,17.4,0.0,4.72,0.279,217.375,0.1890289407124534,2024-08,5.108333333333334,95.32916666666667,300.1041666666667,0.40000000000001423,125.85,-125.44999999999997,-109.36999999999999,-100.91999999999997,1.2000000000000142,5894.833333333334,0.0,0.0,-0.8660254037844384,-0.5000000000000004,0.0
RP_Talhao_Central,2024-08-06,23.233333333333334,29.9,17.4,0.0,5.08,0.279,218.25,0.1890289407124534,2024-08,5.233333333333334,96.49166666666667,299.26666666666665,0.40000000000001423,126.96000000000001,-126.55999999999999,-109.65999999999998,-100.30999999999999,1.2000000000000142,5934.75,0.0,0.0,-0.8660254037844384,-0.5000000000000004,0.0
RP_Talhao_Central,2024-08-07,23.370833333333334,29.6,18.0,0.0,5.17,0.279,220.83333333333334,0.1890289407124534,2024-08,5.370833333333334,98.13333333333333,299.52500000000003,0.40000000000001423,128.33,-127.92999999999999,-109.79999999999998,-99.81999999999998,1.2000000000000142,5966.833333333333,0.0,0.0,-0.8660254037844384,-0.5000000000000004,0.0
RP_Talhao_Central,2024-08-08,24.90416666666667,31.6,16.0,0.0,4.89,0.279,196.41666666666666,0.1890289407124534,2024-08,6.904166666666669,102.3125,301.325,0.40000000000001423,130.05,-129.65,-109.50999999999998,-99.02999999999999,1.2000000000000142,5998.291666666666,0.0,0.0,-0.8660254037844384,-0.5000000000000004,0.0
RP_Talhao_Central,2024-08-09,22.1875,25.9,17.6,1.7999999999999998,3.33,0.279,128.04166666666666,0.1890289407124534,2024-08,4.1875,104.02083333333334,299.6125,1.800000000000014,130.19,-128.39,-108.83999999999999,-98.32999999999998,1.6000000000000143,5947.125,0.0,0.0,-0.8660254037844384,-0.5000000000000004,0.0
RP_Talhao_Central,2024-08-10,14.629166666666668,18.5,10.5,4.3,2.0300000000000002,0.279,130.70833333333334,0.1890289407124534,2024-08,0.0,99.1625,293.98333333333335,6.100000000000014,128.41,-122.30999999999999,-108.96999999999998,-97.69999999999999,1.6000000000000143,5900.416666666666,0.0,0.0,-0.8660254037844384,-0.5000000000000004,0.0
RP_Talhao_Central,2024-08-11,13.954166666666666,22.9,6.8,0.0,3.53,0.279,233.5,0.1890289407124534,2024-08,0.0,94.56666666666666,288.62083333333334,6.100000000000014,127.96,-121.85999999999999,-108.75999999999999,-97.27999999999999,1.6000000000000143,5941.75,0.0,1.0,-0.8660254037844384,-0.5000000000000004,0.0
RP_Talhao_Central,2024-08-12,15.633333333333333,23.9,8.2,0.0,4.0600000000000005,0.279,218.125,0.1890289407124534,2024-08,0.0,91.13750000000002,283.29166666666663,6.100000000000014,127.96,-121.85999999999999,-108.82,-97.1,1.6000000000000143,5966.625,0.0,2.0,-0.8660254037844384,-0.5000000000000004,0.0
RP_Talhao_Central,2024-08-13,16.108333333333334,24.5,8.8,0.0,4.45,0.279125,235.29166666666666,0.1890289407124534,2024-08,0.0,88.5,278.5875,6.100000000000014,128.45,-122.34999999999998,-108.66999999999999,-97.71999999999998,1.6000000000000143,6004.791666666666,0.0,3.0,-0.8660254037844384,-0.5000000000000004,0.0
RP_Talhao_Central,2024-08-14,19.525000000000002,29.9,11.3,0.0,4.66,0.279,232.08333333333334,0.1890289407124534,2024-08,1.5250000000000021,87.97500000000001,273.83333333333337,6.100000000000014,129.35,-123.24999999999999,-108.86,-97.01999999999998,1.6000000000000143,6041.708333333334,0.0,3.0,-0.8660254037844384,-0.5000000000000004,0.0
RP_Talhao_Central,2024-08-15,22.791666666666668,31.9,14.9,0.0,4.6899999999999995,0.279,226.375,0.1890289407124534,2024-08,4.791666666666668,90.5875,271.58750000000003,6.100000000000014,129.91,-123.80999999999999,-109.16999999999999,-96.71999999999998,1.6000000000000143,6069.291666666666,0.0,3.0,-0.8660254037844384,-0.5000000000000004,0.0
RP_Talhao_Central,2024-08-16,24.370833333333334,33.1,16.5,0.0,4.69,0.279,228.125,0.1890289407124534,2024-08,6.370833333333334,95.07083333333335,272.4375,6.100000000000014,130.94,-124.83999999999999,-109.09999999999998,-96.46,1.6000000000000143,6097.875,0.0,3.0,-0.8660254037844384,-0.5000000000000004,0.0
RP_Talhao_Central,2024-08-17,24.7625,33.4,16.8,0.0,5.34,0.279,231.91666666666666,0.1890289407124534,2024-08,6.762499999999999,99.66666666666669,274.2875,6.100000000000014,132.19,-126.08999999999999,-109.65999999999998,-96.40999999999998,1.6000000000000143,6126.083333333333,0.0,3.0,-0.8660254037844384,-0.5000000000000004,0.0
RP_Talhao_Central,2024-08-18,24.754166666666666,33.5,16.0,0.0,5.58,0.279,235.29166666666666,0.1890289407124534,2024-08,6.754166666666666,104.29166666666669,276.0541666666667,6.100000000000014,133.48,-127.37999999999998,-109.94999999999999,-96.87999999999998,1.6000000000000143,6153.875,0.0,3.0,-0.8660254037844384,-0.5000000000000004,0.0
RP_Talhao_Central,2024-08-19,24.891666666666666,33.4,16.1,0.0,5.13,0.279,235.58333333333334,0.1890289407124534,2024-08,6.891666666666666,109.18750000000001,277.55,6.100000000000014,134.41,-128.30999999999997,-110.03999999999998,-96.53999999999999,1.6000000000000143,6182.666666666667,0.0,3.0,-0.8660254037844384,-0.5000000000000004,0.0
RP_Talhao_Central,2024-08-20,24.495833333333334,33.5,15.4,0.0,5.38,0.279,235.20833333333334,0.1890289407124534,2024-08,6.495833333333334,113.59583333333333,278.975,6.100000000000014,135.52999999999997,-129.42999999999995,-110.14999999999999,-96.30999999999999,1.6000000000000143,6209.583333333334,0.0,3.0,-0.8660254037844384,-0.5000000000000004,0.0
RP_Talhao_Central,2024-08-21,24.875,33.1,17.4,0.0,5.9799999999999995,0.279,237.79166666666666,0.1890289407124534,2024-08,6.875,118.5875,281.2416666666667,6.100000000000014,137.54,-131.43999999999997,-109.99,-96.03999999999998,1.6000000000000143,6238.958333333333,0.0,3.0,-0.8660254037844384,-0.5000000000000004,0.0
RP_Talhao_Central,2024-08-22,24.625,33.5,16.7,0.0,6.06,0.279,241.875,0.1890289407124534,2024-08,6.625,122.77083333333334,282.8041666666667,6.100000000000014,138.89000000000001,-132.79,-111.03,-95.76999999999998,1.6000000000000143,6271.083333333333,0.0,3.0,-0.8660254037844384,-0.5000000000000004,0.0
RP_Talhao_Central,2024-08-23,25.775000000000002,34.8,17.7,0.0,6.54,0.279,238.625,0.1890289407124534,2024-08,7.775000000000002,128.37083333333334,287.55833333333334,6.100000000000014,140.85,-134.74999999999997,-111.58999999999999,-102.79999999999998,1.6000000000000143,6300.041666666667,0.0,3.0,-0.8660254037844384,-0.5000000000000004,0.0
RP_Talhao_Central,2024-08-24,25.254166666666666,34.7,17.4,0.0,6.85,0.279,231.16666666666666,0.1890289407124534,2024-08,7.254166666666666,133.925,292.9583333333333,6.100000000000014,143.64,-137.53999999999996,-112.49,-108.17999999999998,1.6000000000000143,6322.0,0.0,3.0,-0.8660254037844384,-0.5000000000000004,0.0
RP_Talhao_Central,2024-08-25,17.599999999999998,19.9,12.2,10.0,1.02,0.279,50.75,0.1890289407124534,2024-08,0.0,132.1125,289.49583333333334,16.100000000000016,140.61,-124.50999999999999,-112.39999999999999,-109.56999999999998,1.6000000000000143,6173.75,0.0,3.0,-0.8660254037844384,-0.5000000000000004,0.0
RP_Talhao_Central,2024-08-26,16.095833333333335,22.5,11.9,0.8,3.4,0.279,192.04166666666666,0.1890289407124534,2024-08,0.0,129.00833333333335,288.2,16.900000000000013,139.65,-122.75,-113.38,-111.66,1.6000000000000143,6165.458333333333,0.0,3.0,-0.8660254037844384,-0.5000000000000004,0.0
RP_Talhao_Central,2024-08-27,17.900000000000002,27.8,8.9,0.0,4.95,0.279,248.0,0.1890289407124534,2024-08,0.0,124.61666666666667,288.2,16.900000000000013,140.22,-123.32,-113.83999999999999,-113.38,1.6000000000000143,6206.416666666666,0.0,4.0,-0.8660254037844384,-0.5000000000000004,0.0
RP_Talhao_Central,2024-08-28,22.241666666666664,31.3,14.4,0.0,5.63,0.279,239.29166666666666,0.1890289407124534,2024-08,4.241666666666664,123.25416666666668,292.44166666666666,16.900000000000013,141.17999999999998,-124.27999999999997,-114.94999999999999,-113.55,1.6000000000000143,6245.375,0.0,4.0,-0.8660254037844384,-0.5000000000000004,0.0
RP_Talhao_Central,2024-08-29,23.820833333333336,31.5,17.8,0.0,5.72,0.279,241.75,0.1890289407124534,2024-08,5.820833333333336,126.61666666666667,298.2625,16.900000000000013,142.84,-125.94,-115.72999999999998,-113.15999999999998,1.4000000000000141,6308.0,0.0,4.0,-0.8660254037844384,-0.5000000000000004,0.0
RP_Talhao_Central,2024-08-30,23.3125,31.2,16.9,0.0,5.68,0.279,246.33333333333334,0.1890289407124534,2024-08,5.3125,128.59583333333333,303.0875,16.900000000000013,144.14,-127.23999999999998,-119.02999999999997,-110.25999999999999,0.40000000000001423,6357.541666666666,0.0,4.0,-0.8660254037844384,-0.5000000000000004,0.0
RP_Talhao_Central,2024-08-31,23.075,32.1,14.4,0.0,5.42,0.279,249.95833333333334,0.1890289407124534,2024-08,5.074999999999999,129.55833333333334,305.8083333333334,16.900000000000013,144.48,-127.57999999999998,-120.92999999999998,-109.60999999999999,0.40000000000001423,6398.041666666667,0.0,4.0,-0.8660254037844384,-0.5000000000000004,0.0
RP_Talhao_Central,2024-09-01,24.458333333333332,33.7,14.0,0.0,5.6899999999999995,0.279,251.29166666666666,0.162066400828147,2024-09,6.458333333333332,131.6125,308.9791666666667,16.900000000000013,145.05,-128.15,-122.62999999999998,-109.61999999999998,0.40000000000001423,6458.791666666666,0.0,4.0,-1.0,-1.8369701987210297e-16,0.0
RP_Talhao_Central,2024-09-02,24.7625,33.9,15.4,0.0,5.5,0.279,249.29166666666666,0.162066400828147,2024-09,6.762499999999999,133.54583333333335,312.8958333333333,16.900000000000013,145.41000000000003,-128.51000000000002,-124.13999999999999,-109.28999999999999,0.40000000000001423,6518.25,0.0,4.0,-1.0,-1.8369701987210297e-16,0.0
RP_Talhao_Central,2024-09-03,25.379166666666666,35.1,16.2,0.0,5.49,0.279,250.875,0.162066400828147,2024-09,7.379166666666666,135.97500000000002,317.6875,16.900000000000013,146.66,-129.76,-124.70999999999998,-109.03999999999998,0.40000000000001423,6592.166666666666,1.0,4.0,-1.0,-1.8369701987210297e-16,0.0
RP_Talhao_Central,2024-09-04,27.254166666666666,36.1,19.4,0.0,6.53,0.279,246.95833333333334,0.162066400828147,2024-09,9.254166666666666,140.12083333333334,324.48333333333335,16.900000000000013,148.47,-131.57,-125.44999999999997,-109.36999999999999,0.40000000000001423,6621.749999999999,2.0,4.0,-1.0,-1.8369701987210297e-16,0.0
RP_Talhao_Central,2024-09-05,27.462500000000002,36.6,19.0,0.0,6.73,0.279,248.16666666666666,0.162066400828147,2024-09,9.462500000000002,144.35000000000002,331.37083333333334,16.900000000000013,150.12,-133.22,-126.55999999999999,-109.65999999999998,0.40000000000001423,6651.666666666667,3.0,4.0,-1.0,-1.8369701987210297e-16,0.0
RP_Talhao_Central,2024-09-06,25.629166666666666,35.6,16.8,0.0,5.65,0.279,248.41666666666666,0.162066400828147,2024-09,7.629166666666666,146.60833333333335,336.6166666666667,16.900000000000013,150.6,-133.7,-127.92999999999999,-109.79999999999998,0.40000000000001423,6679.25,4.0,4.0,-1.0,-1.8369701987210297e-16,0.0
RP_Talhao_Central,2024-09-07,27.879166666666666,35.7,21.1,0.0,6.44,0.279,229.66666666666666,0.162066400828147,2024-09,9.879166666666666,149.58333333333334,343.725,16.900000000000013,152.14999999999998,-135.24999999999997,-129.65,-109.50999999999998,0.40000000000001423,6712.5,5.0,4.0,-1.0,-1.8369701987210297e-16,0.0
RP_Talhao_Central,2024-09-08,27.712500000000002,36.4,20.1,0.0,6.39,0.279,241.79166666666666,0.162066400828147,2024-09,9.712500000000002,155.10833333333335,351.0875,15.100000000000014,155.21,-140.10999999999999,-128.39,-108.83999999999999,1.800000000000014,6826.25,6.0,4.0,-1.0,-1.8369701987210297e-16,0.0
RP_Talhao_Central,2024-09-09,27.020833333333332,34.6,20.1,0.0,6.3,0.279,253.04166666666666,0.162066400828147,2024-09,9.020833333333332,164.12916666666666,357.38750000000005,10.800000000000015,159.48000000000002,-148.68,-122.30999999999999,-108.96999999999998,6.100000000000014,6948.583333333333,6.0,4.0,-1.0,-1.8369701987210297e-16,0.0
RP_Talhao_Central,2024-09-10,26.133333333333336,34.2,18.2,0.0,6.12,0.279,256.1666666666667,0.162066400828147,2024-09,8.133333333333336,172.26250000000002,362.82500000000005,10.800000000000015,162.07,-151.26999999999998,-121.85999999999999,-108.75999999999999,6.100000000000014,6971.25,6.0,3.0,-1.0,-1.8369701987210297e-16,0.0
RP_Talhao_Central,2024-09-11,26.445833333333336,34.9,19.1,0.0,6.36,0.279,248.45833333333334,0.162066400828147,2024-09,8.445833333333336,180.70833333333334,369.3625,10.800000000000015,164.37,-153.57,-121.85999999999999,-108.82,6.100000000000014,7001.583333333334,6.0,2.0,-1.0,-1.8369701987210297e-16,0.0
RP_Talhao_Central,2024-09-12,26.858333333333334,34.9,18.2,0.0,6.53,0.279,260.2083333333333,0.162066400828147,2024-09,8.858333333333334,189.5666666666667,375.3541666666667,10.800000000000015,166.45000000000002,-155.65,-122.34999999999998,-108.66999999999999,6.100000000000014,7026.5,6.0,1.0,-1.0,-1.8369701987210297e-16,0.0
RP_Talhao_Central,2024-09-13,27.433333333333334,35.2,19.7,0.0,6.62,0.279,258.5,0.162066400828147,2024-09,9.433333333333334,197.47500000000002,381.4125,10.800000000000015,168.41,-157.60999999999999,-123.24999999999999,-108.86,6.100000000000014,7052.916666666666,7.0,1.0,-1.0,-1.8369701987210297e-16,0.0
RP_Talhao_Central,2024-09-14,28.020833333333332,36.2,21.1,0.0,5.74,0.279,217.54166666666666,0.162066400828147,2024-09,10.020833333333332,202.70416666666665,388.5083333333334,10.800000000000015,169.45999999999998,-158.65999999999997,-123.80999999999999,-109.16999999999999,6.100000000000014,7044.083333333333,8.0,1.0,-1.0,-1.8369701987210297e-16,0.0
RP_Talhao_Central,2024-09-15,28.304166666666664,36.1,21.5,0.0,6.03,0.279,221.25,0.162066400828147,2024-09,10.304166666666664,206.63750000000002,396.8125,10.800000000000015,170.79999999999998,-159.99999999999997,-124.83999999999999,-109.09999999999998,6.100000000000014,7037.208333333334,9.0,1.0,-1.0,-1.8369701987210297e-16,0.0
RP_Talhao_Central,2024-09-16,22.070833333333336,25.4,19.0,1.1,2.68,0.279,105.25,0.162066400828147,2024-09,4.070833333333336,203.94583333333333,399.48333333333335,11.900000000000015,168.14,-156.23999999999998,-126.08999999999999,-109.65999999999998,6.100000000000014,6910.541666666667,9.0,1.0,-1.0,-1.8369701987210297e-16,0.0
RP_Talhao_Central,2024-09-17,22.945833333333336,31.1,15.6,0.0,5.7700000000000005,0.279,260.4166666666667,0.162066400828147,2024-09,4.945833333333336,202.13750000000002,401.85,11.900000000000015,168.33,-156.43,-127.37999999999998,-109.94999999999999,6.100000000000014,6935.666666666666,9.0,1.0,-1.0,-1.8369701987210297e-16,0.0
RP_Talhao_Central,2024-09-18,25.412499999999998,33.6,18.4,0.0,6.14,0.278625,250.91666666666666,0.162066400828147,2024-09,7.412499999999998,202.65833333333336,407.48333333333335,11.900000000000015,169.34,-157.44,-128.30999999999997,-110.03999999999998,6.100000000000014,6951.0,9.0,1.0,-1.0,-1.8369701987210297e-16,0.0
RP_Talhao_Central,2024-09-19,28.15833333333333,36.0,21.1,0.0,6.39,0.278,252.875,0.162066400828147,2024-09,10.158333333333331,206.32083333333335,415.5375,11.900000000000015,170.35,-158.45,-129.42999999999995,-110.14999999999999,6.100000000000014,6968.666666666666,10.0,1.0,-1.0,-1.8369701987210297e-16,0.0
RP_Talhao_Central,2024-09-20,29.099999999999998,36.7,22.0,0.0,6.54,0.278,253.79166666666666,0.162066400828147,2024-09,11.099999999999998,210.54583333333335,422.82500000000005,11.900000000000015,170.91,-159.01,-131.43999999999997,-109.99,6.100000000000014,6984.666666666667,11.0,1.0,-1.0,-1.8369701987210297e-16,0.0
RP_Talhao_Central,2024-09-21,26.65416666666667,32.2,21.3,0.0,4.48,0.278,178.25,0.162066400828147,2024-09,8.654166666666669,212.57500000000002,427.05833333333334,11.900000000000015,169.32999999999998,-157.42999999999998,-132.79,-111.03,6.100000000000014,6921.041666666667,11.0,1.0,-1.0,-1.8369701987210297e-16,0.0
RP_Talhao_Central,2024-09-22,27.96666666666667,35.7,21.0,0.0,5.74,0.278,248.625,0.162066400828147,2024-09,9.966666666666669,214.76666666666668,433.0666666666667,11.900000000000015,168.53,-156.63,-134.74999999999997,-111.58999999999999,6.100000000000014,6931.041666666667,12.0,1.0,-1.0,-1.8369701987210297e-16,0.0
RP_Talhao_Central,2024-09-23,29.1875,37.5,22.0,0.0,6.49,0.278,267.5416666666667,0.162066400828147,2024-09,11.1875,218.70000000000002,440.0708333333334,11.900000000000015,168.17000000000002,-156.27,-137.53999999999996,-112.49,6.100000000000014,6967.416666666666,13.0,1.0,-1.0,-1.8369701987210297e-16,0.0
RP_Talhao_Central,2024-09-24,29.65416666666667,37.3,22.7,0.0,6.62,0.278,260.8333333333333,0.162066400828147,2024-09,11.654166666666669,230.35416666666669,447.2625,1.9000000000000143,173.77,-171.87,-124.50999999999999,-112.39999999999999,16.100000000000016,7177.5,14.0,1.0,-1.0,-1.8369701987210297e-16,0.0
RP_Talhao_Central,2024-09-25,29.854166666666668,37.1,23.2,0.0,7.29,0.278,274.1666666666667,0.162066400828147,2024-09,11.854166666666668,242.20833333333334,454.15833333333336,1.1000000000000143,177.66,-176.55999999999997,-122.75,-113.38,16.900000000000013,7259.625,15.0,1.0,-1.0,-1.8369701987210297e-16,0.0
RP_Talhao_Central,2024-09-26,29.858333333333334,38.4,21.8,0.0,6.78,0.278,268.0,0.162066400828147,2024-09,11.858333333333334,254.0666666666667,461.5166666666667,1.1000000000000143,179.49,-178.39,-123.32,-113.83999999999999,16.900000000000013,7279.625,16.0,0.0,-1.0,-1.8369701987210297e-16,0.0
RP_Talhao_Central,2024-09-27,28.291666666666668,36.8,23.6,6.1,6.36,0.278,242.33333333333334,0.162066400828147,2024-09,10.291666666666668,260.1166666666667,466.71666666666664,7.2000000000000135,180.22,-173.01999999999998,-124.27999999999997,-114.94999999999999,16.900000000000013,7282.666666666667,17.0,0.0,-1.0,-1.8369701987210297e-16,0.0
RP_Talhao_Central,2024-09-28,26.537499999999998,34.5,18.9,0.0,6.37,0.278,269.0833333333333,0.162066400828147,2024-09,8.537499999999998,262.83333333333337,472.03333333333336,7.2000000000000135,180.87,-173.67,-125.94,-115.72999999999998,16.900000000000013,7310.0,17.0,0.0,-1.0,-1.8369701987210297e-16,0.0
RP_Talhao_Central,2024-09-29,27.429166666666664,34.6,20.4,0.0,6.73,0.278,270.625,0.162066400828147,2024-09,9.429166666666664,266.95,481.3166666666667,7.2000000000000135,181.92000000000002,-174.72,-127.23999999999998,-119.02999999999997,16.900000000000013,7334.291666666667,17.0,0.0,-1.0,-1.8369701987210297e-16,0.0
RP_Talhao_Central,2024-09-30,28.47083333333333,35.0,22.6,0.0,7.32,0.278,280.5,0.162066400828147,2024-09,10.470833333333331,272.34583333333336,490.0333333333333,7.2000000000000135,183.82000000000002,-176.62,-127.57999999999998,-120.92999999999998,16.900000000000013,7364.833333333333,17.0,0.0,-1.0,-1.8369701987210297e-16,0.0
RP_Talhao_Central,2024-10-01,29.2375,36.5,22.2,0.0,6.97,0.278,270.2916666666667,0.175071891006464,2024-10,11.2375,277.125,498.5375,7.2000000000000135,185.1,-177.89999999999998,-128.15,-122.62999999999998,16.900000000000013,7383.833333333334,18.0,0.0,-0.8660254037844386,0.5,0.0
RP_Talhao_Central,2024-10-02,30.3625,38.5,22.0,0.0,7.02,0.278,264.0416666666667,0.175071891006464,2024-10,12.3625,282.725,507.675,7.2000000000000135,186.62,-179.42,-128.51000000000002,-124.13999999999999,16.900000000000013,7398.583333333334,19.0,0.0,-0.8660254037844386,0.5,0.0
RP_Talhao_Central,2024-10-03,28.6375,37.1,21.2,0.0,7.319999999999999,0.278,257.5416666666667,0.175071891006464,2024-10,10.6375,285.98333333333335,515.0875000000001,7.2000000000000135,188.45000000000002,-181.25,-129.76,-124.70999999999998,16.900000000000013,7405.25,19.0,0.0,-0.8660254037844386,0.5,0.0
RP_Talhao_Central,2024-10-04,25.6875,34.5,19.1,0.0,6.67,0.278,266.5416666666667,0.175071891006464,2024-10,7.6875,284.4166666666667,519.8666666666668,7.2000000000000135,188.59,-181.39,-131.57,-125.44999999999997,16.900000000000013,7424.833333333334,18.0,0.0,-0.8660254037844386,0.5,0.0
RP_Talhao_Central,2024-10-05,26.25,35.4,18.2,0.0,6.88,0.278,293.2083333333333,0.175071891006464,2024-10,8.25,283.2041666666667,524.0458333333333,7.2000000000000135,188.73999999999998,-181.53999999999996,-133.22,-126.55999999999999,16.900000000000013,7469.875,18.0,0.0,-0.8660254037844386,0.5,0.0
RP_Talhao_Central,2024-10-06,27.895833333333332,37.3,19.4,0.0,6.88,0.278,298.1666666666667,0.175071891006464,2024-10,9.895833333333332,285.47083333333336,530.2125,7.2000000000000135,189.97,-182.76999999999998,-133.7,-127.92999999999999,16.900000000000013,7519.625,18.0,0.0,-0.8660254037844386,0.5,0.0
RP_Talhao_Central,2024-10-07,29.170833333333334,38.1,20.6,0.0,6.9,0.278,281.7916666666667,0.175071891006464,2024-10,11.170833333333334,286.76250000000005,538.6583333333333,7.2000000000000135,190.43,-183.23,-135.24999999999997,-129.65,16.900000000000013,7571.750000000001,18.0,0.0,-0.8660254037844386,0.5,0.0
RP_Talhao_Central,2024-10-08,31.141666666666666,40.1,23.0,0.0,8.12,0.278,289.5833333333333,0.175071891006464,2024-10,13.141666666666666,290.19166666666666,549.3208333333333,7.2000000000000135,192.16,-184.95999999999998,-140.10999999999999,-128.39,15.100000000000014,7619.541666666667,18.0,0.0,-0.8660254037844386,0.5,0.0
RP_Talhao_Central,2024-10-09,29.833333333333332,38.4,22.5,0.0,7.25,0.278,272.0833333333333,0.175071891006464,2024-10,11.833333333333332,293.00416666666666,556.2958333333333,7.2000000000000135,193.11,-185.91,-148.68,-122.30999999999999,10.800000000000015,7638.583333333333,19.0,0.0,-0.8660254037844386,0.5,0.0
RP_Talhao_Central,2024-10-10,23.95,29.3,20.5,13.6,3.4699999999999998,0.278,156.54166666666666,0.175071891006464,2024-10,5.949999999999999,290.8208333333334,557.65,20.80000000000001,190.46,-169.66,-151.26999999999998,-121.85999999999999,10.800000000000015,7538.958333333334,19.0,0.0,-0.8660254037844386,0.5,0.0
RP_Talhao_Central,2024-10-11,25.962500000000002,35.3,21.1,6.0,5.23,0.27837500000000004,242.91666666666666,0.175071891006464,2024-10,7.962500000000002,290.3375,562.1833333333334,26.80000000000001,189.32999999999998,-162.52999999999997,-153.57,-121.85999999999999,10.800000000000015,7533.416666666666,20.0,0.0,-0.8660254037844386,0.5,0.0
RP_Talhao_Central,2024-10-12,25.150000000000002,31.1,21.0,1.0,5.29,0.29575,265.75,0.175071891006464,2024-10,7.150000000000002,288.62916666666666,566.6958333333333,27.80000000000001,188.09,-160.29,-155.65,-122.34999999999998,10.800000000000015,7538.958333333334,20.0,0.0,-0.8660254037844386,0.5,0.0
RP_Talhao_Central,2024-10-13,25.870833333333334,32.7,19.8,0.0,6.05,0.302875,273.7916666666667,0.175071891006464,2024-10,7.870833333333334,287.06666666666666,572.5166666666667,27.80000000000001,187.51999999999998,-159.71999999999997,-157.60999999999999,-123.24999999999999,10.800000000000015,7554.25,19.0,0.0,-0.8660254037844386,0.5,0.0
RP_Talhao_Central,2024-10-14,26.670833333333334,33.0,21.2,0.0,6.6,0.297625,279.9583333333333,0.175071891006464,2024-10,8.670833333333334,285.71666666666664,579.0083333333333,27.80000000000001,188.38000000000002,-160.58,-158.65999999999997,-123.80999999999999,10.800000000000015,7616.666666666666,18.0,0.0,-0.8660254037844386,0.5,0.0
RP_Talhao_Central,2024-10-15,25.441666666666666,31.4,21.6,0.2,5.15,0.2929583333333333,223.5,0.175071891006464,2024-10,7.441666666666666,282.8541666666667,584.5625,28.000000000000014,187.5,-159.5,-159.99999999999997,-124.83999999999999,10.800000000000015,7618.916666666666,17.0,0.0,-0.8660254037844386,0.5,0.0
RP_Talhao_Central,2024-10-16,26.15416666666667,33.5,19.9,0.8,5.35,0.29162499999999997,267.7083333333333,0.175071891006464,2024-10,8.154166666666669,286.9375,590.55,27.70000000000001,190.17000000000002,-162.47,-156.23999999999998,-126.08999999999999,11.900000000000015,7781.375,17.0,0.0,-0.8660254037844386,0.5,0.0
RP_Talhao_Central,2024-10-17,27.954166666666666,34.8,21.0,0.0,6.04,0.2887083333333333,282.7083333333333,0.175071891006464,2024-10,9.954166666666666,291.9458333333333,598.3750000000001,27.70000000000001,190.44,-162.73999999999998,-156.43,-127.37999999999998,11.900000000000015,7803.666666666667,17.0,0.0,-0.8660254037844386,0.5,0.0
RP_Talhao_Central,2024-10-18,25.9875,30.2,22.7,5.8,4.9,0.2848333333333333,236.625,0.175071891006464,2024-10,7.987500000000001,292.52083333333337,604.3666666666667,33.500000000000014,189.20000000000002,-155.7,-157.44,-128.30999999999997,11.900000000000015,7789.375,17.0,0.0,-0.8660254037844386,0.5,0.0
RP_Talhao_Central,2024-10-19,22.954166666666666,30.5,19.7,27.5,3.22,0.2835,165.66666666666666,0.175071891006464,2024-10,4.954166666666666,287.31666666666666,607.2333333333333,61.000000000000014,186.03,-125.02999999999999,-158.45,-129.42999999999995,11.900000000000015,7702.166666666667,16.0,0.0,-0.8660254037844386,0.5,0.0
RP_Talhao_Central,2024-10-20,21.645833333333332,25.6,19.9,31.7,1.87,0.35079166666666667,101.5,0.175071891006464,2024-10,3.645833333333332,279.8625,608.9958333333334,92.70000000000002,181.36,-88.66,-159.01,-131.43999999999997,11.900000000000015,7549.875,15.0,0.0,-0.8660254037844386,0.5,0.0
RP_Talhao_Central,2024-10-21,22.870833333333334,28.7,20.3,10.9,3.02,0.3965416666666666,165.58333333333334,0.175071891006464,2024-10,4.870833333333334,276.07916666666665,611.425,103.60000000000001,179.9,-76.3,-157.42999999999998,-132.79,11.900000000000015,7537.208333333333,15.0,0.0,-0.8660254037844386,0.5,0.0
RP_Talhao_Central,2024-10-22,24.608333333333334,29.5,21.4,2.0,3.49,0.40687500000000004,177.16666666666666,0.175071891006464,2024-10,6.608333333333334,272.72083333333336,615.8583333333333,105.60000000000001,177.65,-72.05,-156.63,-134.74999999999997,11.900000000000015,7465.75,14.0,0.0,-0.8660254037844386,0.5,0.0
RP_Talhao_Central,2024-10-23,24.5125,30.1,21.4,9.5,4.01,0.40291666666666665,220.91666666666666,0.175071891006464,2024-10,6.512499999999999,268.04583333333335,620.6708333333333,115.10000000000001,175.17,-60.06999999999998,-156.27,-137.53999999999996,11.900000000000015,7419.125,13.0,0.0,-0.8660254037844386,0.5,0.0
RP_Talhao_Central,2024-10-24,25.266666666666666,31.7,20.9,10.3,4.91,0.41054166666666664,258.5833333333333,0.175071891006464,2024-10,7.266666666666666,263.6583333333333,626.125,125.4,173.45999999999998,-48.059999999999974,-171.87,-124.50999999999999,1.9000000000000143,7416.875,12.0,0.0,-0.8660254037844386,0.5,0.0
RP_Talhao_Central,2024-10-25,23.7375,27.6,21.8,10.6,2.59,0.4169583333333333,130.41666666666666,0.175071891006464,2024-10,5.737500000000001,257.5416666666667,628.7583333333333,136.0,168.76,-32.75999999999999,-176.55999999999997,-122.75,1.1000000000000143,7273.125,11.0,0.0,-0.8660254037844386,0.5,0.0
RP_Talhao_Central,2024-10-26,24.791666666666668,30.0,21.7,2.6,3.75,0.4047083333333334,214.125,0.175071891006464,2024-10,6.791666666666668,252.475,631.1583333333334,138.60000000000002,165.73,-27.129999999999967,-178.39,-123.32,1.1000000000000143,7219.25,10.0,0.0,-0.8660254037844386,0.5,0.0
RP_Talhao_Central,2024-10-27,24.516666666666666,31.5,21.5,9.1,4.46,0.407375,249.125,0.175071891006464,2024-10,6.516666666666666,248.7,632.0708333333333,141.60000000000002,163.83,-22.22999999999999,-173.01999999999998,-124.27999999999997,7.2000000000000135,7226.041666666666,9.0,0.0,-0.8660254037844386,0.5,0.0
RP_Talhao_Central,2024-10-28,23.554166666666664,28.2,21.0,2.2,3.13,0.41825,171.83333333333334,0.175071891006464,2024-10,5.554166666666664,245.71666666666667,635.1666666666667,143.8,160.59,-16.789999999999992,-173.67,-125.94,7.2000000000000135,7128.791666666667,9.0,0.0,-0.8660254037844386,0.5,0.0
RP_Talhao_Central,2024-10-29,24.495833333333334,29.4,20.5,0.2,4.89,0.4362916666666667,270.0416666666667,0.175071891006464,2024-10,6.495833333333334,242.78333333333333,638.3291666666667,144.00000000000003,158.75,-14.749999999999972,-174.72,-127.23999999999998,7.2000000000000135,7128.208333333333,9.0,0.0,-0.8660254037844386,0.5,0.0
RP_Talhao_Central,2024-10-30,24.625,30.2,19.6,0.0,5.91,0.4255,304.5,0.175071891006464,2024-10,6.625,238.9375,640.8416666666667,144.00000000000003,157.34,-13.339999999999975,-176.62,-127.57999999999998,7.2000000000000135,7152.208333333333,9.0,0.0,-0.8660254037844386,0.5,0.0
RP_Talhao_Central,2024-10-31,24.6875,30.0,19.7,0.0,6.2700000000000005,0.40687500000000004,311.5416666666667,0.175071891006464,2024-10,6.6875,234.3875,643.125,144.00000000000003,156.64,-12.639999999999958,-177.89999999999998,-128.15,7.2000000000000135,7193.458333333333,8.0,0.0,-0.8660254037844386,0.5,0.0
RP_Talhao_Central,2024-11-01,24.9875,30.6,20.5,7.2,5.75,0.38533333333333336,288.5833333333333,0.2235437943778044,2024-11,6.987500000000001,229.0125,645.2833333333334,151.20000000000002,155.37,-4.1699999999999875,-179.42,-128.51000000000002,7.2000000000000135,7217.999999999999,7.0,0.0,-0.5000000000000004,0.8660254037844384,0.0
RP_Talhao_Central,2024-11-02,22.8875,26.3,19.4,8.6,3.13,0.39033333333333337,170.95833333333334,0.2235437943778044,2024-11,4.887499999999999,223.26250000000002,645.2208333333333,159.8,151.17999999999998,8.620000000000033,-181.25,-129.76,7.2000000000000135,7131.416666666667,6.0,0.0,-0.5000000000000004,0.8660254037844384,0.0
RP_Talhao_Central,2024-11-03,23.208333333333332,27.3,20.9,15.4,2.73,0.42391666666666666,140.33333333333334,0.2235437943778044,2024-11,5.208333333333332,220.7833333333333,645.3208333333333,175.20000000000002,147.24,27.960000000000008,-181.39,-131.57,7.2000000000000135,7005.208333333333,6.0,0.0,-0.5000000000000004,0.8660254037844384,0.0
RP_Talhao_Central,2024-11-04,21.90416666666667,23.5,20.9,22.3,1.09,0.46479166666666666,55.208333333333336,0.2235437943778044,2024-11,3.9041666666666686,216.4375,643.9916666666668,197.5,141.45000000000002,56.04999999999998,-181.53999999999996,-133.22,7.2000000000000135,6767.208333333333,5.0,0.0,-0.5000000000000004,0.8660254037844384,0.0
RP_Talhao_Central,2024-11-05,22.566666666666666,26.5,20.6,6.3,2.66,0.4974166666666667,145.375,0.2235437943778044,2024-11,4.566666666666666,211.10833333333335,643.1875,203.8,137.23000000000002,66.57,-182.76999999999998,-133.7,7.2000000000000135,6614.416666666666,4.0,0.0,-0.5000000000000004,0.8660254037844384,0.0
RP_Talhao_Central,2024-11-06,24.270833333333332,29.8,20.2,1.9000000000000001,4.66,0.4867083333333333,262.3333333333333,0.2235437943778044,2024-11,6.270833333333332,206.20833333333331,642.5541666666667,205.70000000000002,134.99,70.71000000000001,-183.23,-135.24999999999997,7.2000000000000135,6594.958333333333,3.0,0.0,-0.5000000000000004,0.8660254037844384,0.0
RP_Talhao_Central,2024-11-07,21.804166666666664,23.4,20.3,22.8,1.1400000000000001,0.5021666666666667,61.875,0.2235437943778044,2024-11,3.8041666666666636,196.87083333333334,642.1708333333333,228.5,128.01,100.49000000000001,-184.95999999999998,-140.10999999999999,7.2000000000000135,6367.25,2.0,0.0,-0.5000000000000004,0.8660254037844384,0.0
RP_Talhao_Central,2024-11-08,21.954166666666666,24.2,20.7,50.0,1.84,0.5117916666666666,114.375,0.2235437943778044,2024-11,3.9541666666666657,188.99166666666665,646.125,278.5,122.60000000000001,155.89999999999998,-185.91,-148.68,7.2000000000000135,6209.541666666667,1.0,0.0,-0.5000000000000004,0.8660254037844384,0.0
RP_Talhao_Central,2024-11-09,22.6875,27.0,20.1,7.1,3.51,0.5051666666666667,203.20833333333334,0.2235437943778044,2024-11,4.6875,187.72916666666666,650.8125,272.0,122.64,149.36,-169.66,-151.26999999999998,20.80000000000001,6256.208333333333,1.0,0.0,-0.5000000000000004,0.8660254037844384,0.0
RP_Talhao_Central,2024-11-10,23.420833333333334,29.8,18.0,0.0,5.57,0.488875,303.0833333333333,0.2235437943778044,2024-11,5.420833333333334,185.1875,656.2333333333333,266.0,122.98,143.01999999999998,-162.52999999999997,-153.57,26.80000000000001,6316.374999999999,0.0,0.0,-0.5000000000000004,0.8660254037844384,0.0
RP_Talhao_Central,2024-11-11,24.270833333333332,30.5,18.4,0.0,5.89,0.4634583333333333,321.8333333333333,0.2235437943778044,2024-11,6.270833333333332,184.30833333333334,662.5041666666666,265.0,123.58,141.42000000000002,-160.29,-155.65,27.80000000000001,6372.458333333334,0.0,0.0,-0.5000000000000004,0.8660254037844384,0.0
RP_Talhao_Central,2024-11-12,25.8125,32.3,18.9,0.0,6.35,0.4426666666666667,344.25,0.2235437943778044,2024-11,7.8125,184.25,668.7916666666666,265.0,123.88,141.12,-159.71999999999997,-157.60999999999999,27.80000000000001,6442.916666666667,0.0,0.0,-0.5000000000000004,0.8660254037844384,0.0
RP_Talhao_Central,2024-11-13,21.962500000000002,24.6,20.1,5.8,2.34,0.42404166666666665,132.70833333333334,0.2235437943778044,2024-11,3.962500000000002,179.54166666666666,667.9625000000001,270.8,119.62,151.18,-160.58,-158.65999999999997,27.80000000000001,6295.666666666667,0.0,0.0,-0.5000000000000004,0.8660254037844384,0.0
RP_Talhao_Central,2024-11-14,23.583333333333332,28.4,18.3,0.6000000000000001,5.14,0.4086666666666667,296.375,0.2235437943778044,2024-11,5.583333333333332,177.68333333333334,667.175,271.2,119.61,151.58999999999997,-159.5,-159.99999999999997,28.000000000000014,6368.541666666666,0.0,0.0,-0.5000000000000004,0.8660254037844384,0.0
RP_Talhao_Central,2024-11-15,23.15833333333333,29.3,19.8,5.3,4.38,0.37237499999999996,251.83333333333334,0.2235437943778044,2024-11,5.158333333333331,174.6875,665.5708333333333,275.7,118.64,157.06,-162.47,-156.23999999999998,27.70000000000001,6352.666666666666,0.0,0.0,-0.5000000000000004,0.8660254037844384,0.0
RP_Talhao_Central,2024-11-16,21.849999999999998,25.7,20.2,15.5,2.51,0.38558333333333333,150.5,0.2235437943778044,2024-11,3.849999999999998,168.58333333333331,662.6666666666666,291.2,115.11,176.08999999999997,-162.73999999999998,-156.43,27.70000000000001,6220.458333333333,0.0,0.0,-0.5000000000000004,0.8660254037844384,0.0
RP_Talhao_Central,2024-11-17,23.291666666666668,28.4,18.9,1.0,4.91,0.3770833333333334,294.8333333333333,0.2235437943778044,2024-11,5.291666666666668,165.8875,661.0666666666667,286.40000000000003,115.12,171.28000000000003,-155.7,-157.44,33.500000000000014,6278.666666666667,0.0,0.0,-0.5000000000000004,0.8660254037844384,0.0
RP_Talhao_Central,2024-11-18,25.041666666666668,31.0,19.2,0.0,5.7299999999999995,0.36404166666666665,323.6666666666667,0.2235437943778044,2024-11,7.041666666666668,167.975,661.6125000000001,258.90000000000003,117.63000000000001,141.27000000000004,-125.02999999999999,-158.45,61.000000000000014,6436.666666666666,0.0,0.0,-0.5000000000000004,0.8660254037844384,0.0
RP_Talhao_Central,2024-11-19,26.7375,32.1,20.2,0.5,5.94,0.32108333333333333,317.125,0.2235437943778044,2024-11,8.7375,173.06666666666666,663.475,227.70000000000002,121.7,106.00000000000001,-88.66,-159.01,92.70000000000002,6652.291666666666,0.0,0.0,-0.5000000000000004,0.8660254037844384,0.0
RP_Talhao_Central,2024-11-20,26.166666666666668,31.3,22.8,0.7000000000000001,4.74,0.2774166666666667,259.0,0.2235437943778044,2024-11,8.166666666666668,176.36249999999998,665.0166666666668,217.5,123.42,94.08,-76.3,-157.42999999999998,103.60000000000001,6745.708333333333,0.0,0.0,-0.5000000000000004,0.8660254037844384,0.0
RP_Talhao_Central,2024-11-21,25.729166666666668,31.4,21.8,8.1,5.02,0.277,274.3333333333333,0.2235437943778044,2024-11,7.729166666666668,177.48333333333332,664.9708333333333,223.60000000000002,124.94999999999999,98.65000000000003,-72.05,-156.63,105.60000000000001,6842.875,0.0,0.0,-0.5000000000000004,0.8660254037844384,0.0
RP_Talhao_Central,2024-11-22,24.770833333333332,29.1,22.1,0.30000000000000004,4.23,0.277,208.125,0.2235437943778044,2024-11,6.770833333333332,177.74166666666667,664.4875000000001,214.4,125.17,89.23,-60.06999999999998,-156.27,115.10000000000001,6830.083333333334,0.0,0.0,-0.5000000000000004,0.8660254037844384,0.0
RP_Talhao_Central,2024-11-23,25.0125,30.4,20.0,0.9,6.24,0.277,318.9583333333333,0.2235437943778044,2024-11,7.012499999999999,177.48749999999998,671.5,205.0,126.5,78.5,-48.059999999999974,-171.87,125.4,6890.458333333333,0.0,0.0,-0.5000000000000004,0.8660254037844384,0.0
RP_Talhao_Central,2024-11-24,25.28333333333333,32.1,19.4,0.0,6.88,0.2765416666666667,306.7083333333333,0.2235437943778044,2024-11,7.283333333333331,179.03333333333333,678.7833333333333,194.4,130.79,63.610000000000014,-32.75999999999999,-176.55999999999997,136.0,7066.75,0.0,0.0,-0.5000000000000004,0.8660254037844384,0.0
RP_Talhao_Central,2024-11-25,26.087500000000002,32.7,19.9,0.0,6.64,0.276,291.0,0.2235437943778044,2024-11,8.087500000000002,180.32916666666665,686.8708333333334,191.8,133.68,58.120000000000005,-27.129999999999967,-178.39,138.60000000000002,7143.625,0.0,0.0,-0.5000000000000004,0.8660254037844384,0.0
RP_Talhao_Central,2024-11-26,27.816666666666666,33.2,21.4,0.0,6.16,0.276,281.6666666666667,0.2235437943778044,2024-11,9.816666666666666,183.62916666666666,692.4458333333333,182.70000000000002,135.38,47.32000000000002,-22.22999999999999,-173.01999999999998,141.60000000000002,7176.166666666667,0.0,0.0,-0.5000000000000004,0.8660254037844384,0.0
RP_Talhao_Central,2024-11-27,28.995833333333334,34.6,22.4,0.0,6.95,0.276,318.8333333333333,0.2235437943778044,2024-11,10.995833333333334,189.07083333333333,697.6208333333334,180.5,139.2,41.30000000000001,-16.789999999999992,-173.67,143.8,7323.166666666666,0.0,0.0,-0.5000000000000004,0.8660254037844384,0.0
RP_Talhao_Central,2024-11-28,28.079166666666666,32.9,23.8,1.7000000000000002,6.01,0.276,301.0,0.2235437943778044,2024-11,10.079166666666666,192.65416666666667,702.3875,182.0,140.32000000000002,41.67999999999998,-14.749999999999972,-174.72,144.00000000000003,7354.125,0.0,0.0,-0.5000000000000004,0.8660254037844384,0.0
RP_Talhao_Central,2024-11-29,24.016666666666666,28.0,21.8,5.4,3.12,0.276,178.66666666666666,0.2235437943778044,2024-11,6.016666666666666,192.04583333333332,703.3291666666667,187.4,137.53,49.870000000000005,-13.339999999999975,-176.62,144.00000000000003,7228.291666666667,0.0,0.0,-0.5000000000000004,0.8660254037844384,0.0
RP_Talhao_Central,2024-11-30,26.075,31.1,21.4,0.8,5.51,0.276,297.0,0.2235437943778044,2024-11,8.075,193.43333333333334,704.9458333333334,188.20000000000002,136.77,51.43000000000001,-12.639999999999958,-177.89999999999998,144.00000000000003,7213.75,0.0,0.0,-0.5000000000000004,0.8660254037844384,0.0
RP_Talhao_Central,2024-12-01,27.429166666666664,33.1,22.2,0.7000000000000001,5.76,0.276,295.0833333333333,0.1153600879153842,2024-12,9.429166666666664,195.87499999999997,707.6125,181.70000000000002,136.78,44.920000000000016,-4.1699999999999875,-179.42,151.20000000000002,7220.25,0.0,0.0,-2.4492935982947064e-16,1.0,0.0
RP_Talhao_Central,2024-12-02,25.729166666666668,29.4,23.1,5.1,4.14,0.276,224.25,0.1153600879153842,2024-12,7.729166666666668,198.71666666666664,707.9625,178.2,137.79000000000002,40.40999999999997,8.620000000000033,-181.25,159.8,7273.541666666666,0.0,0.0,-2.4492935982947064e-16,1.0,0.0
RP_Talhao_Central,2024-12-03,23.333333333333332,28.1,21.4,40.2,2.68,0.294375,155.375,0.1153600879153842,2024-12,5.333333333333332,198.84166666666667,704.0416666666666,203.00000000000003,137.73999999999998,65.26000000000005,27.960000000000008,-181.39,175.20000000000002,7288.583333333333,0.0,0.0,-2.4492935982947064e-16,1.0,0.0
RP_Talhao_Central,2024-12-04,22.741666666666664,26.7,21.2,24.6,3.11,0.3925,185.16666666666666,0.1153600879153842,2024-12,4.741666666666664,199.67916666666667,699.3208333333333,205.3,139.76,65.54000000000002,56.04999999999998,-181.53999999999996,197.5,7418.541666666667,0.0,0.0,-2.4492935982947064e-16,1.0,0.0
RP_Talhao_Central,2024-12-05,24.054166666666664,28.5,20.9,2.3000000000000003,3.59,0.43254166666666666,202.66666666666666,0.1153600879153842,2024-12,6.054166666666664,201.16666666666663,697.7458333333333,201.3,140.69,60.610000000000014,66.57,-182.76999999999998,203.8,7475.833333333334,0.0,0.0,-2.4492935982947064e-16,1.0,0.0
RP_Talhao_Central,2024-12-06,26.108333333333334,30.5,21.4,0.0,5.84,0.4354166666666666,323.375,0.1153600879153842,2024-12,8.108333333333334,203.00416666666666,695.975,199.40000000000003,141.87,57.53000000000003,70.71000000000001,-183.23,205.70000000000002,7536.875,0.0,0.0,-2.4492935982947064e-16,1.0,0.0
RP_Talhao_Central,2024-12-07,26.958333333333332,32.1,20.7,0.0,6.29,0.4123333333333334,336.375,0.1153600879153842,2024-12,8.958333333333332,208.1583333333333,695.2208333333333,176.60000000000002,147.02,29.580000000000013,100.49000000000001,-184.95999999999998,228.5,7811.375,0.0,0.0,-2.4492935982947064e-16,1.0,0.0
RP_Talhao_Central,2024-12-08,25.983333333333334,31.8,21.3,0.5,5.66,0.3922916666666667,295.7083333333333,0.1153600879153842,2024-12,7.983333333333334,212.1875,694.1833333333334,127.10000000000002,150.84,-23.73999999999998,155.89999999999998,-185.91,278.5,7992.708333333333,0.0,0.0,-2.4492935982947064e-16,1.0,0.0
RP_Talhao_Central,2024-12-09,26.258333333333336,31.9,21.8,0.1,5.28,0.38129166666666664,274.1666666666667,0.1153600879153842,2024-12,8.258333333333336,215.75833333333333,694.3083333333334,120.10000000000002,152.60999999999999,-32.50999999999996,149.36,-169.66,272.0,8063.666666666666,0.0,0.0,-2.4492935982947064e-16,1.0,0.0
RP_Talhao_Central,2024-12-10,24.787499999999998,30.6,21.7,7.5,4.14,0.3713333333333333,225.54166666666666,0.1153600879153842,2024-12,6.787499999999998,217.125,692.6500000000001,127.60000000000002,151.18,-23.579999999999984,143.01999999999998,-162.52999999999997,266.0,7986.125,0.0,0.0,-2.4492935982947064e-16,1.0,0.0
RP_Talhao_Central,2024-12-11,24.40833333333333,29.3,20.2,0.5,5.46,0.3760833333333333,295.0833333333333,0.1153600879153842,2024-12,6.408333333333331,217.2625,690.2,128.10000000000002,150.75,-22.649999999999977,141.42000000000002,-160.29,265.0,7959.375,0.0,0.0,-2.4492935982947064e-16,1.0,0.0
RP_Talhao_Central,2024-12-12,25.0625,31.0,20.0,0.1,6.2,0.3665,323.0416666666667,0.1153600879153842,2024-12,7.0625,216.5125,687.8291666666667,128.20000000000002,150.6,-22.399999999999977,141.12,-159.71999999999997,265.0,7938.166666666666,0.0,0.0,-2.4492935982947064e-16,1.0,0.0
RP_Talhao_Central,2024-12-13,24.645833333333332,31.6,20.3,5.3,5.53,0.34991666666666665,301.1666666666667,0.1153600879153842,2024-12,6.645833333333332,219.19583333333333,684.4541666666667,127.70000000000002,153.79000000000002,-26.090000000000003,151.18,-160.58,270.8,8106.625,0.0,0.0,-2.4492935982947064e-16,1.0,0.0
RP_Talhao_Central,2024-12-14,22.770833333333332,26.0,20.7,5.5,2.83,0.33637500000000004,166.29166666666666,0.1153600879153842,2024-12,4.770833333333332,218.38333333333333,678.9208333333333,132.60000000000002,151.48,-18.879999999999967,151.58999999999997,-159.5,271.2,7976.541666666667,0.0,0.0,-2.4492935982947064e-16,1.0,0.0
RP_Talhao_Central,2024-12-15,22.099999999999998,26.6,19.5,22.6,3.49,0.3490416666666667,225.625,0.1153600879153842,2024-12,4.099999999999998,217.325,678.95,149.90000000000003,150.59,-0.6899999999999693,157.06,-162.47,275.7,7950.333333333334,0.0,0.0,-2.4492935982947064e-16,1.0,0.0
RP_Talhao_Central,2024-12-16,22.670833333333334,27.9,19.7,5.0,4.14,0.3607916666666666,252.875,0.1153600879153842,2024-12,4.670833333333334,218.14583333333331,678.675,139.40000000000003,152.22,-12.819999999999965,176.08999999999997,-162.73999999999998,291.2,8052.708333333334,0.0,0.0,-2.4492935982947064e-16,1.0,0.0
RP_Talhao_Central,2024-12-17,24.258333333333336,29.7,18.9,0.0,5.75,0.35375,320.0,0.1153600879153842,2024-12,6.258333333333336,219.11249999999998,677.5208333333334,138.40000000000003,153.06,-14.659999999999968,171.28000000000003,-155.7,286.40000000000003,8077.875,0.0,0.0,-2.4492935982947064e-16,1.0,0.0
RP_Talhao_Central,2024-12-18,24.804166666666664,30.6,18.4,0.1,5.81,0.34474999999999995,329.4583333333333,0.1153600879153842,2024-12,6.804166666666664,218.87499999999997,674.1666666666666,138.50000000000003,153.14,-14.639999999999958,141.27000000000004,-125.02999999999999,258.90000000000003,8083.666666666667,0.0,0.0,-2.4492935982947064e-16,1.0,0.0
RP_Talhao_Central,2024-12-19,25.84583333333333,31.0,20.3,2.3,5.53,0.33508333333333334,300.2083333333333,0.1153600879153842,2024-12,7.845833333333331,217.98333333333332,670.9125,140.3,152.73,-12.429999999999978,106.00000000000001,-88.66,227.70000000000002,8066.75,0.0,0.0,-2.4492935982947064e-16,1.0,0.0
RP_Talhao_Central,2024-12-20,25.65416666666667,31.9,21.9,18.1,5.61,0.33370833333333333,307.6666666666667,0.1153600879153842,2024-12,7.654166666666669,217.4708333333333,669.9125,157.70000000000005,153.6,4.100000000000051,94.08,-76.3,217.5,8115.416666666667,0.0,0.0,-2.4492935982947064e-16,1.0,0.0
RP_Talhao_Central,2024-12-21,23.34166666666667,28.4,21.0,16.599999999999998,3.73,0.36766666666666664,219.125,0.1153600879153842,2024-12,5.341666666666669,215.08333333333331,665.2874999999999,166.20000000000002,152.31,13.890000000000015,98.65000000000003,-72.05,223.60000000000002,8060.208333333333,0.0,0.0,-2.4492935982947064e-16,1.0,0.0
RP_Talhao_Central,2024-12-22,22.7,26.5,20.4,15.1,3.32,0.4552083333333334,203.58333333333334,0.1153600879153842,2024-12,4.699999999999999,213.0125,658.8,181.00000000000003,151.39999999999998,29.60000000000005,89.23,-60.06999999999998,214.4,8055.666666666666,0.0,0.0,-2.4492935982947064e-16,1.0,0.0
RP_Talhao_Central,2024-12-23,24.204166666666666,29.5,20.3,1.3,5.12,0.4628333333333334,288.0,0.1153600879153842,2024-12,6.204166666666666,212.20416666666665,653.3499999999999,181.40000000000003,150.28,31.120000000000033,78.5,-48.059999999999974,205.0,8024.708333333333,0.0,0.0,-2.4492935982947064e-16,1.0,0.0
RP_Talhao_Central,2024-12-24,25.079166666666666,30.4,20.3,0.1,5.66,0.449875,316.0833333333333,0.1153600879153842,2024-12,7.079166666666666,212.0,648.5749999999999,181.50000000000003,149.06,32.440000000000026,63.610000000000014,-32.75999999999999,194.4,8034.083333333333,0.0,0.0,-2.4492935982947064e-16,1.0,0.0
RP_Talhao_Central,2024-12-25,23.416666666666668,29.7,19.7,24.900000000000002,4.2299999999999995,0.4232916666666666,249.58333333333334,0.1153600879153842,2024-12,5.416666666666668,209.32916666666665,642.1333333333333,206.40000000000003,146.65,59.75000000000003,58.120000000000005,-27.129999999999967,191.8,7992.666666666667,0.0,0.0,-2.4492935982947064e-16,1.0,0.0
RP_Talhao_Central,2024-12-26,22.233333333333334,25.1,20.9,28.3,2.04,0.45258333333333334,122.95833333333333,0.1153600879153842,2024-12,4.233333333333334,203.74583333333334,636.075,234.70000000000002,142.53,92.17000000000002,47.32000000000002,-22.22999999999999,182.70000000000002,7833.958333333333,0.0,0.0,-2.4492935982947064e-16,1.0,0.0
RP_Talhao_Central,2024-12-27,22.0125,25.7,20.8,30.4,2.06,0.5060416666666666,127.25,0.1153600879153842,2024-12,4.012499999999999,196.7625,631.55,265.1,137.64000000000001,127.46000000000001,41.30000000000001,-16.789999999999992,180.5,7642.375,0.0,0.0,-2.4492935982947064e-16,1.0,0.0
RP_Talhao_Central,2024-12-28,23.195833333333336,27.7,20.4,2.1,4.12,0.48454166666666665,251.625,0.1153600879153842,2024-12,5.195833333333336,191.87916666666663,627.3166666666666,265.50000000000006,135.75,129.75000000000006,41.67999999999998,-14.749999999999972,182.0,7593.0,0.0,0.0,-2.4492935982947064e-16,1.0,0.0
RP_Talhao_Central,2024-12-29,22.55,28.1,19.1,5.2,4.15,0.47574999999999995,248.75,0.1153600879153842,2024-12,4.550000000000001,190.4125,621.3958333333334,265.3,136.78,128.52,49.870000000000005,-13.339999999999975,187.4,7663.083333333333,0.0,0.0,-2.4492935982947064e-16,1.0,0.0
RP_Talhao_Central,2024-12-30,23.2375,28.8,18.7,3.7,5.5,0.465125,322.9583333333333,0.1153600879153842,2024-12,5.237500000000001,187.575,615.3958333333333,268.20000000000005,136.77,131.43000000000004,51.43000000000001,-12.639999999999958,188.20000000000002,7689.041666666666,0.0,0.0,-2.4492935982947064e-16,1.0,0.0
RP_Talhao_Central,2024-12-31,23.304166666666664,29.1,19.7,6.8,5.48,0.42450000000000004,321.3333333333333,0.1153600879153842,2024-12,5.304166666666664,183.45,608.3375,274.3,136.49,137.81,44.920000000000016,-4.1699999999999875,181.70000000000002,7715.291666666667,0.0,0.0,-2.4492935982947064e-16,1.0,0.0
RP_Talhao_Central,2025-01-01,23.474999999999998,28.2,19.6,1.0999999999999999,5.07,0.3879166666666667,303.0416666666667,0.2061892728255127,2025-01,5.474999999999998,181.1958333333333,603.175,270.3,137.42,132.88000000000002,40.40999999999997,8.620000000000033,178.2,7794.083333333333,0.0,0.0,0.49999999999999994,0.8660254037844387,0.0
RP_Talhao_Central,2025-01-02,23.704166666666666,28.5,19.8,3.1,5.2700000000000005,0.35683333333333334,317.8333333333333,0.2061892728255127,2025-01,5.704166666666666,181.56666666666666,601.1916666666666,233.20000000000002,140.01000000000002,93.19,65.26000000000005,27.960000000000008,203.00000000000003,7956.541666666667,0.0,0.0,0.49999999999999994,0.8660254037844387,0.0
RP_Talhao_Central,2025-01-03,22.2625,27.5,19.2,19.7,3.39,0.3177083333333333,210.45833333333334,0.2061892728255127,2025-01,4.262499999999999,181.08749999999998,597.2041666666665,228.3,140.29,88.01000000000002,65.54000000000002,56.04999999999998,205.3,7981.833333333333,0.0,0.0,0.49999999999999994,0.8660254037844387,0.0
RP_Talhao_Central,2025-01-04,22.8,27.5,19.6,19.2,3.39,0.3207083333333333,199.29166666666666,0.2061892728255127,2025-01,4.800000000000001,179.83333333333334,592.1083333333333,245.20000000000002,140.09,105.11000000000001,60.610000000000014,66.57,201.3,7978.458333333333,0.0,0.0,0.49999999999999994,0.8660254037844387,0.0
RP_Talhao_Central,2025-01-05,24.079166666666666,29.0,19.2,4.8999999999999995,5.57,0.356125,331.7083333333333,0.2061892728255127,2025-01,6.079166666666666,177.80416666666665,587.0166666666667,250.10000000000002,139.82,110.28000000000003,57.53000000000003,70.71000000000001,199.40000000000003,7986.791666666667,0.0,0.0,0.49999999999999994,0.8660254037844387,0.0
RP_Talhao_Central,2025-01-06,24.912499999999998,30.0,20.4,0.5,5.640000000000001,0.324,316.7916666666667,0.2061892728255127,2025-01,6.912499999999998,175.75833333333333,580.7875,250.60000000000002,139.17000000000002,111.43,29.580000000000013,100.49000000000001,176.60000000000002,7967.208333333333,0.0,0.0,0.49999999999999994,0.8660254037844387,0.0
RP_Talhao_Central,2025-01-07,23.883333333333336,29.4,20.2,19.4,4.59,0.30454166666666665,263.5,0.2061892728255127,2025-01,5.883333333333336,173.65833333333333,574.8375,269.5,138.1,131.4,-23.73999999999998,155.89999999999998,127.10000000000002,7935.0,0.0,0.0,0.49999999999999994,0.8660254037844387,0.0
RP_Talhao_Central,2025-01-08,24.59583333333333,29.7,20.2,1.4,5.31,0.27825000000000005,308.6666666666667,0.2061892728255127,2025-01,6.595833333333331,171.99583333333334,575.4833333333333,270.8,138.13,132.67000000000002,-32.50999999999996,149.36,120.10000000000002,7969.5,0.0,0.0,0.49999999999999994,0.8660254037844387,0.0
RP_Talhao_Central,2025-01-09,23.675,28.4,19.6,2.6,4.93,0.277,289.375,0.2061892728255127,2025-01,5.675000000000001,170.88333333333333,573.1958333333333,265.9,138.92,126.97999999999999,-23.579999999999984,143.01999999999998,127.60000000000002,8033.333333333333,0.0,0.0,0.49999999999999994,0.8660254037844387,0.0
RP_Talhao_Central,2025-01-10,23.620833333333334,29.3,19.3,4.2,4.9,0.277,288.875,0.2061892728255127,2025-01,5.620833333333334,170.09583333333333,571.6666666666666,269.59999999999997,138.36,131.23999999999995,-22.649999999999977,141.42000000000002,128.10000000000002,8027.125,0.0,0.0,0.49999999999999994,0.8660254037844387,0.0
RP_Talhao_Central,2025-01-11,25.170833333333334,31.3,19.3,0.4,5.64,0.276625,309.4166666666667,0.2061892728255127,2025-01,7.170833333333334,170.20416666666665,570.9666666666667,269.90000000000003,137.79999999999998,132.10000000000005,-22.399999999999977,141.12,128.20000000000002,8013.5,0.0,0.0,0.49999999999999994,0.8660254037844387,0.0
RP_Talhao_Central,2025-01-12,25.058333333333334,31.2,20.6,1.8,5.32,0.276,284.9583333333333,0.2061892728255127,2025-01,7.058333333333334,170.61666666666667,569.3541666666666,266.40000000000003,137.59,128.81000000000003,-26.090000000000003,151.18,127.70000000000002,7997.291666666666,0.0,0.0,0.49999999999999994,0.8660254037844387,0.0
RP_Talhao_Central,2025-01-13,25.625,31.6,20.1,1.0,6.44,0.276,318.7083333333333,0.2061892728255127,2025-01,7.625,173.47083333333333,569.5374999999999,261.90000000000003,141.20000000000002,120.70000000000002,-18.879999999999967,151.58999999999997,132.60000000000002,8149.708333333333,0.0,0.0,0.49999999999999994,0.8660254037844387,0.0
RP_Talhao_Central,2025-01-14,25.71666666666667,31.6,20.3,0.6000000000000001,6.16,0.276,297.0416666666667,0.2061892728255127,2025-01,7.716666666666669,177.0875,569.0999999999999,239.9,143.87,96.03,-0.6899999999999693,157.06,149.90000000000003,8221.125,0.0,0.0,0.49999999999999994,0.8660254037844387,0.0
RP_Talhao_Central,2025-01-15,24.40416666666667,30.1,21.2,26.9,4.38,0.27608333333333335,239.04166666666666,0.2061892728255127,2025-01,6.404166666666669,178.82083333333335,565.55,261.8,144.11,117.69,-12.819999999999965,176.08999999999997,139.40000000000003,8207.291666666666,0.0,0.0,0.49999999999999994,0.8660254037844387,0.0
RP_Talhao_Central,2025-01-16,24.5,29.0,22.3,10.1,3.88,0.27608333333333335,206.0,0.2061892728255127,2025-01,6.5,179.0625,564.0625,271.90000000000003,142.24,129.66000000000003,-14.659999999999968,171.28000000000003,138.40000000000003,8093.291666666666,0.0,0.0,0.49999999999999994,0.8660254037844387,0.0
RP_Talhao_Central,2025-01-17,24.929166666666664,28.8,21.3,5.3999999999999995,3.91,0.279125,218.5,0.2061892728255127,2025-01,6.929166666666664,179.1875,566.0375,277.2,140.34,136.85999999999999,-14.639999999999958,141.27000000000004,138.50000000000003,7982.333333333333,0.0,0.0,0.49999999999999994,0.8660254037844387,0.0
RP_Talhao_Central,2025-01-18,25.358333333333334,30.3,20.2,1.4000000000000001,5.3,0.27595833333333336,295.1666666666667,0.2061892728255127,2025-01,7.358333333333334,178.70000000000002,569.75,276.3,140.11,136.19,-12.429999999999978,106.00000000000001,140.3,7977.291666666667,0.0,0.0,0.49999999999999994,0.8660254037844387,0.0
RP_Talhao_Central,2025-01-19,26.516666666666666,31.4,22.5,0.8,5.69,0.276,305.2916666666667,0.2061892728255127,2025-01,8.516666666666666,179.5625,573.3958333333334,259.0,140.19,118.81,4.100000000000051,94.08,157.70000000000005,7974.916666666666,0.0,0.0,0.49999999999999994,0.8660254037844387,0.0
RP_Talhao_Central,2025-01-20,26.129166666666666,31.7,20.9,0.1,6.1,0.276,324.125,0.2061892728255127,2025-01,8.129166666666666,182.35000000000002,574.9166666666666,242.50000000000003,142.56,99.94000000000003,13.890000000000015,98.65000000000003,166.20000000000002,8079.916666666666,0.0,0.0,0.49999999999999994,0.8660254037844387,0.0
RP_Talhao_Central,2025-01-21,27.483333333333334,32.6,21.9,0.7,6.6,0.276,325.25,0.2061892728255127,2025-01,9.483333333333334,187.13333333333333,577.8874999999999,228.10000000000002,145.84,82.26000000000002,29.60000000000005,89.23,181.00000000000003,8201.583333333334,0.0,0.0,0.49999999999999994,0.8660254037844387,0.0
RP_Talhao_Central,2025-01-22,28.09166666666667,34.8,22.0,8.8,6.3100000000000005,0.27545833333333336,315.4583333333333,0.2061892728255127,2025-01,10.091666666666669,191.02083333333334,580.7125,235.60000000000002,147.03,88.57000000000002,31.120000000000033,78.5,181.40000000000003,8229.041666666666,0.0,0.0,0.49999999999999994,0.8660254037844387,0.0
RP_Talhao_Central,2025-01-23,26.22083333333333,35.2,21.4,5.7,5.22,0.275,278.0,0.2061892728255127,2025-01,8.220833333333331,192.1625,583.1958333333333,241.20000000000002,146.59,94.61000000000001,32.440000000000026,63.610000000000014,181.50000000000003,8190.958333333334,1.0,0.0,0.49999999999999994,0.8660254037844387,0.0
RP_Talhao_Central,2025-01-24,25.891666666666666,33.0,20.6,0.6,5.92,0.275,321.7083333333333,0.2061892728255127,2025-01,7.891666666666666,194.6375,584.2958333333332,216.9,148.28,68.62,59.75000000000003,58.120000000000005,206.40000000000003,8263.083333333334,1.0,0.0,0.49999999999999994,0.8660254037844387,0.0
RP_Talhao_Central,2025-01-25,26.229166666666668,32.3,21.2,10.0,5.68,0.275,308.6666666666667,0.2061892728255127,2025-01,8.229166666666668,198.63333333333333,586.0083333333333,198.6,151.92000000000002,46.67999999999998,92.17000000000002,47.32000000000002,234.70000000000002,8448.791666666666,1.0,0.0,0.49999999999999994,0.8660254037844387,0.0
RP_Talhao_Central,2025-01-26,24.6875,30.5,21.1,21.0,4.89,0.275,268.6666666666667,0.2061892728255127,2025-01,6.6875,201.30833333333334,587.1416666666667,189.2,154.75,34.44999999999999,127.46000000000001,41.30000000000001,265.1,8590.208333333334,1.0,0.0,0.49999999999999994,0.8660254037844387,0.0
RP_Talhao_Central,2025-01-27,24.666666666666668,28.9,21.4,12.3,5.01,0.27508333333333335,287.125,0.2061892728255127,2025-01,6.666666666666668,202.77916666666667,587.3125,199.4,155.64,43.76000000000002,129.75000000000006,41.67999999999998,265.50000000000006,8625.708333333334,1.0,0.0,0.49999999999999994,0.8660254037844387,0.0
RP_Talhao_Central,2025-01-28,24.520833333333332,30.2,20.2,5.3999999999999995,5.06,0.275,292.5416666666667,0.2061892728255127,2025-01,6.520833333333332,204.75,587.2083333333334,199.60000000000002,156.54999999999998,43.05000000000004,128.52,49.870000000000005,265.3,8669.5,1.0,0.0,0.49999999999999994,0.8660254037844387,0.0
RP_Talhao_Central,2025-01-29,24.270833333333332,30.7,20.8,9.5,4.78,0.275,277.4583333333333,0.2061892728255127,2025-01,6.270833333333332,205.7833333333333,586.7916666666666,205.4,155.82999999999998,49.57000000000002,131.43000000000004,51.43000000000001,268.20000000000005,8624.0,1.0,0.0,0.49999999999999994,0.8660254037844387,0.0
RP_Talhao_Central,2025-01-30,23.858333333333334,29.4,21.2,13.4,4.57,0.2750416666666667,268.4166666666667,0.2061892728255127,2025-01,5.858333333333334,206.3375,585.6624999999999,212.0,154.92,57.08000000000001,137.81,44.920000000000016,274.3,8571.083333333334,1.0,0.0,0.49999999999999994,0.8660254037844387,0.0
RP_Talhao_Central,2025-01-31,22.433333333333334,24.9,20.3,19.7,2.38,0.285375,142.45833333333334,0.2061892728255127,2025-01,4.433333333333334,205.29583333333335,585.2083333333334,230.60000000000002,152.23000000000002,78.37,132.88000000000002,40.40999999999997,270.3,8410.5,1.0,0.0,0.49999999999999994,0.8660254037844387,0.0
RP_Talhao_Central,2025-02-01,22.045833333333334,24.8,20.4,20.3,2.56,0.32658333333333334,158.54166666666666,0.2473810741811721,2025-02,4.045833333333334,203.6375,584.0458333333333,247.79999999999998,149.51999999999998,98.28,93.19,65.26000000000005,233.20000000000002,8251.208333333334,1.0,0.0,0.8660254037844386,0.5000000000000001,0.0
RP_Talhao_Central,2025-02-02,22.666666666666668,27.7,20.3,16.900000000000002,2.89,0.34770833333333334,172.95833333333334,0.2473810741811721,2025-02,4.666666666666668,204.04166666666669,584.8083333333333,245.0,149.02,95.97999999999999,88.01000000000002,65.54000000000002,228.3,8213.708333333334,1.0,0.0,0.8660254037844386,0.5000000000000001,0.0
RP_Talhao_Central,2025-02-03,22.666666666666668,25.3,20.6,15.6,2.88,0.41329166666666667,176.0,0.2473810741811721,2025-02,4.666666666666668,203.90833333333333,584.9083333333333,241.4,148.51,92.89000000000001,105.11000000000001,60.610000000000014,245.20000000000002,8190.416666666666,1.0,0.0,0.8660254037844386,0.5000000000000001,0.0
RP_Talhao_Central,2025-02-04,23.816666666666666,27.1,21.3,0.2,3.5,0.4117916666666666,200.625,0.2473810741811721,2025-02,5.816666666666666,203.64583333333334,584.4541666666667,236.70000000000002,146.44,90.26000000000002,110.28000000000003,57.53000000000003,250.10000000000002,8059.333333333333,1.0,0.0,0.8660254037844386,0.5000000000000001,0.0
RP_Talhao_Central,2025-02-05,23.758333333333336,29.0,20.1,13.200000000000001,4.74,0.4330833333333333,280.625,0.2473810741811721,2025-02,5.758333333333336,202.4916666666667,586.4083333333333,249.4,145.54,103.86000000000001,111.43,29.580000000000013,250.60000000000002,8023.166666666666,1.0,0.0,0.8660254037844386,0.5000000000000001,0.0
RP_Talhao_Central,2025-02-06,24.53333333333333,29.4,20.8,0.8999999999999999,5.09,0.4059166666666667,294.6666666666667,0.2473810741811721,2025-02,6.533333333333331,203.14166666666668,588.9875,230.9,146.04000000000002,84.85999999999999,131.4,-23.73999999999998,269.5,8054.333333333333,1.0,0.0,0.8660254037844386,0.5000000000000001,0.0
RP_Talhao_Central,2025-02-07,23.920833333333334,31.0,19.7,4.8,5.44,0.37633333333333335,310.7916666666667,0.2473810741811721,2025-02,5.920833333333334,202.46666666666667,590.2208333333333,234.3,146.17000000000002,88.13,132.67000000000002,-32.50999999999996,270.8,8056.458333333334,1.0,0.0,0.8660254037844386,0.5000000000000001,0.0
RP_Talhao_Central,2025-02-08,24.6375,30.7,19.1,0.0,5.94,0.3587916666666666,320.0416666666667,0.2473810741811721,2025-02,6.637499999999999,203.42916666666667,591.4375,231.70000000000002,147.18,84.52000000000001,126.97999999999999,-23.579999999999984,265.9,8087.125000000001,1.0,0.0,0.8660254037844386,0.5000000000000001,0.0
RP_Talhao_Central,2025-02-09,25.383333333333336,30.6,19.6,0.0,5.67,0.339875,305.9583333333333,0.2473810741811721,2025-02,7.383333333333336,205.1916666666667,592.5500000000001,227.50000000000003,147.95,79.55000000000004,131.23999999999995,-22.649999999999977,269.59999999999997,8104.208333333334,1.0,0.0,0.8660254037844386,0.5000000000000001,0.0
RP_Talhao_Central,2025-02-10,25.758333333333336,31.1,20.6,0.0,5.12,0.3215,262.5,0.2473810741811721,2025-02,7.758333333333336,205.77916666666667,592.4958333333334,227.10000000000002,147.43,79.67000000000002,132.10000000000005,-22.399999999999977,269.90000000000003,8057.291666666667,1.0,0.0,0.8660254037844386,0.5000000000000001,0.0
RP_Talhao_Central,2025-02-11,26.270833333333332,31.3,20.3,0.6000000000000001,5.68,0.3124166666666667,287.2083333333333,0.2473810741811721,2025-02,8.270833333333332,206.99166666666667,596.8041666666666,225.9,147.79,78.11000000000001,128.81000000000003,-26.090000000000003,266.40000000000003,8059.541666666667,1.0,0.0,0.8660254037844386,0.5000000000000001,0.0
RP_Talhao_Central,2025-02-12,25.59166666666667,32.1,21.7,0.8999999999999999,4.87,0.30920833333333336,259.625,0.2473810741811721,2025-02,7.591666666666669,206.95833333333334,598.8125,225.8,146.22,79.58000000000001,120.70000000000002,-18.879999999999967,261.90000000000003,8000.458333333333,1.0,0.0,0.8660254037844386,0.5000000000000001,0.0
RP_Talhao_Central,2025-02-13,25.900000000000002,32.5,21.4,0.7000000000000001,4.7700000000000005,0.2905,259.5416666666667,0.2473810741811721,2025-02,7.900000000000002,207.14166666666668,601.5541666666667,225.9,144.82999999999998,81.07000000000002,96.03,-0.6899999999999693,239.9,7962.958333333334,1.0,0.0,0.8660254037844386,0.5000000000000001,0.0
RP_Talhao_Central,2025-02-14,25.8125,32.9,20.7,6.6,5.32,0.29129166666666667,292.3333333333333,0.2473810741811721,2025-02,7.8125,208.55,605.5166666666667,205.6,145.77,59.829999999999984,117.69,-12.819999999999965,261.8,8016.25,1.0,0.0,0.8660254037844386,0.5000000000000001,0.0
RP_Talhao_Central,2025-02-15,27.09166666666667,32.1,21.2,0.30000000000000004,5.58,0.2874583333333333,293.9583333333333,0.2473810741811721,2025-02,9.091666666666669,211.14166666666668,609.3166666666666,195.8,147.47,48.33000000000001,129.66000000000003,-14.659999999999968,271.90000000000003,8104.208333333334,1.0,0.0,0.8660254037844386,0.5000000000000001,0.0
RP_Talhao_Central,2025-02-16,28.941666666666666,35.4,22.3,0.0,7.0,0.287,322.375,0.2473810741811721,2025-02,10.941666666666666,215.1541666666667,613.2166666666667,190.40000000000003,150.56,39.84000000000003,136.85999999999999,-14.639999999999958,277.2,8208.083333333334,2.0,0.0,0.8660254037844386,0.5000000000000001,0.0
RP_Talhao_Central,2025-02-17,29.204166666666666,34.7,23.5,0.2,6.59,0.27658333333333335,305.375,0.2473810741811721,2025-02,11.204166666666666,219.0,615.6833333333334,189.20000000000002,151.85,37.35000000000002,136.19,-12.429999999999978,276.3,8218.291666666666,2.0,0.0,0.8660254037844386,0.5000000000000001,0.0
RP_Talhao_Central,2025-02-18,28.087500000000002,34.0,23.1,3.8000000000000003,5.94,0.26416666666666666,292.4166666666667,0.2473810741811721,2025-02,10.087500000000002,220.57083333333335,617.6041666666666,192.20000000000002,152.1,40.10000000000002,118.81,4.100000000000051,259.0,8205.416666666668,2.0,0.0,0.8660254037844386,0.5000000000000001,0.0
RP_Talhao_Central,2025-02-19,27.554166666666664,35.4,21.5,1.6,5.72,0.262,291.7083333333333,0.2473810741811721,2025-02,9.554166666666664,221.99583333333334,619.4291666666667,193.70000000000002,151.72,41.98000000000002,99.94000000000003,13.890000000000015,242.50000000000003,8173.0,3.0,0.0,0.8660254037844386,0.5000000000000001,0.0
RP_Talhao_Central,2025-02-20,27.983333333333334,32.9,22.9,0.6,5.32,0.262,266.125,0.2473810741811721,2025-02,9.983333333333334,222.49583333333334,622.6416666666667,193.60000000000002,150.44,43.160000000000025,82.26000000000002,29.60000000000005,228.10000000000002,8113.875,3.0,0.0,0.8660254037844386,0.5000000000000001,0.0
RP_Talhao_Central,2025-02-21,28.175,35.0,22.8,1.5999999999999999,6.12,0.26175,298.7916666666667,0.2473810741811721,2025-02,10.175,222.57916666666668,625.8041666666667,186.4,150.25,36.150000000000006,88.57000000000002,31.120000000000033,235.60000000000002,8097.208333333333,3.0,0.0,0.8660254037844386,0.5000000000000001,0.0
RP_Talhao_Central,2025-02-22,27.316666666666666,33.2,23.2,0.7,5.7,0.2584166666666667,271.6666666666667,0.2473810741811721,2025-02,9.316666666666666,223.675,627.8375000000001,181.4,150.73000000000002,30.669999999999987,94.61000000000001,32.440000000000026,241.20000000000002,8090.875,2.0,0.0,0.8660254037844386,0.5000000000000001,0.0
RP_Talhao_Central,2025-02-23,27.504166666666666,33.0,22.4,0.0,6.36,0.258,283.8333333333333,0.2473810741811721,2025-02,9.504166666666666,225.28750000000002,629.2541666666666,180.8,151.17,29.630000000000024,68.62,59.75000000000003,216.9,8053.0,2.0,0.0,0.8660254037844386,0.5000000000000001,0.0
RP_Talhao_Central,2025-02-24,27.066666666666666,32.2,22.1,0.5,5.95,0.2568333333333333,281.9583333333333,0.2473810741811721,2025-02,9.066666666666666,226.125,628.5041666666667,171.3,151.44000000000003,19.859999999999985,46.67999999999998,92.17000000000002,198.6,8026.291666666666,2.0,0.0,0.8660254037844386,0.5000000000000001,0.0
RP_Talhao_Central,2025-02-25,27.116666666666664,32.9,21.5,0.0,5.48,0.256,284.625,0.2473810741811721,2025-02,9.116666666666664,228.55416666666667,626.625,150.3,152.03,-1.7299999999999898,34.44999999999999,127.46000000000001,189.2,8042.25,2.0,0.0,0.8660254037844386,0.5000000000000001,0.0
RP_Talhao_Central,2025-02-26,27.8625,34.1,22.0,0.0,5.8500000000000005,0.256,296.8333333333333,0.2473810741811721,2025-02,9.8625,231.75000000000003,626.4083333333333,138.00000000000003,152.87,-14.869999999999976,43.76000000000002,129.75000000000006,199.4,8051.958333333334,2.0,0.0,0.8660254037844386,0.5000000000000001,0.0
RP_Talhao_Central,2025-02-27,28.491666666666664,34.9,21.6,0.0,6.16,0.256,297.4166666666667,0.2473810741811721,2025-02,10.491666666666664,235.72083333333333,630.8833333333333,132.60000000000002,153.97,-21.369999999999976,43.05000000000004,128.52,199.60000000000002,8056.833333333334,2.0,0.0,0.8660254037844386,0.5000000000000001,0.0
RP_Talhao_Central,2025-02-28,27.875,33.6,22.8,0.2,6.33,0.256,295.9583333333333,0.2473810741811721,2025-02,9.875,239.325,632.6833333333333,123.30000000000001,155.52,-32.22,49.57000000000002,131.43000000000004,205.4,8075.333333333334,2.0,0.0,0.8660254037844386,0.5000000000000001,0.0
RP_Talhao_Central,2025-03-01,28.079166666666666,33.6,22.5,0.0,7.0,0.256,306.2916666666667,0.229001958696713,2025-03,10.079166666666666,243.54583333333335,633.3333333333334,109.9,157.95000000000002,-48.05000000000001,57.08000000000001,137.81,212.0,8113.208333333334,2.0,0.0,1.0,6.123233995736766e-17,0.0
RP_Talhao_Central,2025-03-02,28.170833333333334,33.5,23.1,0.0,6.88,0.256,289.8333333333333,0.229001958696713,2025-03,10.170833333333334,249.28333333333333,635.775,90.20000000000002,162.45,-72.24999999999997,78.37,132.88000000000002,230.60000000000002,8260.583333333334,2.0,0.0,1.0,6.123233995736766e-17,0.0
RP_Talhao_Central,2025-03-03,27.96666666666667,33.9,22.4,0.0,6.76,0.2554166666666667,295.6666666666667,0.229001958696713,2025-03,9.966666666666669,255.20416666666668,640.4083333333334,69.9,166.65,-96.75,98.28,93.19,247.79999999999998,8397.708333333334,2.0,0.0,1.0,6.123233995736766e-17,0.0
RP_Talhao_Central,2025-03-04,26.375,32.6,22.5,0.5,6.3100000000000005,0.255,284.9166666666667,0.229001958696713,2025-03,8.375,258.9125,644.0416666666667,53.500000000000014,170.07,-116.56999999999998,95.97999999999999,88.01000000000002,245.0,8509.666666666666,2.0,0.0,1.0,6.123233995736766e-17,0.0
RP_Talhao_Central,2025-03-05,27.066666666666666,31.9,22.5,0.7,5.99,0.255,255.41666666666666,0.229001958696713,2025-03,9.066666666666666,263.3125,647.0541666666667,38.60000000000001,173.18,-134.57999999999998,92.89000000000001,105.11000000000001,241.4,8589.083333333332,2.0,0.0,1.0,6.123233995736766e-17,0.0
RP_Talhao_Central,2025-03-06,27.1875,33.5,21.4,0.0,7.26,0.255,319.125,0.229001958696713,2025-03,9.1875,266.68333333333334,648.1333333333333,38.40000000000001,176.94,-138.54,90.26000000000002,110.28000000000003,236.70000000000002,8707.583333333332,2.0,0.0,1.0,6.123233995736766e-17,0.0
RP_Talhao_Central,2025-03-07,27.229166666666668,33.2,21.1,0.0,7.36,0.255,312.2083333333333,0.229001958696713,2025-03,9.229166666666668,270.1541666666667,648.4041666666667,25.200000000000014,179.56,-154.35999999999999,103.86000000000001,111.43,249.4,8739.166666666666,2.0,0.0,1.0,6.123233995736766e-17,0.0
RP_Talhao_Central,2025-03-08,27.854166666666668,34.3,21.3,0.0,6.23,0.255,282.0416666666667,0.229001958696713,2025-03,9.854166666666668,273.475,650.275,24.300000000000015,180.7,-156.39999999999998,84.85999999999999,131.4,230.9,8726.541666666666,2.0,0.0,1.0,6.123233995736766e-17,0.0
RP_Talhao_Central,2025-03-09,29.108333333333334,36.0,22.1,0.0,6.34,0.255,283.25,0.229001958696713,2025-03,11.108333333333334,278.66249999999997,653.125,19.500000000000014,181.6,-162.09999999999997,88.13,132.67000000000002,234.3,8699.0,3.0,0.0,1.0,6.123233995736766e-17,0.0
RP_Talhao_Central,2025-03-10,27.525000000000002,34.8,23.1,0.30000000000000004,5.47,0.255,252.83333333333334,0.229001958696713,2025-03,9.525000000000002,281.55,655.8625,19.800000000000015,181.13,-161.32999999999998,84.52000000000001,126.97999999999999,231.70000000000002,8631.791666666666,3.0,0.0,1.0,6.123233995736766e-17,0.0
RP_Talhao_Central,2025-03-11,25.837500000000002,32.3,22.4,4.4,4.6,0.255,240.16666666666666,0.229001958696713,2025-03,7.837500000000002,282.00416666666666,657.2916666666666,24.200000000000014,180.06,-155.85999999999999,79.55000000000004,131.23999999999995,227.50000000000003,8566.0,3.0,0.0,1.0,6.123233995736766e-17,0.0
RP_Talhao_Central,2025-03-12,26.670833333333334,33.7,21.2,2.9,5.3999999999999995,0.255,271.0833333333333,0.229001958696713,2025-03,8.670833333333334,282.9166666666667,658.9,27.100000000000016,180.34,-153.23999999999998,79.67000000000002,132.10000000000005,227.10000000000002,8574.583333333334,3.0,0.0,1.0,6.123233995736766e-17,0.0
RP_Talhao_Central,2025-03-13,26.491666666666664,33.6,21.6,9.0,4.82,0.25508333333333333,247.125,0.229001958696713,2025-03,8.491666666666664,283.13750000000005,660.7458333333334,35.500000000000014,179.48,-143.97999999999996,78.11000000000001,128.81000000000003,225.9,8534.5,3.0,0.0,1.0,6.123233995736766e-17,0.0
RP_Talhao_Central,2025-03-14,26.55,34.4,21.3,4.7,5.04,0.25866666666666666,263.9166666666667,0.229001958696713,2025-03,8.55,284.09583333333336,664.525,39.30000000000001,179.65,-140.35,79.58000000000001,120.70000000000002,225.8,8538.791666666666,3.0,0.0,1.0,6.123233995736766e-17,0.0
RP_Talhao_Central,2025-03-15,26.90416666666667,35.2,22.4,6.1,4.92,0.26,255.54166666666666,0.229001958696713,2025-03,8.904166666666669,285.1,669.3291666666667,44.70000000000001,179.8,-135.1,81.07000000000002,96.03,225.9,8534.791666666668,4.0,0.0,1.0,6.123233995736766e-17,0.0
RP_Talhao_Central,2025-03-16,24.620833333333334,30.1,22.0,10.1,3.83,0.2645416666666667,215.08333333333334,0.229001958696713,2025-03,6.620833333333334,283.90833333333336,671.2791666666667,48.20000000000002,178.31,-130.10999999999999,59.829999999999984,117.69,205.6,8457.541666666666,4.0,0.0,1.0,6.123233995736766e-17,0.0
RP_Talhao_Central,2025-03-17,24.304166666666664,28.7,21.6,3.6,4.05,0.3216666666666667,236.5,0.229001958696713,2025-03,6.304166666666664,281.12083333333334,671.325,51.500000000000014,176.78,-125.27999999999999,48.33000000000001,129.66000000000003,195.8,8400.083333333332,4.0,0.0,1.0,6.123233995736766e-17,0.0
RP_Talhao_Central,2025-03-18,23.608333333333334,30.0,20.7,10.0,3.95,0.31666666666666665,239.54166666666666,0.229001958696713,2025-03,5.608333333333334,275.7875,670.1291666666666,61.500000000000014,173.73000000000002,-112.23,39.84000000000003,136.85999999999999,190.40000000000003,8317.25,3.0,0.0,1.0,6.123233995736766e-17,0.0
RP_Talhao_Central,2025-03-19,22.4875,27.6,19.9,7.1,2.8,0.3084166666666667,158.875,0.229001958696713,2025-03,4.487500000000001,269.0708333333333,666.7708333333334,68.40000000000002,169.94,-101.53999999999998,37.35000000000002,136.19,189.20000000000002,8170.75,3.0,0.0,1.0,6.123233995736766e-17,0.0
RP_Talhao_Central,2025-03-20,23.016666666666666,28.6,17.9,0.0,4.78,0.301125,279.5416666666667,0.229001958696713,2025-03,5.016666666666666,264.0,664.1333333333333,64.60000000000002,168.78,-104.17999999999998,40.10000000000002,118.81,192.20000000000002,8157.875,3.0,0.0,1.0,6.123233995736766e-17,0.0
RP_Talhao_Central,2025-03-21,24.195833333333336,30.5,18.8,0.0,5.15,0.2917083333333333,276.625,0.229001958696713,2025-03,6.195833333333336,260.64166666666665,664.9875000000001,63.000000000000014,168.21,-105.21,41.98000000000002,99.94000000000003,193.70000000000002,8142.791666666666,2.0,0.0,1.0,6.123233995736766e-17,0.0
RP_Talhao_Central,2025-03-22,24.90833333333333,31.3,19.9,2.4,4.75,0.2920833333333333,262.4583333333333,0.229001958696713,2025-03,6.908333333333331,257.56666666666666,667.1958333333333,64.80000000000001,167.64000000000001,-102.84,43.160000000000025,82.26000000000002,193.60000000000002,8139.125,2.0,0.0,1.0,6.123233995736766e-17,0.0
RP_Talhao_Central,2025-03-23,23.679166666666664,29.6,20.1,15.3,3.9000000000000004,0.289,224.125,0.229001958696713,2025-03,5.679166666666664,253.07083333333333,666.6708333333333,78.50000000000001,165.42000000000002,-86.92,36.150000000000006,88.57000000000002,186.4,8064.458333333334,2.0,0.0,1.0,6.123233995736766e-17,0.0
RP_Talhao_Central,2025-03-24,23.833333333333332,29.2,20.2,5.2,3.56,0.29141666666666666,195.625,0.229001958696713,2025-03,5.833333333333332,249.5875,665.4250000000001,83.00000000000001,163.28,-80.27999999999999,30.669999999999987,94.61000000000001,181.4,7988.416666666667,2.0,0.0,1.0,6.123233995736766e-17,0.0
RP_Talhao_Central,2025-03-25,25.579166666666666,32.3,20.1,1.7,4.7299999999999995,0.281125,256.4166666666667,0.229001958696713,2025-03,7.579166666666666,247.6625,667.5875,84.70000000000002,161.65,-76.94999999999999,29.630000000000024,68.62,180.8,7961.0,2.0,0.0,1.0,6.123233995736766e-17,0.0
RP_Talhao_Central,2025-03-26,25.1125,31.0,21.1,8.399999999999999,3.85,0.2729166666666667,206.0,0.229001958696713,2025-03,7.112500000000001,245.70833333333334,670.4666666666666,92.60000000000001,159.54999999999998,-66.94999999999997,19.859999999999985,46.67999999999998,171.3,7885.041666666666,2.0,0.0,1.0,6.123233995736766e-17,0.0
RP_Talhao_Central,2025-03-27,25.458333333333332,30.9,20.0,0.5,4.83,0.272,250.33333333333334,0.229001958696713,2025-03,7.458333333333332,244.05,673.9125,93.10000000000001,158.9,-65.8,-1.7299999999999898,34.44999999999999,150.3,7850.75,2.0,0.0,1.0,6.123233995736766e-17,0.0
RP_Talhao_Central,2025-03-28,27.0125,33.2,22.0,0.7999999999999999,5.05,0.272,248.75,0.229001958696713,2025-03,9.0125,243.2,677.7291666666667,93.9,158.1,-64.19999999999999,-14.869999999999976,43.76000000000002,138.00000000000003,7802.666666666667,2.0,0.0,1.0,6.123233995736766e-17,0.0
RP_Talhao_Central,2025-03-29,25.27916666666667,30.7,21.8,2.8,3.88,0.27183333333333337,207.66666666666666,0.229001958696713,2025-03,7.279166666666669,239.9875,680.4583333333333,96.70000000000002,155.82000000000002,-59.120000000000005,-21.369999999999976,43.05000000000004,132.60000000000002,7712.916666666666,2.0,0.0,1.0,6.123233995736766e-17,0.0
RP_Talhao_Central,2025-03-30,24.645833333333332,30.6,20.5,0.3,4.12,0.27,225.875,0.229001958696713,2025-03,6.645833333333332,236.75833333333335,681.8666666666667,96.80000000000001,153.60999999999999,-56.809999999999974,-32.22,49.57000000000002,123.30000000000001,7642.833333333333,2.0,0.0,1.0,6.123233995736766e-17,0.0
RP_Talhao_Central,2025-03-31,22.579166666666666,23.9,21.4,8.5,1.71,0.2699166666666667,92.5,0.229001958696713,2025-03,4.579166666666666,231.25833333333333,681.1416666666667,105.30000000000001,148.32,-43.01999999999998,-48.05000000000001,57.08000000000001,109.9,7429.041666666666,2.0,0.0,1.0,6.123233995736766e-17,0.0
RP_Talhao_Central,2025-04-01,25.066666666666666,30.6,19.9,0.8,4.39,0.269,250.04166666666666,0.2348557762656913,2025-04,7.066666666666666,228.15416666666667,682.7333333333333,106.10000000000001,145.83,-39.730000000000004,-72.24999999999997,78.37,90.20000000000002,7389.25,2.0,0.0,0.8660254037844388,-0.4999999999999998,0.0
RP_Talhao_Central,2025-04-02,26.416666666666668,33.3,21.1,0.6,4.46,0.268,231.125,0.2348557762656913,2025-04,8.416666666666668,226.60416666666669,685.4458333333333,106.7,143.53,-36.83,-96.75,98.28,69.9,7324.708333333334,2.0,0.0,0.8660254037844388,-0.4999999999999998,0.0
RP_Talhao_Central,2025-04-03,25.474999999999998,32.1,21.1,4.2,4.0600000000000005,0.268,224.70833333333334,0.2348557762656913,2025-04,7.474999999999998,225.70416666666668,688.6583333333334,110.4,141.28,-30.879999999999995,-116.56999999999998,95.97999999999999,53.500000000000014,7264.5,2.0,0.0,0.8660254037844388,-0.4999999999999998,0.0
RP_Talhao_Central,2025-04-04,23.991666666666664,29.9,20.2,5.2,4.3,0.27125000000000005,237.16666666666666,0.2348557762656913,2025-04,5.991666666666664,222.62916666666666,689.85,114.90000000000002,139.59,-24.689999999999984,-134.57999999999998,92.89000000000001,38.60000000000001,7246.25,2.0,0.0,0.8660254037844388,-0.4999999999999998,0.0
RP_Talhao_Central,2025-04-05,22.65833333333333,27.3,18.9,0.1,4.38,0.277,209.625,0.2348557762656913,2025-04,4.658333333333331,218.1,688.4291666666667,115.00000000000003,136.71,-21.70999999999998,-138.54,90.26000000000002,38.40000000000001,7136.75,2.0,0.0,0.8660254037844388,-0.4999999999999998,0.0
RP_Talhao_Central,2025-04-06,21.958333333333332,28.1,16.7,0.6,4.87,0.277,253.20833333333334,0.2348557762656913,2025-04,3.958333333333332,212.82916666666665,685.475,115.60000000000002,134.22,-18.619999999999976,-154.35999999999999,103.86000000000001,25.200000000000014,7077.75,2.0,0.0,0.8660254037844388,-0.4999999999999998,0.0
RP_Talhao_Central,2025-04-07,22.433333333333334,28.0,17.4,0.0,4.77,0.277,259.7916666666667,0.2348557762656913,2025-04,4.433333333333334,207.40833333333333,684.025,115.60000000000002,132.76000000000002,-17.159999999999997,-156.39999999999998,84.85999999999999,24.300000000000015,7055.5,2.0,0.0,0.8660254037844388,-0.4999999999999998,0.0
RP_Talhao_Central,2025-04-08,23.929166666666664,31.4,17.9,0.0,4.95,0.277,258.5833333333333,0.2348557762656913,2025-04,5.929166666666664,202.22916666666663,683.3583333333333,115.60000000000002,131.37,-15.769999999999982,-162.09999999999997,88.13,19.500000000000014,7030.833333333333,1.0,0.0,0.8660254037844388,-0.4999999999999998,0.0
RP_Talhao_Central,2025-04-09,23.866666666666664,30.3,20.1,6.5,3.81,0.277,203.04166666666666,0.2348557762656913,2025-04,5.866666666666664,198.57083333333333,683.55,121.80000000000001,129.71,-7.909999999999997,-161.32999999999998,84.52000000000001,19.800000000000015,6981.041666666667,1.0,0.0,0.8660254037844388,-0.4999999999999998,0.0
RP_Talhao_Central,2025-04-10,22.454166666666666,27.5,19.7,14.4,3.4,0.27758333333333335,196.75,0.2348557762656913,2025-04,4.454166666666666,195.1875,682.3833333333333,131.8,128.51,3.2900000000000205,-155.85999999999999,79.55000000000004,24.200000000000014,6937.625,1.0,0.0,0.8660254037844388,-0.4999999999999998,0.0
RP_Talhao_Central,2025-04-11,22.795833333333334,28.2,18.2,0.0,4.21,0.27908333333333335,247.04166666666666,0.2348557762656913,2025-04,4.795833333333334,191.31249999999997,680.0083333333333,128.9,127.32000000000001,1.5799999999999983,-153.23999999999998,79.67000000000002,27.100000000000016,6913.583333333334,1.0,0.0,0.8660254037844388,-0.4999999999999998,0.0
RP_Talhao_Central,2025-04-12,23.045833333333334,28.9,18.2,0.0,4.3,0.2855833333333333,240.0,0.2348557762656913,2025-04,5.045833333333334,187.86666666666667,677.9958333333334,119.9,126.8,-6.8999999999999915,-143.97999999999996,78.11000000000001,35.500000000000014,6906.458333333334,1.0,0.0,0.8660254037844388,-0.4999999999999998,0.0
RP_Talhao_Central,2025-04-13,22.0,25.8,18.8,0.2,2.19,0.2985833333333333,114.875,0.2348557762656913,2025-04,4.0,183.31666666666666,674.3708333333334,115.4,123.95,-8.549999999999997,-140.35,79.58000000000001,39.30000000000001,6757.416666666667,1.0,0.0,0.8660254037844388,-0.4999999999999998,0.0
RP_Talhao_Central,2025-04-14,23.025000000000002,28.5,18.6,1.1,3.69,0.30904166666666666,214.33333333333334,0.2348557762656913,2025-04,5.025000000000002,179.4375,671.6791666666667,110.40000000000002,122.72,-12.319999999999979,-135.1,81.07000000000002,44.70000000000001,6716.208333333333,0.0,0.0,0.8660254037844388,-0.4999999999999998,0.0
RP_Talhao_Central,2025-04-15,22.3,29.6,18.3,8.7,3.46,0.2984583333333333,201.0,0.2348557762656913,2025-04,4.300000000000001,177.11666666666665,669.5749999999999,109.0,122.35000000000001,-13.350000000000009,-130.10999999999999,59.829999999999984,48.20000000000002,6702.125,0.0,0.0,0.8660254037844388,-0.4999999999999998,0.0
RP_Talhao_Central,2025-04-16,21.474999999999998,26.1,19.3,14.7,2.17,0.30075,131.41666666666666,0.2348557762656913,2025-04,3.474999999999998,174.28749999999997,666.55,120.10000000000001,120.47000000000001,-0.37000000000000455,-125.27999999999999,48.33000000000001,51.500000000000014,6597.041666666667,0.0,0.0,0.8660254037844388,-0.4999999999999998,0.0
RP_Talhao_Central,2025-04-17,22.795833333333334,28.3,18.8,8.4,3.52,0.29720833333333335,208.29166666666666,0.2348557762656913,2025-04,4.795833333333334,173.475,664.4166666666666,118.50000000000001,120.04,-1.539999999999992,-112.23,39.84000000000003,61.500000000000014,6565.791666666666,0.0,0.0,0.8660254037844388,-0.4999999999999998,0.0
RP_Talhao_Central,2025-04-18,22.558333333333334,26.6,19.6,3.0,2.75,0.297,159.83333333333334,0.2348557762656913,2025-04,4.558333333333334,173.54583333333332,661.6166666666667,114.40000000000002,119.99000000000001,-5.589999999999989,-101.53999999999998,37.35000000000002,68.40000000000002,6566.75,0.0,0.0,0.8660254037844388,-0.4999999999999998,0.0
RP_Talhao_Central,2025-04-19,22.416666666666668,27.2,19.3,19.099999999999998,3.18,0.3005,185.79166666666666,0.2348557762656913,2025-04,4.416666666666668,172.94583333333333,657.5166666666667,133.5,118.39,15.11,-104.17999999999998,40.10000000000002,64.60000000000002,6473.0,0.0,0.0,0.8660254037844388,-0.4999999999999998,0.0
RP_Talhao_Central,2025-04-20,22.837500000000002,27.9,18.5,0.2,3.98,0.29475,228.125,0.2348557762656913,2025-04,4.837500000000002,171.58749999999998,654.225,133.70000000000002,117.22,16.480000000000018,-105.21,41.98000000000002,63.000000000000014,6424.5,0.0,0.0,0.8660254037844388,-0.4999999999999998,0.0
RP_Talhao_Central,2025-04-21,22.47083333333333,27.7,17.6,0.6,4.0200000000000005,0.29275,225.70833333333334,0.2348557762656913,2025-04,4.470833333333331,169.14999999999998,649.2125,131.9,116.49,15.41000000000001,-102.84,43.160000000000025,64.80000000000001,6387.75,0.0,0.0,0.8660254037844388,-0.4999999999999998,0.0
RP_Talhao_Central,2025-04-22,22.233333333333334,28.2,17.3,0.2,3.88,0.29675,220.91666666666666,0.2348557762656913,2025-04,4.233333333333334,167.70416666666665,643.3541666666666,116.80000000000001,116.47,0.3300000000000125,-86.92,36.150000000000006,78.50000000000001,6384.541666666666,0.0,0.0,0.8660254037844388,-0.4999999999999998,0.0
RP_Talhao_Central,2025-04-23,22.733333333333334,28.4,17.9,0.4,3.41,0.29920833333333335,195.54166666666666,0.2348557762656913,2025-04,4.733333333333334,166.60416666666666,639.8666666666667,112.00000000000001,116.32,-4.319999999999979,-80.27999999999999,30.669999999999987,83.00000000000001,6384.458333333333,0.0,0.0,0.8660254037844388,-0.4999999999999998,0.0
RP_Talhao_Central,2025-04-24,22.395833333333332,28.2,19.9,7.0,2.29,0.3096666666666667,127.58333333333333,0.2348557762656913,2025-04,4.395833333333332,163.42083333333335,636.3708333333334,117.30000000000001,113.88,3.420000000000016,-76.94999999999999,29.630000000000024,84.70000000000002,6255.625,0.0,0.0,0.8660254037844388,-0.4999999999999998,0.0
RP_Talhao_Central,2025-04-25,21.758333333333336,25.4,19.2,2.8000000000000003,2.44,0.33216666666666667,147.16666666666666,0.2348557762656913,2025-04,3.7583333333333364,160.06666666666666,631.9,111.70000000000002,112.47,-0.7699999999999818,-66.94999999999997,19.859999999999985,92.60000000000001,6196.791666666667,0.0,0.0,0.8660254037844388,-0.4999999999999998,0.0
RP_Talhao_Central,2025-04-26,21.416666666666668,26.6,18.3,9.6,2.82,0.3549166666666666,177.08333333333334,0.2348557762656913,2025-04,3.416666666666668,156.02499999999998,628.6291666666666,120.80000000000001,110.46,10.340000000000018,-65.8,-1.7299999999999898,93.10000000000001,6123.541666666666,0.0,0.0,0.8660254037844388,-0.4999999999999998,0.0
RP_Talhao_Central,2025-04-27,22.28333333333333,26.5,18.7,0.2,2.68,0.353625,162.625,0.2348557762656913,2025-04,4.283333333333331,151.29583333333332,626.2458333333333,120.20000000000002,108.09,12.110000000000014,-64.19999999999999,-14.869999999999976,93.9,6037.416666666666,0.0,0.0,0.8660254037844388,-0.4999999999999998,0.0
RP_Talhao_Central,2025-04-28,21.95,24.2,20.4,1.7,1.6,0.35024999999999995,93.625,0.2348557762656913,2025-04,3.9499999999999993,147.96666666666667,623.675,119.10000000000001,105.81,13.290000000000006,-59.120000000000005,-21.369999999999976,96.70000000000002,5923.375,0.0,0.0,0.8660254037844388,-0.4999999999999998,0.0
RP_Talhao_Central,2025-04-29,22.075,26.5,19.6,1.1,3.17,0.34008333333333335,185.125,0.2348557762656913,2025-04,4.074999999999999,145.39583333333331,621.4791666666667,119.9,104.86,15.040000000000006,-56.809999999999974,-32.22,96.80000000000001,5882.625,0.0,0.0,0.8660254037844388,-0.4999999999999998,0.0
RP_Talhao_Central,2025-04-30,21.108333333333334,26.5,16.5,0.0,3.68,0.33358333333333334,216.33333333333334,0.2348557762656913,2025-04,3.1083333333333343,143.925,618.7291666666667,111.4,106.83,4.570000000000007,-43.01999999999998,-48.05000000000001,105.30000000000001,6006.458333333334,0.0,0.0,0.8660254037844388,-0.4999999999999998,0.0
RP_Talhao_Central,2025-05-01,21.016666666666666,27.2,16.1,0.0,3.84,0.3313333333333333,218.70833333333334,0.2501378758223133,2025-05,3.0166666666666657,139.875,617.3125,110.60000000000001,106.28,4.320000000000007,-39.730000000000004,-72.24999999999997,106.10000000000001,5975.125,0.0,0.0,0.49999999999999994,-0.8660254037844387,0.0
RP_Talhao_Central,2025-05-02,21.40833333333333,27.6,16.3,0.0,4.04,0.34029166666666666,224.625,0.2501378758223133,2025-05,3.4083333333333314,134.86666666666665,616.675,110.00000000000001,105.86,4.140000000000015,-36.83,-96.75,106.7,5968.625,0.0,0.0,0.49999999999999994,-0.8660254037844387,0.0
RP_Talhao_Central,2025-05-03,21.833333333333332,28.2,16.6,0.0,3.72,0.34349999999999997,209.875,0.2501378758223133,2025-05,3.833333333333332,131.225,615.8416666666667,105.80000000000001,105.52,0.28000000000001535,-30.879999999999995,-116.56999999999998,110.4,5953.791666666667,0.0,0.0,0.49999999999999994,-0.8660254037844387,0.0
RP_Talhao_Central,2025-05-04,21.129166666666666,26.9,16.0,0.0,3.74,0.35224999999999995,205.79166666666666,0.2501378758223133,2025-05,3.1291666666666664,128.36249999999998,614.3041666666667,100.60000000000001,104.96,-4.359999999999985,-24.689999999999984,-134.57999999999998,114.90000000000002,5922.416666666667,0.0,0.0,0.49999999999999994,-0.8660254037844387,0.0
RP_Talhao_Central,2025-05-05,20.6125,26.2,15.9,0.0,3.7600000000000002,0.36604166666666665,202.20833333333334,0.2501378758223133,2025-05,2.6125000000000007,126.31666666666666,611.0999999999999,100.5,104.34,-3.8400000000000034,-21.70999999999998,-138.54,115.00000000000003,5915.0,0.0,0.0,0.49999999999999994,-0.8660254037844387,0.0
RP_Talhao_Central,2025-05-06,21.066666666666666,27.8,15.1,0.0,3.7,0.37354166666666666,216.20833333333334,0.2501378758223133,2025-05,3.0666666666666664,125.425,608.4083333333333,99.9,103.17,-3.269999999999996,-18.619999999999976,-154.35999999999999,115.60000000000002,5878.0,0.0,0.0,0.49999999999999994,-0.8660254037844387,0.0
RP_Talhao_Central,2025-05-07,22.40416666666667,28.9,16.6,0.0,3.55,0.38562500000000005,201.20833333333334,0.2501378758223133,2025-05,4.404166666666669,125.39583333333333,606.2791666666667,99.9,101.95,-2.049999999999997,-17.159999999999997,-156.39999999999998,115.60000000000002,5819.416666666667,0.0,0.0,0.49999999999999994,-0.8660254037844387,0.0
RP_Talhao_Central,2025-05-08,23.2625,29.5,18.0,0.0,3.72,0.38875,213.08333333333334,0.2501378758223133,2025-05,5.262499999999999,124.72916666666667,605.6208333333333,99.9,100.72,-0.8199999999999932,-15.769999999999982,-162.09999999999997,115.60000000000002,5773.916666666667,0.0,0.0,0.49999999999999994,-0.8660254037844387,0.0
RP_Talhao_Central,2025-05-09,23.445833333333336,29.9,18.0,0.0,4.06,0.3875,216.91666666666666,0.2501378758223133,2025-05,5.445833333333336,124.30833333333334,604.4291666666666,93.4,100.97,-7.569999999999993,-7.909999999999997,-161.32999999999998,121.80000000000001,5787.791666666667,0.0,0.0,0.49999999999999994,-0.8660254037844387,0.0
RP_Talhao_Central,2025-05-10,23.991666666666664,30.6,17.8,0.5,3.96,0.3857083333333333,200.5,0.2501378758223133,2025-05,5.991666666666664,125.84583333333335,603.0374999999999,79.5,101.53,-22.03,3.2900000000000205,-155.85999999999999,131.8,5791.541666666667,0.0,0.0,0.49999999999999994,-0.8660254037844387,0.0
RP_Talhao_Central,2025-05-11,22.066666666666666,28.8,18.0,0.8,3.51,0.3802916666666667,188.70833333333334,0.2501378758223133,2025-05,4.066666666666666,125.11666666666667,599.3458333333333,80.3,100.83,-20.53,1.5799999999999983,-153.23999999999998,128.9,5733.208333333333,0.0,0.0,0.49999999999999994,-0.8660254037844387,0.0
RP_Talhao_Central,2025-05-12,21.516666666666666,27.1,17.1,0.6000000000000001,3.61,0.37695833333333334,189.0,0.2501378758223133,2025-05,3.5166666666666657,123.5875,594.5916666666667,80.90000000000002,100.14,-19.23999999999998,-6.8999999999999915,-143.97999999999996,119.9,5682.208333333333,0.0,0.0,0.49999999999999994,-0.8660254037844387,0.0
RP_Talhao_Central,2025-05-13,21.129166666666666,25.1,18.1,0.0,3.18,0.376125,164.79166666666666,0.2501378758223133,2025-05,3.1291666666666664,122.71666666666667,590.1291666666667,80.70000000000002,101.13,-20.42999999999998,-8.549999999999997,-140.35,115.4,5732.125,0.0,0.0,0.49999999999999994,-0.8660254037844387,0.0
RP_Talhao_Central,2025-05-14,20.791666666666668,25.9,16.8,0.30000000000000004,3.6,0.37316666666666665,191.625,0.2501378758223133,2025-05,2.791666666666668,120.48333333333333,585.0208333333334,79.9,101.04,-21.14,-12.319999999999979,-135.1,110.40000000000002,5709.416666666667,0.0,0.0,0.49999999999999994,-0.8660254037844387,0.0
RP_Talhao_Central,2025-05-15,19.879166666666666,25.4,15.0,0.0,3.74,0.37375,203.45833333333334,0.2501378758223133,2025-05,1.8791666666666664,118.0625,579.0875,71.20000000000002,101.32,-30.119999999999976,-13.350000000000009,-130.10999999999999,109.0,5711.875,0.0,0.0,0.49999999999999994,-0.8660254037844387,0.0
RP_Talhao_Central,2025-05-16,20.579166666666666,26.5,15.7,0.0,3.71,0.37333333333333335,209.625,0.2501378758223133,2025-05,2.5791666666666657,117.16666666666667,572.575,56.500000000000014,102.86,-46.359999999999985,-0.37000000000000455,-125.27999999999999,120.10000000000001,5790.083333333333,0.0,0.0,0.49999999999999994,-0.8660254037844387,0.0
RP_Talhao_Central,2025-05-17,21.275,27.7,16.0,0.0,3.9000000000000004,0.36641666666666667,209.08333333333334,0.2501378758223133,2025-05,3.2749999999999986,115.64583333333334,564.9083333333333,48.10000000000001,103.24,-55.139999999999986,-1.539999999999992,-112.23,118.50000000000001,5790.875,0.0,0.0,0.49999999999999994,-0.8660254037844387,0.0
RP_Talhao_Central,2025-05-18,21.837500000000002,27.9,17.1,0.0,3.99,0.36145833333333327,205.91666666666666,0.2501378758223133,2025-05,3.837500000000002,114.92500000000001,557.5416666666666,45.10000000000001,104.48,-59.379999999999995,-5.589999999999989,-101.53999999999998,114.40000000000002,5836.958333333333,0.0,0.0,0.49999999999999994,-0.8660254037844387,0.0
RP_Talhao_Central,2025-05-19,21.666666666666668,28.2,16.2,0.0,3.97,0.35712499999999997,208.29166666666666,0.2501378758223133,2025-05,3.666666666666668,114.175,551.1208333333333,26.000000000000014,105.27000000000001,-79.27,15.11,-104.17999999999998,133.5,5859.458333333334,0.0,0.0,0.49999999999999994,-0.8660254037844387,0.0
RP_Talhao_Central,2025-05-20,21.179166666666667,27.3,15.6,0.0,3.6700000000000004,0.35345833333333326,206.125,0.2501378758223133,2025-05,3.179166666666667,112.51666666666667,544.7458333333333,25.800000000000015,104.96000000000001,-79.16,16.480000000000018,-105.21,133.70000000000002,5837.458333333334,0.0,0.0,0.49999999999999994,-0.8660254037844387,0.0
RP_Talhao_Central,2025-05-21,21.275000000000002,27.7,15.3,0.0,3.82,0.3499583333333333,203.41666666666666,0.2501378758223133,2025-05,3.275000000000002,111.32083333333333,538.0374999999999,25.200000000000014,104.76,-79.55999999999999,15.41000000000001,-102.84,131.9,5815.166666666666,0.0,0.0,0.49999999999999994,-0.8660254037844387,0.0
RP_Talhao_Central,2025-05-22,21.133333333333333,27.9,15.0,0.0,3.83,0.3467916666666666,205.375,0.2501378758223133,2025-05,3.133333333333333,110.22083333333333,530.9958333333334,25.000000000000014,104.71,-79.70999999999998,0.3300000000000125,-86.92,116.80000000000001,5799.625,0.0,0.0,0.49999999999999994,-0.8660254037844387,0.0
RP_Talhao_Central,2025-05-23,20.679166666666667,27.4,14.7,0.0,3.74,0.34400000000000003,203.79166666666666,0.2501378758223133,2025-05,2.679166666666667,108.16666666666666,524.3583333333332,24.600000000000016,105.04,-80.44,-4.319999999999979,-80.27999999999999,112.00000000000001,5807.875,0.0,0.0,0.49999999999999994,-0.8660254037844387,0.0
RP_Talhao_Central,2025-05-24,21.391666666666666,28.2,15.7,0.0,3.7600000000000002,0.3411666666666667,197.66666666666666,0.2501378758223133,2025-05,3.3916666666666657,107.1625,518.2458333333334,17.600000000000016,106.50999999999999,-88.90999999999997,3.420000000000016,-76.94999999999999,117.30000000000001,5877.958333333334,0.0,0.0,0.49999999999999994,-0.8660254037844387,0.0
RP_Talhao_Central,2025-05-25,21.608333333333334,28.4,16.3,0.0,3.77,0.3389583333333333,196.91666666666666,0.2501378758223133,2025-05,3.6083333333333343,107.01249999999999,512.7874999999999,14.800000000000015,107.84,-93.03999999999999,-0.7699999999999818,-66.94999999999997,111.70000000000002,5927.708333333333,0.0,0.0,0.49999999999999994,-0.8660254037844387,0.0
RP_Talhao_Central,2025-05-26,21.691666666666666,28.1,16.6,0.0,4.15,0.3365833333333334,195.25,0.2501378758223133,2025-05,3.6916666666666664,107.28750000000001,507.3625,5.200000000000014,109.17,-103.96999999999998,10.340000000000018,-65.8,120.80000000000001,5945.875,0.0,0.0,0.49999999999999994,-0.8660254037844387,0.0
RP_Talhao_Central,2025-05-27,22.304166666666664,28.5,16.7,0.0,3.83,0.33441666666666664,165.58333333333334,0.2501378758223133,2025-05,4.304166666666664,107.30833333333332,501.8041666666667,5.000000000000014,110.32,-105.31999999999998,12.110000000000014,-64.19999999999999,120.20000000000002,5948.833333333334,0.0,0.0,0.49999999999999994,-0.8660254037844387,0.0
RP_Talhao_Central,2025-05-28,21.912499999999998,27.2,17.7,1.5,3.21,0.3325416666666667,142.125,0.2501378758223133,2025-05,3.912499999999998,107.27083333333333,495.22499999999997,4.800000000000015,111.93,-107.13,13.290000000000006,-59.120000000000005,119.10000000000001,5997.333333333334,0.0,0.0,0.49999999999999994,-0.8660254037844387,0.0
RP_Talhao_Central,2025-05-29,15.745833333333332,18.9,12.4,0.8,1.72,0.333875,102.0,0.2501378758223133,2025-05,0.0,103.19583333333333,485.34999999999997,4.500000000000014,110.48,-105.97999999999999,15.040000000000006,-56.809999999999974,119.9,5914.208333333334,0.0,0.0,0.49999999999999994,-0.8660254037844387,0.0
RP_Talhao_Central,2025-05-30,14.887500000000001,21.4,9.0,0.0,2.84,0.3355416666666667,202.20833333333334,0.2501378758223133,2025-05,0.0,100.08749999999999,475.2708333333333,4.500000000000014,109.64000000000001,-105.14,4.570000000000007,-43.01999999999998,111.4,5900.083333333333,0.0,1.0,0.49999999999999994,-0.8660254037844387,0.0
RP_Talhao_Central,2025-05-31,18.045833333333334,26.0,11.0,0.0,3.19,0.333,198.75,0.2501378758223133,2025-05,0.04583333333333428,97.11666666666666,465.1458333333333,4.500000000000014,108.99000000000001,-104.49,4.320000000000007,-39.730000000000004,110.60000000000001,5880.125,0.0,1.0,0.49999999999999994,-0.8660254037844387,0.0
RP_Talhao_Central,2025-06-01,19.787499999999998,27.8,12.5,0.0,3.5,0.33258333333333334,195.54166666666666,0.2453675810183314,2025-06,1.7874999999999979,95.49583333333334,456.9666666666667,4.500000000000014,108.45,-103.94999999999999,4.140000000000015,-36.83,110.00000000000001,5851.041666666667,0.0,1.0,1.2246467991473532e-16,-1.0,0.0
RP_Talhao_Central,2025-06-02,21.175,28.2,15.5,0.0,3.87,0.3310416666666667,188.04166666666666,0.2453675810183314,2025-06,3.1750000000000007,94.8375,451.76666666666665,4.500000000000014,108.6,-104.09999999999998,0.28000000000001535,-30.879999999999995,105.80000000000001,5829.208333333333,0.0,1.0,1.2246467991473532e-16,-1.0,0.0
RP_Talhao_Central,2025-06-03,20.258333333333333,25.1,16.5,1.2,2.57,0.32908333333333334,145.70833333333334,0.2453675810183314,2025-06,2.258333333333333,93.96666666666667,444.9583333333333,5.700000000000014,107.43,-101.72999999999999,-4.359999999999985,-24.689999999999984,100.60000000000001,5769.125,0.0,1.0,1.2246467991473532e-16,-1.0,0.0
RP_Talhao_Central,2025-06-04,21.195833333333333,27.7,15.4,0.0,3.04,0.332,185.0,0.2453675810183314,2025-06,3.195833333333333,94.55,438.9666666666667,5.700000000000014,106.71,-101.00999999999998,-3.8400000000000034,-21.70999999999998,100.5,5751.916666666667,0.0,1.0,1.2246467991473532e-16,-1.0,0.0
RP_Talhao_Central,2025-06-05,22.066666666666666,28.1,16.6,0.0,3.17,0.3404583333333333,170.29166666666666,0.2453675810183314,2025-06,4.066666666666666,95.55,433.8041666666667,5.700000000000014,106.17999999999999,-100.47999999999998,-3.269999999999996,-18.619999999999976,99.9,5706.0,0.0,1.0,1.2246467991473532e-16,-1.0,0.0
RP_Talhao_Central,2025-06-06,21.579166666666666,26.9,16.9,1.0,3.0100000000000002,0.3499999999999999,175.04166666666666,0.2453675810183314,2025-06,3.5791666666666657,94.725,427.52916666666664,6.700000000000014,105.64,-98.93999999999998,-2.049999999999997,-17.159999999999997,99.9,5679.833333333333,0.0,1.0,1.2246467991473532e-16,-1.0,0.0
RP_Talhao_Central,2025-06-07,21.395833333333332,27.3,16.0,0.0,3.01,0.3609583333333333,175.16666666666666,0.2453675810183314,2025-06,3.395833333333332,92.85833333333332,419.8166666666666,6.700000000000014,104.93,-98.22999999999999,-0.8199999999999932,-15.769999999999982,99.9,5641.916666666667,0.0,1.0,1.2246467991473532e-16,-1.0,0.0
RP_Talhao_Central,2025-06-08,20.5125,26.6,15.7,0.1,2.73,0.36879166666666663,158.625,0.2453675810183314,2025-06,2.5124999999999993,89.925,412.8041666666667,6.800000000000014,103.6,-96.79999999999998,-7.569999999999993,-7.909999999999997,93.4,5583.625,0.0,1.0,1.2246467991473532e-16,-1.0,0.0
RP_Talhao_Central,2025-06-09,19.145833333333332,22.9,16.6,3.5,1.92,0.3774583333333333,117.66666666666667,0.2453675810183314,2025-06,1.1458333333333321,85.07916666666665,406.1125,9.800000000000015,101.56,-91.75999999999999,-22.03,3.2900000000000205,79.5,5500.791666666666,0.0,1.0,1.2246467991473532e-16,-1.0,0.0
RP_Talhao_Central,2025-06-10,18.483333333333334,22.0,16.0,1.8,2.17,0.3761666666666667,141.91666666666666,0.2453675810183314,2025-06,0.4833333333333343,81.49583333333332,397.925,10.800000000000013,100.22,-89.41999999999999,-20.53,1.5799999999999983,80.3,5454.0,0.0,1.0,1.2246467991473532e-16,-1.0,0.0
RP_Talhao_Central,2025-06-11,15.945833333333333,20.5,12.2,0.0,2.9499999999999997,0.383,194.29166666666666,0.2453675810183314,2025-06,0.0,77.97916666666666,389.43333333333334,10.200000000000014,99.56,-89.35999999999999,-19.23999999999998,-6.8999999999999915,80.90000000000002,5459.291666666667,0.0,1.0,1.2246467991473532e-16,-1.0,0.0
RP_Talhao_Central,2025-06-12,14.533333333333333,20.7,9.3,0.0,3.16,0.3857083333333333,195.83333333333334,0.2453675810183314,2025-06,0.0,74.85,380.8833333333333,10.200000000000014,99.54,-89.33999999999999,-20.42999999999998,-8.549999999999997,80.70000000000002,5490.333333333333,0.0,2.0,1.2246467991473532e-16,-1.0,0.0
RP_Talhao_Central,2025-06-13,16.154166666666665,22.7,11.2,0.0,3.33,0.38845833333333335,192.875,0.2453675810183314,2025-06,0.0,72.05833333333332,371.9791666666667,9.900000000000013,99.27,-89.36999999999998,-21.14,-12.319999999999979,79.9,5491.583333333333,0.0,2.0,1.2246467991473532e-16,-1.0,0.0
RP_Talhao_Central,2025-06-14,17.275000000000002,23.3,12.6,0.0,3.5700000000000003,0.3837916666666667,189.75,0.2453675810183314,2025-06,0.0,70.17916666666666,365.35833333333335,9.900000000000013,99.10000000000001,-89.19999999999999,-30.119999999999976,-13.350000000000009,71.20000000000002,5477.875,0.0,2.0,1.2246467991473532e-16,-1.0,0.0
RP_Talhao_Central,2025-06-15,18.104166666666668,24.0,13.7,0.0,2.39,0.397125,138.16666666666666,0.2453675810183314,2025-06,0.10416666666666785,67.70416666666667,359.1583333333333,9.900000000000013,97.78,-87.88,-46.359999999999985,-0.37000000000000455,56.500000000000014,5406.416666666667,0.0,2.0,1.2246467991473532e-16,-1.0,0.0
RP_Talhao_Central,2025-06-16,18.7,24.9,13.7,0.0,3.05,0.40225,187.91666666666666,0.2453675810183314,2025-06,0.6999999999999993,65.12916666666666,354.25,9.900000000000013,96.93,-87.03,-55.139999999999986,-1.539999999999992,48.10000000000001,5385.25,0.0,2.0,1.2246467991473532e-16,-1.0,0.0
RP_Talhao_Central,2025-06-17,18.408333333333335,24.1,14.0,0.0,3.4,0.39295833333333335,192.75,0.2453675810183314,2025-06,0.408333333333335,61.699999999999996,350.1708333333333,9.900000000000013,96.33999999999999,-86.43999999999997,-59.379999999999995,-5.589999999999989,45.10000000000001,5372.083333333333,0.0,2.0,1.2246467991473532e-16,-1.0,0.0
RP_Talhao_Central,2025-06-18,18.695833333333333,25.4,13.1,0.0,3.19,0.3834166666666667,189.25,0.2453675810183314,2025-06,0.6958333333333329,58.729166666666664,345.84999999999997,9.900000000000013,95.56,-85.66,-79.27,15.11,26.000000000000014,5353.041666666666,0.0,2.0,1.2246467991473532e-16,-1.0,0.0
RP_Talhao_Central,2025-06-19,19.566666666666666,26.2,13.1,0.0,2.86,0.3793333333333333,169.875,0.2453675810183314,2025-06,1.5666666666666664,57.11666666666666,341.2208333333333,9.900000000000013,94.75,-84.85,-79.16,16.480000000000018,25.800000000000015,5316.791666666666,0.0,2.0,1.2246467991473532e-16,-1.0,0.0
RP_Talhao_Central,2025-06-20,20.433333333333334,26.2,14.2,0.0,3.12,0.37362500000000004,168.29166666666666,0.2453675810183314,2025-06,2.4333333333333336,56.27499999999999,336.7458333333333,9.900000000000013,94.05,-84.14999999999998,-79.55999999999999,15.41000000000001,25.200000000000014,5281.666666666667,0.0,2.0,1.2246467991473532e-16,-1.0,0.0
RP_Talhao_Central,2025-06-21,20.270833333333332,26.3,15.5,0.0,3.02,0.369,164.125,0.2453675810183314,2025-06,2.270833333333332,55.412499999999994,333.3375,9.900000000000013,93.24000000000001,-83.34,-79.70999999999998,0.3300000000000125,25.000000000000014,5240.416666666667,0.0,2.0,1.2246467991473532e-16,-1.0,0.0
RP_Talhao_Central,2025-06-22,20.683333333333334,27.9,14.7,0.0,3.37,0.36470833333333336,160.95833333333334,0.2453675810183314,2025-06,2.6833333333333336,55.41666666666666,330.18749999999994,9.900000000000013,92.86999999999999,-82.96999999999997,-80.44,-4.319999999999979,24.600000000000016,5197.583333333333,0.0,2.0,1.2246467991473532e-16,-1.0,0.0
RP_Talhao_Central,2025-06-23,20.845833333333335,28.2,17.1,5.6,3.15,0.36070833333333335,142.91666666666666,0.2453675810183314,2025-06,2.845833333333335,54.87083333333332,325.45416666666665,15.500000000000014,92.26,-76.75999999999999,-88.90999999999997,3.420000000000016,17.600000000000016,5142.833333333333,0.0,2.0,1.2246467991473532e-16,-1.0,0.0
RP_Talhao_Central,2025-06-24,14.720833333333333,17.7,8.4,8.8,2.21,0.35791666666666666,162.20833333333334,0.2453675810183314,2025-06,0.0,51.26249999999999,318.34166666666664,24.300000000000015,90.7,-66.39999999999999,-93.03999999999999,-0.7699999999999818,14.800000000000015,5108.125,0.0,3.0,1.2246467991473532e-16,-1.0,0.0
RP_Talhao_Central,2025-06-25,13.85,22.4,5.9,0.0,2.91,0.34175,197.625,0.2453675810183314,2025-06,0.0,47.570833333333326,310.8833333333333,24.300000000000015,89.46000000000001,-65.16,-103.96999999999998,10.340000000000018,5.200000000000014,5110.5,0.0,4.0,1.2246467991473532e-16,-1.0,0.0
RP_Talhao_Central,2025-06-26,20.275000000000002,27.4,14.9,0.0,3.31,0.30816666666666664,188.16666666666666,0.2453675810183314,2025-06,2.275000000000002,45.541666666666664,304.1458333333333,24.300000000000015,88.94,-64.63999999999999,-105.31999999999998,12.110000000000014,5.000000000000014,5133.083333333333,0.0,4.0,1.2246467991473532e-16,-1.0,0.0
RP_Talhao_Central,2025-06-27,21.191666666666666,26.6,15.8,0.0,2.89,0.29383333333333334,175.79166666666666,0.2453675810183314,2025-06,3.1916666666666664,44.820833333333326,300.0583333333333,22.800000000000015,88.61999999999999,-65.81999999999998,-107.13,13.290000000000006,4.800000000000015,5166.75,0.0,4.0,1.2246467991473532e-16,-1.0,0.0
RP_Talhao_Central,2025-06-28,21.2625,27.6,16.5,0.0,3.67,0.297875,186.70833333333334,0.2453675810183314,2025-06,3.2624999999999993,48.08333333333333,296.675,22.000000000000014,90.57,-68.56999999999998,-105.97999999999999,15.040000000000006,4.500000000000014,5251.458333333333,0.0,4.0,1.2246467991473532e-16,-1.0,0.0
RP_Talhao_Central,2025-06-29,21.708333333333332,28.1,15.5,0.0,3.71,0.29275,188.0,0.2453675810183314,2025-06,3.708333333333332,51.79166666666666,295.8041666666667,22.000000000000014,91.44,-69.43999999999998,-105.14,4.570000000000007,4.500000000000014,5237.25,0.0,3.0,1.2246467991473532e-16,-1.0,0.0
RP_Talhao_Central,2025-06-30,21.116666666666667,28.1,14.4,0.0,3.16,0.30824999999999997,174.25,0.2453675810183314,2025-06,3.116666666666667,54.8625,291.8541666666667,22.000000000000014,91.41,-69.40999999999998,-104.49,4.320000000000007,4.500000000000014,5212.75,0.0,3.0,1.2246467991473532e-16,-1.0,0.0
RP_Talhao_Central,2025-07-01,19.8875,25.7,15.0,0.0,2.97,0.3130833333333333,176.33333333333334,0.2221529320100108,2025-07,1.8874999999999993,54.9625,285.325,22.000000000000014,90.88,-68.87999999999998,-103.94999999999999,4.140000000000015,4.500000000000014,5193.541666666666,0.0,3.0,-0.4999999999999998,-0.8660254037844388,0.0
RP_Talhao_Central,2025-07-02,19.033333333333335,26.1,13.8,0.0,3.03,0.31925,178.91666666666666,0.2221529320100108,2025-07,1.033333333333335,52.820833333333326,278.8833333333333,22.000000000000014,90.04,-68.03999999999999,-104.09999999999998,0.28000000000001535,4.500000000000014,5184.416666666667,0.0,3.0,-0.4999999999999998,-0.8660254037844388,0.0
RP_Talhao_Central,2025-07-03,17.275,23.4,12.6,0.0,3.03,0.324625,177.70833333333334,0.2221529320100108,2025-07,0.0,50.5625,272.89166666666665,20.800000000000015,90.5,-69.69999999999999,-101.72999999999999,-4.359999999999985,5.700000000000014,5216.416666666666,0.0,3.0,-0.4999999999999998,-0.8660254037844388,0.0
RP_Talhao_Central,2025-07-04,17.345833333333335,24.2,12.0,0.0,2.9899999999999998,0.325625,176.04166666666666,0.2221529320100108,2025-07,0.0,47.36666666666666,268.23333333333335,20.800000000000015,90.45,-69.64999999999999,-101.00999999999998,-3.8400000000000034,5.700000000000014,5207.458333333333,0.0,3.0,-0.4999999999999998,-0.8660254037844388,0.0
RP_Talhao_Central,2025-07-05,18.287499999999998,24.3,12.9,0.0,3.11,0.323625,189.08333333333334,0.2221529320100108,2025-07,0.28749999999999787,43.5875,264.5625,20.800000000000015,90.39,-69.58999999999999,-100.47999999999998,-3.269999999999996,5.700000000000014,5226.25,0.0,3.0,-0.4999999999999998,-0.8660254037844388,0.0
RP_Talhao_Central,2025-07-06,17.966666666666665,24.8,11.7,0.0,3.29,0.32254166666666667,194.79166666666666,0.2221529320100108,2025-07,0.0,40.00833333333333,260.12916666666666,19.800000000000015,90.67,-70.86999999999999,-98.93999999999998,-2.049999999999997,6.700000000000014,5246.0,0.0,3.0,-0.4999999999999998,-0.8660254037844388,0.0
RP_Talhao_Central,2025-07-07,17.970833333333335,24.9,11.5,0.0,3.29,0.32145833333333335,195.125,0.2221529320100108,2025-07,0.0,36.6125,254.2,19.800000000000015,90.94999999999999,-71.14999999999998,-98.22999999999999,-0.8199999999999932,6.700000000000014,5265.958333333333,0.0,3.0,-0.4999999999999998,-0.8660254037844388,0.0
RP_Talhao_Central,2025-07-08,18.729166666666668,25.2,12.1,0.0,3.29,0.3202083333333334,194.25,0.2221529320100108,2025-07,0.7291666666666679,34.829166666666666,249.0625,19.700000000000017,91.51,-71.80999999999999,-96.79999999999998,-7.569999999999993,6.800000000000014,5301.583333333333,0.0,3.0,-0.4999999999999998,-0.8660254037844388,0.0
RP_Talhao_Central,2025-07-09,18.775000000000002,25.1,13.1,0.0,3.62,0.31875000000000003,187.5,0.2221529320100108,2025-07,0.7750000000000021,34.45833333333334,245.38333333333335,16.200000000000017,93.21000000000001,-77.00999999999999,-91.75999999999999,-22.03,9.800000000000015,5371.416666666667,0.0,3.0,-0.4999999999999998,-0.8660254037844388,0.0
RP_Talhao_Central,2025-07-10,18.912499999999998,25.0,13.6,0.0,4.14,0.3176666666666667,197.58333333333334,0.2221529320100108,2025-07,0.9124999999999979,34.8875,241.5,14.400000000000016,95.18,-80.77999999999999,-89.41999999999999,-20.53,10.800000000000013,5427.083333333333,0.0,3.0,-0.4999999999999998,-0.8660254037844388,0.0
RP_Talhao_Central,2025-07-11,19.841666666666665,24.8,14.8,0.0,3.54,0.31666666666666665,165.41666666666666,0.2221529320100108,2025-07,1.841666666666665,36.72916666666667,238.29583333333335,14.400000000000016,95.77,-81.36999999999998,-89.35999999999999,-19.23999999999998,10.200000000000014,5398.208333333333,0.0,3.0,-0.4999999999999998,-0.8660254037844388,0.0
RP_Talhao_Central,2025-07-12,20.400000000000002,25.8,15.4,0.0,3.55,0.3157083333333333,156.0,0.2221529320100108,2025-07,2.400000000000002,39.12916666666668,236.69583333333333,14.400000000000016,96.16,-81.75999999999998,-89.33999999999999,-20.42999999999998,10.200000000000014,5358.375,0.0,2.0,-0.4999999999999998,-0.8660254037844388,0.0
RP_Talhao_Central,2025-07-13,19.879166666666666,23.5,15.9,0.0,2.6,0.315,96.08333333333333,0.2221529320100108,2025-07,1.8791666666666664,41.00833333333334,233.55,14.400000000000016,95.43,-81.02999999999999,-89.36999999999998,-21.14,9.900000000000013,5261.583333333333,0.0,2.0,-0.4999999999999998,-0.8660254037844388,0.0
RP_Talhao_Central,2025-07-14,20.175,25.7,14.8,0.0,2.96,0.3144166666666667,138.5,0.2221529320100108,2025-07,2.1750000000000007,43.18333333333334,231.42499999999998,14.400000000000016,94.82,-80.41999999999997,-89.19999999999999,-30.119999999999976,9.900000000000013,5210.333333333333,0.0,2.0,-0.4999999999999998,-0.8660254037844388,0.0
RP_Talhao_Central,2025-07-15,19.754166666666666,25.7,14.6,0.0,3.1999999999999997,0.315625,157.70833333333334,0.2221529320100108,2025-07,1.7541666666666664,44.833333333333336,229.70416666666665,14.400000000000016,95.63,-81.22999999999998,-87.88,-46.359999999999985,9.900000000000013,5229.875,0.0,2.0,-0.4999999999999998,-0.8660254037844388,0.0
RP_Talhao_Central,2025-07-16,18.966666666666665,25.8,12.0,0.0,3.86,0.3135833333333333,202.45833333333334,0.2221529320100108,2025-07,0.966666666666665,45.10000000000001,225.875,14.400000000000016,96.44,-82.03999999999998,-87.03,-55.139999999999986,9.900000000000013,5244.416666666667,0.0,2.0,-0.4999999999999998,-0.8660254037844388,0.0
RP_Talhao_Central,2025-07-17,19.55,26.4,12.2,0.0,3.65,0.3125833333333333,200.625,0.2221529320100108,2025-07,1.5500000000000007,46.24166666666667,222.86666666666667,14.400000000000016,96.69,-82.28999999999998,-86.43999999999997,-59.379999999999995,9.900000000000013,5252.291666666667,0.0,2.0,-0.4999999999999998,-0.8660254037844388,0.0
RP_Talhao_Central,2025-07-18,19.208333333333332,25.8,12.0,0.0,3.4499999999999997,0.311625,195.95833333333334,0.2221529320100108,2025-07,1.2083333333333321,46.75416666666666,219.6583333333333,14.400000000000016,96.94999999999999,-82.54999999999997,-85.66,-79.27,9.900000000000013,5259.0,0.0,2.0,-0.4999999999999998,-0.8660254037844388,0.0
RP_Talhao_Central,2025-07-19,19.491666666666667,26.3,12.8,0.0,3.4899999999999998,0.31066666666666665,201.75,0.2221529320100108,2025-07,1.4916666666666671,46.679166666666674,216.3125,14.400000000000016,97.58,-83.17999999999998,-84.85,-79.16,9.900000000000013,5290.875,0.0,2.0,-0.4999999999999998,-0.8660254037844388,0.0
RP_Talhao_Central,2025-07-20,19.733333333333334,27.0,13.2,0.0,3.71,0.31,195.0,0.2221529320100108,2025-07,1.7333333333333343,45.97916666666667,213.575,14.400000000000016,98.17,-83.76999999999998,-84.14999999999998,-79.55999999999999,9.900000000000013,5317.583333333333,0.0,2.0,-0.4999999999999998,-0.8660254037844388,0.0
RP_Talhao_Central,2025-07-21,20.958333333333332,28.2,14.1,0.0,3.58,0.3090833333333333,199.5,0.2221529320100108,2025-07,2.958333333333332,46.66666666666667,212.29999999999998,14.400000000000016,98.72999999999999,-84.32999999999997,-83.34,-79.70999999999998,9.900000000000013,5352.958333333333,0.0,2.0,-0.4999999999999998,-0.8660254037844388,0.0
RP_Talhao_Central,2025-07-22,21.508333333333336,28.3,14.8,0.0,4.1000000000000005,0.30845833333333333,199.20833333333334,0.2221529320100108,2025-07,3.5083333333333364,47.491666666666674,211.07500000000002,14.400000000000016,99.46000000000001,-85.05999999999999,-82.96999999999997,-80.44,9.900000000000013,5391.208333333334,0.0,2.0,-0.4999999999999998,-0.8660254037844388,0.0
RP_Talhao_Central,2025-07-23,21.295833333333334,28.0,14.9,0.0,4.31,0.3075,203.20833333333334,0.2221529320100108,2025-07,3.2958333333333343,47.94166666666668,209.975,8.800000000000015,100.61999999999999,-91.81999999999998,-76.75999999999999,-88.90999999999997,15.500000000000014,5451.5,0.0,2.0,-0.4999999999999998,-0.8660254037844388,0.0
RP_Talhao_Central,2025-07-24,21.083333333333332,28.4,15.0,0.0,4.34,0.306625,202.70833333333334,0.2221529320100108,2025-07,3.083333333333332,51.025000000000006,209.29999999999998,0.0,102.75,-102.75,-66.39999999999999,-93.03999999999999,24.300000000000015,5492.0,0.0,1.0,-0.4999999999999998,-0.8660254037844388,0.0
RP_Talhao_Central,2025-07-25,21.0125,28.5,16.3,0.0,3.7399999999999998,0.306,166.79166666666666,0.2221529320100108,2025-07,3.0124999999999993,54.03750000000001,208.89583333333331,0.0,103.58,-103.58,-65.16,-103.96999999999998,24.300000000000015,5461.166666666667,0.0,0.0,-0.4999999999999998,-0.8660254037844388,0.0
RP_Talhao_Central,2025-07-26,20.95,29.3,13.8,0.0,3.98,0.3050833333333333,207.04166666666666,0.2221529320100108,2025-07,2.9499999999999993,54.7125,207.5625,0.0,104.25,-104.25,-64.63999999999999,-105.31999999999998,24.300000000000015,5480.041666666667,0.0,0.0,-0.4999999999999998,-0.8660254037844388,0.0
RP_Talhao_Central,2025-07-27,23.229166666666668,31.1,15.9,0.0,4.74,0.3045,198.54166666666666,0.2221529320100108,2025-07,5.229166666666668,56.75,208.84166666666667,0.0,106.10000000000001,-106.10000000000001,-65.81999999999998,-107.13,22.800000000000015,5502.791666666666,0.0,0.0,-0.4999999999999998,-0.8660254037844388,0.0
RP_Talhao_Central,2025-07-28,21.266666666666666,24.2,16.6,5.0,3.22,0.30391666666666667,135.625,0.2221529320100108,2025-07,3.2666666666666657,56.75416666666666,208.0333333333333,5.000000000000014,105.65,-100.64999999999999,-68.56999999999998,-105.97999999999999,22.000000000000014,5451.708333333333,0.0,0.0,-0.4999999999999998,-0.8660254037844388,0.0
RP_Talhao_Central,2025-07-29,16.75,21.8,12.5,0.2,3.27,0.30316666666666664,207.58333333333334,0.2221529320100108,2025-07,0.0,53.045833333333334,204.925,5.200000000000014,105.21,-100.00999999999998,-69.43999999999998,-105.14,22.000000000000014,5471.291666666667,0.0,0.0,-0.4999999999999998,-0.8660254037844388,0.0
RP_Talhao_Central,2025-07-30,15.125,22.4,9.3,0.0,3.75,0.3099166666666667,220.125,0.2221529320100108,2025-07,0.0,49.92916666666666,201.9083333333333,5.200000000000014,105.8,-100.59999999999998,-69.40999999999998,-104.49,22.000000000000014,5517.166666666667,0.0,1.0,-0.4999999999999998,-0.8660254037844388,0.0
RP_Talhao_Central,2025-07-31,16.925,26.0,9.6,0.0,4.34,0.3104166666666667,218.125,0.2221529320100108,2025-07,0.0,48.04166666666667,198.5,5.200000000000014,107.17,-101.96999999999998,-68.87999999999998,-103.94999999999999,22.000000000000014,5558.958333333334,0.0,2.0,-0.4999999999999998,-0.8660254037844388,0.0
RP_Talhao_Central,2025-08-01,19.929166666666667,28.1,13.9,0.0,4.68,0.30895833333333333,215.41666666666666,0.2052603934085987,2025-08,1.9291666666666671,48.9375,196.59583333333333,5.200000000000014,108.82,-103.61999999999998,-68.03999999999999,-104.09999999999998,22.000000000000014,5595.458333333333,0.0,2.0,-0.8660254037844384,-0.5000000000000004,0.0
RP_Talhao_Central,2025-08-02,20.483333333333334,28.3,14.4,0.0,4.85,0.308,212.66666666666666,0.2052603934085987,2025-08,2.4833333333333343,51.420833333333334,195.95000000000002,5.200000000000014,110.64,-105.43999999999998,-69.69999999999999,-101.72999999999999,20.800000000000015,5630.416666666667,0.0,2.0,-0.8660254037844384,-0.5000000000000004,0.0
RP_Talhao_Central,2025-08-03,20.191666666666666,28.1,14.1,0.0,4.64,0.3072916666666667,217.41666666666666,0.2052603934085987,2025-08,2.1916666666666664,53.612500000000004,195.52916666666667,5.200000000000014,112.29,-107.08999999999999,-69.64999999999999,-101.00999999999998,20.800000000000015,5671.791666666667,0.0,2.0,-0.8660254037844384,-0.5000000000000004,0.0
RP_Talhao_Central,2025-08-04,20.579166666666666,27.9,13.9,0.0,4.49,0.30645833333333333,205.04166666666666,0.2052603934085987,2025-08,2.5791666666666657,55.90416666666667,195.04166666666666,5.200000000000014,113.67,-108.46999999999998,-69.58999999999999,-100.47999999999998,20.800000000000015,5687.75,0.0,2.0,-0.8660254037844384,-0.5000000000000004,0.0
RP_Talhao_Central,2025-08-05,18.212500000000002,20.8,15.8,1.9,1.98,0.30591666666666667,56.041666666666664,0.2052603934085987,2025-08,0.21250000000000213,56.116666666666674,190.85,7.100000000000014,112.36,-105.25999999999999,-70.86999999999999,-98.93999999999998,19.800000000000015,5549.0,0.0,2.0,-0.8660254037844384,-0.5000000000000004,0.0
RP_Talhao_Central,2025-08-06,18.891666666666666,25.4,12.9,0.0,3.79,0.305,204.08333333333334,0.2052603934085987,2025-08,0.8916666666666657,57.00833333333334,186.47916666666666,7.100000000000014,112.86,-105.75999999999999,-71.14999999999998,-98.22999999999999,19.800000000000015,5557.958333333333,0.0,2.0,-0.8660254037844384,-0.5000000000000004,0.0
RP_Talhao_Central,2025-08-07,20.870833333333334,28.1,13.6,0.0,3.94,0.30454166666666665,199.5,0.2052603934085987,2025-08,2.8708333333333336,59.15,183.90416666666667,7.100000000000014,113.50999999999999,-106.40999999999998,-71.80999999999999,-96.79999999999998,19.700000000000017,5563.208333333333,0.0,2.0,-0.8660254037844384,-0.5000000000000004,0.0
RP_Talhao_Central,2025-08-08,21.983333333333334,28.8,15.7,0.1,4.41,0.303,179.83333333333334,0.2052603934085987,2025-08,3.9833333333333343,62.358333333333334,181.89583333333334,7.200000000000014,114.3,-107.09999999999998,-77.00999999999999,-91.75999999999999,16.200000000000017,5555.541666666667,0.0,2.0,-0.8660254037844384,-0.5000000000000004,0.0
RP_Talhao_Central,2025-08-09,17.525000000000002,21.9,13.5,0.0,3.92,0.30266666666666664,220.45833333333334,0.2052603934085987,2025-08,0.0,61.44583333333334,177.82916666666665,7.200000000000014,114.07999999999998,-106.87999999999997,-80.77999999999999,-89.41999999999999,14.400000000000016,5578.416666666667,0.0,2.0,-0.8660254037844384,-0.5000000000000004,0.0
RP_Talhao_Central,2025-08-10,14.995833333333332,21.7,8.6,0.0,4.19,0.313625,233.79166666666666,0.2052603934085987,2025-08,0.0,59.60416666666667,174.3125,7.200000000000014,114.73,-107.52999999999999,-81.36999999999998,-89.35999999999999,14.400000000000016,5646.791666666667,0.0,3.0,-0.8660254037844384,-0.5000000000000004,0.0
RP_Talhao_Central,2025-08-11,15.279166666666667,22.4,8.5,0.0,3.91,0.312625,232.29166666666666,0.2052603934085987,2025-08,0.0,57.204166666666666,171.18333333333334,7.200000000000014,115.09,-107.88999999999999,-81.75999999999998,-89.33999999999999,14.400000000000016,5723.083333333333,0.0,4.0,-0.8660254037844384,-0.5000000000000004,0.0
RP_Talhao_Central,2025-08-12,16.708333333333332,24.6,9.1,0.0,4.17,0.3119166666666667,232.125,0.2052603934085987,2025-08,0.0,55.325,168.39166666666665,7.200000000000014,116.66,-109.45999999999998,-81.02999999999999,-89.36999999999998,14.400000000000016,5859.125,0.0,5.0,-0.8660254037844384,-0.5000000000000004,0.0
RP_Talhao_Central,2025-08-13,19.5,28.3,10.8,0.0,4.37,0.31066666666666665,232.25,0.2052603934085987,2025-08,1.5,54.650000000000006,168.0125,7.200000000000014,118.07,-110.86999999999998,-80.41999999999997,-89.19999999999999,14.400000000000016,5952.875,0.0,5.0,-0.8660254037844384,-0.5000000000000004,0.0
RP_Talhao_Central,2025-08-14,21.125,29.7,13.4,0.0,5.0,0.309625,232.875,0.2052603934085987,2025-08,3.125,56.020833333333336,168.55833333333334,7.200000000000014,119.87,-112.66999999999999,-81.22999999999998,-87.88,14.400000000000016,6028.041666666666,0.0,5.0,-0.8660254037844384,-0.5000000000000004,0.0
RP_Talhao_Central,2025-08-15,20.625,29.4,12.7,0.0,4.85,0.308625,228.08333333333334,0.2052603934085987,2025-08,2.625,57.679166666666674,167.90833333333333,7.200000000000014,120.86,-113.65999999999998,-82.03999999999998,-87.03,14.400000000000016,6053.666666666667,0.0,5.0,-0.8660254037844384,-0.5000000000000004,0.0
RP_Talhao_Central,2025-08-16,23.066666666666666,30.9,16.6,0.0,4.82,0.307625,222.95833333333334,0.2052603934085987,2025-08,5.066666666666666,61.19583333333334,169.1375,7.200000000000014,122.03,-114.82999999999998,-82.28999999999998,-86.43999999999997,14.400000000000016,6076.0,0.0,5.0,-0.8660254037844384,-0.5000000000000004,0.0
RP_Talhao_Central,2025-08-17,23.445833333333336,30.7,16.8,0.0,4.61,0.306625,212.04166666666666,0.2052603934085987,2025-08,5.445833333333336,65.43333333333334,170.91666666666669,7.200000000000014,123.19,-115.98999999999998,-82.54999999999997,-85.66,14.400000000000016,6092.083333333334,0.0,5.0,-0.8660254037844384,-0.5000000000000004,0.0
RP_Talhao_Central,2025-08-18,23.495833333333334,30.4,17.4,0.0,5.2,0.3056666666666667,230.75,0.2052603934085987,2025-08,5.495833333333334,69.4375,173.23333333333335,7.200000000000014,124.89999999999999,-117.69999999999997,-83.17999999999998,-84.85,14.400000000000016,6121.083333333334,0.0,5.0,-0.8660254037844384,-0.5000000000000004,0.0
RP_Talhao_Central,2025-08-19,24.133333333333336,32.3,17.5,0.0,5.78,0.3047083333333333,228.45833333333334,0.2052603934085987,2025-08,6.133333333333336,73.8375,176.09166666666667,7.200000000000014,126.97,-119.76999999999998,-83.76999999999998,-84.14999999999998,14.400000000000016,6154.541666666667,0.0,5.0,-0.8660254037844384,-0.5000000000000004,0.0
RP_Talhao_Central,2025-08-20,25.537499999999998,32.2,18.9,0.0,5.12,0.30395833333333333,194.25,0.2052603934085987,2025-08,7.537499999999998,78.41666666666667,180.49583333333334,7.200000000000014,128.51,-121.30999999999997,-84.32999999999997,-83.34,14.400000000000016,6149.291666666667,0.0,5.0,-0.8660254037844384,-0.5000000000000004,0.0
RP_Talhao_Central,2025-08-21,25.445833333333336,32.5,18.6,0.0,4.4,0.303,203.08333333333334,0.2052603934085987,2025-08,7.445833333333336,82.35416666666667,185.2625,7.200000000000014,128.81,-121.60999999999999,-85.05999999999999,-82.96999999999997,14.400000000000016,6153.166666666666,0.0,5.0,-0.8660254037844384,-0.5000000000000004,0.0
RP_Talhao_Central,2025-08-22,26.104166666666668,33.2,19.7,0.0,6.36,0.30233333333333334,231.875,0.2052603934085987,2025-08,8.104166666666668,87.16250000000001,189.97500000000002,7.200000000000014,130.86,-123.66,-91.81999999999998,-76.75999999999999,8.800000000000015,6181.833333333333,0.0,5.0,-0.8660254037844384,-0.5000000000000004,0.0
RP_Talhao_Central,2025-08-23,25.945833333333336,33.0,18.9,0.0,5.5600000000000005,0.30141666666666667,235.79166666666666,0.2052603934085987,2025-08,7.945833333333336,92.025,194.3125,7.200000000000014,132.08,-124.88,-102.75,-66.39999999999999,0.0,6214.916666666667,0.0,5.0,-0.8660254037844384,-0.5000000000000004,0.0
RP_Talhao_Central,2025-08-24,25.829166666666666,33.7,17.5,0.0,5.09,0.3005,232.0,0.2052603934085987,2025-08,7.829166666666666,96.84166666666667,198.45000000000002,7.200000000000014,133.43,-126.22999999999999,-103.58,-65.16,0.0,6280.125,0.0,5.0,-0.8660254037844384,-0.5000000000000004,0.0
RP_Talhao_Central,2025-08-25,25.71666666666667,33.2,18.1,0.0,5.17,0.29954166666666665,217.95833333333334,0.2052603934085987,2025-08,7.716666666666669,101.60833333333335,201.8625,7.200000000000014,134.62,-127.41999999999999,-104.25,-64.63999999999999,0.0,6291.041666666666,0.0,5.0,-0.8660254037844384,-0.5000000000000004,0.0
RP_Talhao_Central,2025-08-26,25.558333333333334,33.1,18.3,0.0,5.14,0.2987083333333333,197.25,0.2052603934085987,2025-08,7.558333333333334,103.93750000000001,205.50833333333333,7.200000000000014,135.01999999999998,-127.81999999999996,-106.10000000000001,-65.81999999999998,0.0,6289.75,0.0,5.0,-0.8660254037844384,-0.5000000000000004,0.0
RP_Talhao_Central,2025-08-27,24.416666666666668,31.4,18.5,0.0,4.99,0.298,210.95833333333334,0.2052603934085987,2025-08,6.416666666666668,107.08750000000002,211.925,2.200000000000014,136.79,-134.58999999999997,-100.64999999999999,-68.56999999999998,5.000000000000014,6365.083333333334,0.0,5.0,-0.8660254037844384,-0.5000000000000004,0.0
RP_Talhao_Central,2025-08-28,25.0625,31.3,18.7,0.0,4.9,0.2975,213.66666666666666,0.2052603934085987,2025-08,7.0625,114.15000000000002,218.9875,2.0000000000000138,138.42,-136.42,-100.00999999999998,-69.43999999999998,5.200000000000014,6371.166666666666,0.0,5.0,-0.8660254037844384,-0.5000000000000004,0.0
RP_Talhao_Central,2025-08-29,20.404166666666665,25.2,17.5,8.3,2.93,0.297,154.375,0.2052603934085987,2025-08,2.404166666666665,116.55416666666669,221.34583333333336,10.300000000000015,137.60000000000002,-127.30000000000001,-100.59999999999998,-69.40999999999998,5.200000000000014,6305.416666666666,0.0,4.0,-0.8660254037844384,-0.5000000000000004,0.0
RP_Talhao_Central,2025-08-30,21.337500000000002,27.7,15.5,0.0,4.78,0.29516666666666663,232.75,0.2052603934085987,2025-08,3.337500000000002,119.89166666666668,222.89583333333337,10.300000000000015,138.04000000000002,-127.74000000000001,-101.96999999999998,-68.87999999999998,5.200000000000014,6320.041666666666,0.0,3.0,-0.8660254037844384,-0.5000000000000004,0.0
RP_Talhao_Central,2025-08-31,22.5625,29.4,16.5,0.0,5.41,0.2794166666666667,235.70833333333334,0.2052603934085987,2025-08,4.5625,122.525,224.28333333333336,10.300000000000015,138.77,-128.47,-103.61999999999998,-68.03999999999999,5.200000000000014,6340.333333333334,0.0,3.0,-0.8660254037844384,-0.5000000000000004,0.0
RP_Talhao_Central,2025-09-01,23.349999999999998,29.4,17.9,0.0,5.36,0.279,225.33333333333334,0.1927462641845359,2025-09,5.349999999999998,125.39166666666668,227.37500000000003,10.300000000000015,139.28,-128.98,-105.43999999999998,-69.69999999999999,5.200000000000014,6353.0,0.0,3.0,-1.0,-1.8369701987210297e-16,0.0
RP_Talhao_Central,2025-09-02,23.099999999999998,28.3,18.2,0.0,5.03,0.279,198.79166666666666,0.1927462641845359,2025-09,5.099999999999998,128.3,229.27916666666667,10.300000000000015,139.67,-129.36999999999998,-107.08999999999999,-69.64999999999999,5.200000000000014,6334.375,0.0,3.0,-1.0,-1.8369701987210297e-16,0.0
RP_Talhao_Central,2025-09-03,23.474999999999998,29.9,18.2,0.0,5.55,0.279,234.08333333333334,0.1927462641845359,2025-09,5.474999999999998,131.19583333333335,230.6875,10.300000000000015,140.73000000000002,-130.43,-108.46999999999998,-69.58999999999999,5.200000000000014,6363.416666666667,0.0,3.0,-1.0,-1.8369701987210297e-16,0.0
RP_Talhao_Central,2025-09-04,23.8875,30.5,17.6,0.0,4.96,0.279,226.33333333333334,0.1927462641845359,2025-09,5.887499999999999,136.87083333333334,232.99583333333334,8.400000000000015,143.71,-135.31,-105.25999999999999,-70.86999999999999,7.100000000000014,6533.708333333333,0.0,3.0,-1.0,-1.8369701987210297e-16,0.0
RP_Talhao_Central,2025-09-05,24.945833333333336,31.7,17.8,0.0,5.2299999999999995,0.279,248.41666666666666,0.1927462641845359,2025-09,6.945833333333336,142.925,236.54583333333335,8.400000000000015,145.15,-136.75,-105.75999999999999,-71.14999999999998,7.100000000000014,6578.041666666667,0.0,3.0,-1.0,-1.8369701987210297e-16,0.0
RP_Talhao_Central,2025-09-06,24.791666666666668,32.7,17.7,0.0,5.79,0.279,240.95833333333334,0.1927462641845359,2025-09,6.791666666666668,146.84583333333336,240.82500000000002,8.400000000000015,147.0,-138.6,-106.40999999999998,-71.80999999999999,7.100000000000014,6619.5,0.0,3.0,-1.0,-1.8369701987210297e-16,0.0
RP_Talhao_Central,2025-09-07,25.641666666666666,33.3,18.4,0.0,5.42,0.279,230.54166666666666,0.1927462641845359,2025-09,7.641666666666666,150.50416666666666,247.32083333333335,8.300000000000015,148.01000000000002,-139.71,-107.09999999999998,-77.00999999999999,7.200000000000014,6670.208333333333,0.0,3.0,-1.0,-1.8369701987210297e-16,0.0
RP_Talhao_Central,2025-09-08,27.6125,34.3,21.4,0.0,6.29,0.279,224.125,0.1927462641845359,2025-09,9.6125,160.11666666666667,256.45000000000005,8.300000000000015,150.38,-142.07999999999998,-106.87999999999997,-80.77999999999999,7.200000000000014,6673.875,0.0,3.0,-1.0,-1.8369701987210297e-16,0.0
RP_Talhao_Central,2025-09-09,26.712500000000002,31.3,20.9,0.0,6.31,0.279,209.75,0.1927462641845359,2025-09,8.712500000000002,168.82916666666668,265.1625,8.300000000000015,152.5,-144.2,-107.52999999999999,-81.36999999999998,7.200000000000014,6649.833333333333,0.0,2.0,-1.0,-1.8369701987210297e-16,0.0
RP_Talhao_Central,2025-09-10,24.316666666666666,33.0,16.3,0.0,5.57,0.279,264.4583333333333,0.1927462641845359,2025-09,6.316666666666666,175.14583333333334,271.4791666666667,8.300000000000015,154.16,-145.85999999999999,-107.88999999999999,-81.75999999999998,7.200000000000014,6682.0,0.0,1.0,-1.0,-1.8369701987210297e-16,0.0
RP_Talhao_Central,2025-09-11,25.266666666666666,34.1,16.3,0.0,6.43,0.279,263.6666666666667,0.1927462641845359,2025-09,7.266666666666666,182.4125,278.74583333333334,8.300000000000015,156.42000000000002,-148.12,-109.45999999999998,-81.02999999999999,7.200000000000014,6713.541666666667,0.0,0.0,-1.0,-1.8369701987210297e-16,0.0
RP_Talhao_Central,2025-09-12,25.445833333333336,33.5,18.0,0.0,6.96,0.279,250.5,0.1927462641845359,2025-09,7.445833333333336,188.35833333333335,286.1916666666667,8.300000000000015,159.01000000000002,-150.71,-110.86999999999998,-80.41999999999997,7.200000000000014,6731.791666666667,0.0,0.0,-1.0,-1.8369701987210297e-16,0.0
RP_Talhao_Central,2025-09-13,24.3625,32.0,17.8,0.0,5.82,0.279,243.375,0.1927462641845359,2025-09,6.362500000000001,191.59583333333333,292.45,8.300000000000015,159.83,-151.53,-112.66999999999999,-81.22999999999998,7.200000000000014,6742.291666666667,0.0,0.0,-1.0,-1.8369701987210297e-16,0.0
RP_Talhao_Central,2025-09-14,24.766666666666666,32.5,17.4,0.0,5.58,0.279,246.5,0.1927462641845359,2025-09,6.766666666666666,195.7375,298.5166666666667,8.300000000000015,160.56,-152.26,-113.65999999999998,-82.03999999999998,7.200000000000014,6760.708333333333,0.0,0.0,-1.0,-1.8369701987210297e-16,0.0
RP_Talhao_Central,2025-09-15,26.27916666666667,33.6,19.2,0.0,5.67,0.279,237.25,0.1927462641845359,2025-09,8.279166666666669,198.95000000000002,306.3875,8.300000000000015,161.41,-153.10999999999999,-114.82999999999998,-82.28999999999998,7.200000000000014,6775.0,0.0,0.0,-1.0,-1.8369701987210297e-16,0.0
RP_Talhao_Central,2025-09-16,25.40416666666667,34.4,20.5,7.5,5.45,0.279,232.45833333333334,0.1927462641845359,2025-09,7.404166666666669,200.90833333333336,313.09583333333336,15.800000000000015,162.25,-146.45,-115.98999999999998,-82.54999999999997,7.200000000000014,6795.416666666666,0.0,0.0,-1.0,-1.8369701987210297e-16,0.0
RP_Talhao_Central,2025-09-17,24.375,31.1,18.8,0.0,5.78,0.27925000000000005,256.625,0.1927462641845359,2025-09,6.375,201.78750000000002,317.9041666666667,15.800000000000015,162.82999999999998,-147.02999999999997,-117.69999999999997,-83.17999999999998,7.200000000000014,6821.291666666666,0.0,0.0,-1.0,-1.8369701987210297e-16,0.0
RP_Talhao_Central,2025-09-18,23.645833333333332,32.5,15.0,0.0,5.61,0.2827083333333333,266.75,0.1927462641845359,2025-09,5.645833333333332,201.3,321.1166666666667,15.800000000000015,162.66,-146.85999999999999,-119.76999999999998,-83.76999999999998,7.200000000000014,6859.583333333333,0.0,0.0,-1.0,-1.8369701987210297e-16,0.0
RP_Talhao_Central,2025-09-19,25.266666666666666,33.6,19.2,0.3,5.36,0.283,215.45833333333334,0.1927462641845359,2025-09,7.266666666666666,201.02916666666667,326.1125,16.100000000000016,162.9,-146.79999999999998,-121.30999999999997,-84.32999999999997,7.200000000000014,6880.791666666667,0.0,0.0,-1.0,-1.8369701987210297e-16,0.0
RP_Talhao_Central,2025-09-20,26.045833333333334,32.6,19.5,0.0,5.22,0.283,245.29166666666666,0.1927462641845359,2025-09,8.045833333333334,201.62916666666666,331.475,16.100000000000016,163.72,-147.61999999999998,-121.60999999999999,-85.05999999999999,7.200000000000014,6923.0,0.0,0.0,-1.0,-1.8369701987210297e-16,0.0
RP_Talhao_Central,2025-09-21,28.008333333333336,34.0,23.2,4.2,6.21,0.283,221.70833333333334,0.1927462641845359,2025-09,10.008333333333336,203.53333333333336,338.63750000000005,20.300000000000015,163.57,-143.26999999999998,-123.66,-91.81999999999998,7.200000000000014,6912.833333333334,0.0,0.0,-1.0,-1.8369701987210297e-16,0.0
RP_Talhao_Central,2025-09-22,23.45,27.3,18.8,51.6,2.94,0.29404166666666665,119.58333333333333,0.1927462641845359,2025-09,5.449999999999999,201.0375,344.08750000000003,71.90000000000002,160.95,-89.04999999999997,-124.88,-102.75,7.200000000000014,6796.625,0.0,0.0,-1.0,-1.8369701987210297e-16,1.0
RP_Talhao_Central,2025-09-23,21.7625,27.2,17.7,0.0,4.14,0.3270416666666667,233.375,0.1927462641845359,2025-09,3.7624999999999993,196.97083333333336,347.85,71.9,160.0,-88.1,-126.22999999999999,-103.58,7.200000000000014,6798.0,0.0,0.0,-1.0,-1.8369701987210297e-16,1.0
RP_Talhao_Central,2025-09-24,22.304166666666664,28.7,17.4,0.0,4.69,0.31695833333333334,239.41666666666666,0.1927462641845359,2025-09,4.304166666666664,193.55833333333334,349.87916666666666,71.9,159.52,-87.62,-127.41999999999999,-104.25,7.200000000000014,6819.458333333334,0.0,0.0,-1.0,-1.8369701987210297e-16,1.0
RP_Talhao_Central,2025-09-25,21.429166666666664,27.0,17.0,0.0,5.0,0.306125,242.33333333333334,0.1927462641845359,2025-09,3.4291666666666636,189.42916666666667,350.1166666666667,71.9,159.38,-87.47999999999999,-127.81999999999996,-106.10000000000001,7.200000000000014,6864.541666666667,0.0,0.0,-1.0,-1.8369701987210297e-16,1.0
RP_Talhao_Central,2025-09-26,20.724999999999998,27.4,14.7,0.0,5.5,0.303,273.7916666666667,0.1927462641845359,2025-09,2.724999999999998,185.73749999999998,349.5791666666667,71.9,159.89000000000001,-87.99000000000001,-134.58999999999997,-100.64999999999999,2.200000000000014,6927.375,0.0,0.0,-1.0,-1.8369701987210297e-16,1.0
RP_Talhao_Central,2025-09-27,22.483333333333334,29.9,15.7,0.0,6.13,0.2973333333333333,279.875,0.1927462641845359,2025-09,4.483333333333334,183.15833333333336,350.3541666666667,71.9,161.12,-89.22,-136.42,-100.00999999999998,2.0000000000000138,6993.583333333334,0.0,0.0,-1.0,-1.8369701987210297e-16,1.0
RP_Talhao_Central,2025-09-28,25.808333333333334,34.4,17.8,0.0,6.33,0.2977083333333333,277.625,0.1927462641845359,2025-09,7.808333333333334,188.5625,355.04583333333335,63.600000000000016,164.51999999999998,-100.91999999999996,-127.30000000000001,-100.59999999999998,10.300000000000015,7116.833333333334,0.0,0.0,-1.0,-1.8369701987210297e-16,1.0
RP_Talhao_Central,2025-09-29,27.333333333333332,35.2,19.7,0.0,5.93,0.2965,253.04166666666666,0.1927462641845359,2025-09,9.333333333333332,194.55833333333334,362.4916666666667,63.60000000000001,165.67,-102.06999999999998,-127.74000000000001,-101.96999999999998,10.300000000000015,7137.125,1.0,0.0,-1.0,-1.8369701987210297e-16,1.0
RP_Talhao_Central,2025-09-30,28.025000000000002,35.7,20.2,0.0,7.21,0.29554166666666665,286.2083333333333,0.1927462641845359,2025-09,10.025000000000002,200.02083333333334,371.48333333333335,63.60000000000001,167.47,-103.86999999999999,-128.47,-103.61999999999998,10.300000000000015,7187.625,2.0,0.0,-1.0,-1.8369701987210297e-16,1.0
RP_Talhao_Central,2025-10-01,28.3125,35.8,20.6,0.0,6.94,0.2945,270.2916666666667,0.2057777977472893,2025-10,10.3125,204.98333333333335,381.79583333333335,63.60000000000001,169.05,-105.45,-128.98,-105.43999999999998,10.300000000000015,7232.583333333333,3.0,0.0,-0.8660254037844386,0.5,1.0
RP_Talhao_Central,2025-10-02,27.97083333333333,35.0,21.4,0.0,7.34,0.2934583333333333,261.4166666666667,0.2057777977472893,2025-10,9.970833333333331,209.85416666666666,391.7666666666667,63.60000000000001,171.36,-107.76,-129.36999999999998,-107.08999999999999,10.300000000000015,7295.208333333333,3.0,0.0,-0.8660254037844386,0.5,1.0
RP_Talhao_Central,2025-10-03,27.495833333333334,33.2,22.0,0.0,7.26,0.2925,263.75,0.2057777977472893,2025-10,9.495833333333334,213.875,400.975,63.60000000000001,173.07,-109.46999999999998,-130.43,-108.46999999999998,10.300000000000015,7324.875,3.0,0.0,-0.8660254037844386,0.5,1.0
RP_Talhao_Central,2025-10-04,26.795833333333334,32.1,21.0,0.0,6.99,0.2917916666666666,245.25,0.2057777977472893,2025-10,8.795833333333334,216.78333333333333,409.7708333333333,63.60000000000001,175.1,-111.49999999999999,-135.31,-105.25999999999999,8.400000000000015,7343.791666666667,3.0,0.0,-0.8660254037844386,0.5,1.0
RP_Talhao_Central,2025-10-05,28.116666666666664,34.8,20.9,0.0,6.79,0.291,271.4166666666667,0.2057777977472893,2025-10,10.116666666666664,219.95416666666668,419.8875,63.60000000000001,176.66,-113.05999999999999,-136.75,-105.75999999999999,8.400000000000015,7366.791666666667,3.0,0.0,-0.8660254037844386,0.5,1.0
RP_Talhao_Central,2025-10-06,29.53333333333333,36.8,20.9,0.0,6.24,0.29033333333333333,270.7083333333333,0.2057777977472893,2025-10,11.533333333333331,224.69583333333333,430.6916666666667,63.60000000000001,177.11,-113.51,-138.6,-106.40999999999998,8.400000000000015,7396.541666666667,4.0,0.0,-0.8660254037844386,0.5,1.0
RP_Talhao_Central,2025-10-07,29.020833333333332,37.2,21.6,0.0,6.56,0.28954166666666664,254.33333333333334,0.2057777977472893,2025-10,11.020833333333332,228.075,440.9375,63.60000000000001,178.25,-114.64999999999999,-139.71,-107.09999999999998,8.300000000000015,7420.333333333333,5.0,0.0,-0.8660254037844386,0.5,1.0
RP_Talhao_Central,2025-10-08,24.129166666666666,32.9,18.9,9.700000000000001,5.87,0.28854166666666664,254.16666666666666,0.2057777977472893,2025-10,6.129166666666666,224.59166666666667,446.1541666666667,73.30000000000001,177.83,-104.53,-142.07999999999998,-106.87999999999997,8.300000000000015,7450.375,5.0,0.0,-0.8660254037844386,0.5,1.0
RP_Talhao_Central,2025-10-09,22.6875,30.6,17.7,18.4,4.86,0.29304166666666664,269.9166666666667,0.2057777977472893,2025-10,4.6875,220.56666666666666,449.0,91.70000000000002,176.38,-84.67999999999998,-144.2,-107.52999999999999,8.300000000000015,7510.541666666667,5.0,0.0,-0.8660254037844386,0.5,1.0
RP_Talhao_Central,2025-10-10,21.641666666666666,26.7,19.1,11.700000000000001,3.15,0.35520833333333335,177.75,0.2057777977472893,2025-10,3.6416666666666657,217.89166666666665,450.2416666666667,103.4,173.96,-70.56,-145.85999999999999,-107.88999999999999,8.300000000000015,7423.833333333334,5.0,0.0,-0.8660254037844386,0.5,1.0
RP_Talhao_Central,2025-10-11,21.870833333333334,27.5,18.2,5.6000000000000005,3.7,0.3657083333333333,207.79166666666666,0.2057777977472893,2025-10,3.8708333333333336,214.49583333333334,452.23333333333335,109.00000000000001,171.23,-62.229999999999976,-148.12,-109.45999999999998,8.300000000000015,7367.958333333333,5.0,0.0,-0.8660254037844386,0.5,1.0
RP_Talhao_Central,2025-10-12,22.6125,30.3,17.7,6.9,4.6,0.36395833333333333,255.875,0.2057777977472893,2025-10,4.612500000000001,211.6625,454.67083333333335,115.9,168.87,-52.97,-150.71,-110.86999999999998,8.300000000000015,7373.333333333333,5.0,0.0,-0.8660254037844386,0.5,1.0
RP_Talhao_Central,2025-10-13,21.458333333333332,27.0,19.1,19.599999999999998,2.83,0.37683333333333335,163.70833333333334,0.2057777977472893,2025-10,3.458333333333332,208.75833333333333,456.375,135.5,165.88,-30.379999999999995,-151.53,-112.66999999999999,8.300000000000015,7293.666666666667,5.0,0.0,-0.8660254037844386,0.5,1.0
RP_Talhao_Central,2025-10-14,22.929166666666664,28.5,18.0,0.8,4.2299999999999995,0.387,246.875,0.2057777977472893,2025-10,4.929166666666664,206.92083333333332,460.3375,136.3,164.53,-28.22999999999999,-152.26,-113.65999999999998,8.300000000000015,7294.041666666667,5.0,0.0,-0.8660254037844386,0.5,1.0
RP_Talhao_Central,2025-10-15,24.662499999999998,31.0,19.3,0.0,5.41,0.3913333333333333,282.9583333333333,0.2057777977472893,2025-10,6.662499999999998,205.30416666666665,465.45000000000005,136.3,164.27,-27.97,-153.10999999999999,-114.82999999999998,8.300000000000015,7339.75,5.0,0.0,-0.8660254037844386,0.5,1.0
RP_Talhao_Central,2025-10-16,26.045833333333334,32.2,20.5,0.0,5.32,0.37295833333333334,279.7916666666667,0.2057777977472893,2025-10,8.045833333333334,205.94583333333333,472.28749999999997,128.8,164.14000000000001,-35.34,-146.45,-115.98999999999998,15.800000000000015,7387.083333333334,5.0,0.0,-0.8660254037844386,0.5,1.0
RP_Talhao_Central,2025-10-17,26.116666666666664,34.4,21.6,2.6,5.58,0.35370833333333335,264.375,0.2057777977472893,2025-10,8.116666666666664,207.68749999999997,478.91249999999997,131.4,163.94,-32.53999999999999,-147.02999999999997,-117.69999999999997,15.800000000000015,7394.833333333334,5.0,0.0,-0.8660254037844386,0.5,1.0
RP_Talhao_Central,2025-10-18,21.2,27.7,19.1,33.1,2.23,0.36391666666666667,131.54166666666666,0.2057777977472893,2025-10,3.1999999999999993,205.24166666666662,480.37916666666666,164.5,160.56,3.9399999999999977,-146.85999999999999,-119.76999999999998,15.800000000000015,7259.625,5.0,0.0,-0.8660254037844386,0.5,1.0
RP_Talhao_Central,2025-10-19,19.349999999999998,24.5,14.8,0.1,4.84,0.38375000000000004,271.875,0.2057777977472893,2025-10,1.3499999999999979,199.325,478.7708333333333,164.30000000000004,160.04000000000002,4.260000000000019,-146.79999999999998,-121.30999999999997,16.100000000000016,7316.041666666666,5.0,0.0,-0.8660254037844386,0.5,1.0
RP_Talhao_Central,2025-10-20,17.958333333333332,24.9,11.9,0.0,5.7,0.38133333333333336,322.0833333333333,0.2057777977472893,2025-10,0.0,191.27916666666664,475.2625,164.30000000000004,160.52,3.7800000000000296,-147.61999999999998,-121.60999999999999,16.100000000000016,7392.833333333334,5.0,0.0,-0.8660254037844386,0.5,1.0
RP_Talhao_Central,2025-10-21,18.491666666666667,24.8,12.7,0.0,6.17,0.3754583333333333,326.8333333333333,0.2057777977472893,2025-10,0.49166666666666714,181.76249999999996,472.4583333333333,160.10000000000002,160.48,-0.37999999999996703,-143.26999999999998,-123.66,20.300000000000015,7497.958333333333,5.0,0.0,-0.8660254037844386,0.5,1.0
RP_Talhao_Central,2025-10-22,19.508333333333333,25.7,14.0,0.0,6.2,0.368125,312.9166666666667,0.2057777977472893,2025-10,1.5083333333333329,177.82083333333333,470.8833333333333,108.50000000000001,163.74,-55.239999999999995,-89.04999999999997,-124.88,71.90000000000002,7691.291666666667,5.0,0.0,-0.8660254037844386,0.5,0.0
RP_Talhao_Central,2025-10-23,20.654166666666665,26.8,14.2,0.0,6.68,0.361375,327.7083333333333,0.2057777977472893,2025-10,2.654166666666665,176.71249999999998,470.525,108.50000000000001,166.28,-57.77999999999999,-88.1,-126.22999999999999,71.9,7785.625,5.0,0.0,-0.8660254037844386,0.5,0.0
RP_Talhao_Central,2025-10-24,22.945833333333336,30.4,16.4,0.0,6.96,0.35824999999999996,317.4166666666667,0.2057777977472893,2025-10,4.945833333333336,177.35416666666666,472.52083333333337,108.50000000000001,168.54999999999998,-60.04999999999997,-87.62,-127.41999999999999,71.9,7863.625,5.0,0.0,-0.8660254037844386,0.5,0.0
RP_Talhao_Central,2025-10-25,25.47083333333333,33.1,18.7,0.0,6.8,0.35212499999999997,296.4166666666667,0.2057777977472893,2025-10,7.470833333333331,181.39583333333331,474.7625,108.50000000000001,170.35,-61.84999999999998,-87.47999999999999,-127.81999999999996,71.9,7917.708333333333,5.0,0.0,-0.8660254037844386,0.5,0.0
RP_Talhao_Central,2025-10-26,27.433333333333334,35.4,19.8,0.0,6.58,0.3465,291.3333333333333,0.2057777977472893,2025-10,9.433333333333334,188.10416666666666,480.9291666666667,108.50000000000001,171.42999999999998,-62.929999999999964,-87.99000000000001,-134.58999999999997,71.9,7935.25,6.0,0.0,-0.8660254037844386,0.5,0.0
RP_Talhao_Central,2025-10-27,24.1875,29.7,21.1,1.9,4.27,0.34208333333333335,194.0,0.2057777977472893,2025-10,6.1875,189.80833333333334,487.1166666666667,110.40000000000002,169.57,-59.16999999999997,-89.22,-136.42,71.9,7849.375,6.0,0.0,-0.8660254037844386,0.5,0.0
RP_Talhao_Central,2025-10-28,23.883333333333336,30.2,20.2,4.3999999999999995,4.76,0.344125,249.20833333333334,0.2057777977472893,2025-10,5.883333333333336,187.88333333333333,493.0,114.80000000000003,168.0,-53.199999999999974,-100.91999999999996,-127.30000000000001,63.600000000000016,7820.958333333333,6.0,0.0,-0.8660254037844386,0.5,0.0
RP_Talhao_Central,2025-10-29,22.795833333333334,27.4,20.3,3.2,3.1799999999999997,0.34725,186.33333333333334,0.2057777977472893,2025-10,4.795833333333334,183.34583333333333,497.79583333333335,118.00000000000001,165.25,-47.249999999999986,-102.06999999999998,-127.74000000000001,63.60000000000001,7754.25,5.0,0.0,-0.8660254037844386,0.5,0.0
RP_Talhao_Central,2025-10-30,21.420833333333334,24.5,19.1,12.8,2.88,0.349625,175.66666666666666,0.2057777977472893,2025-10,3.4208333333333343,176.74166666666665,499.2875,130.8,160.92,-30.119999999999976,-103.86999999999999,-128.47,63.60000000000001,7643.708333333333,4.0,0.0,-0.8660254037844386,0.5,0.0
RP_Talhao_Central,2025-10-31,21.78333333333333,27.0,18.4,7.0,3.69,0.37083333333333335,223.58333333333334,0.2057777977472893,2025-10,3.7833333333333314,170.21249999999998,500.5875,137.8,157.67,-19.869999999999976,-105.45,-128.98,63.60000000000001,7597.0,3.0,0.0,-0.8660254037844386,0.5,0.0
RP_Talhao_Central,2025-11-01,23.679166666666664,29.7,18.9,1.6,5.01,0.364875,283.5,0.2133440909635954,2025-11,5.679166666666664,165.92083333333332,504.075,139.40000000000003,155.34,-15.93999999999997,-107.76,-129.36999999999998,63.60000000000001,7619.083333333333,3.0,0.0,-0.5000000000000004,0.8660254037844384,0.0
RP_Talhao_Central,2025-11-02,21.804166666666664,25.4,18.9,25.6,2.17,0.37566666666666665,117.0,0.2133440909635954,2025-11,3.8041666666666636,160.22916666666663,505.3,165.00000000000003,150.25,14.750000000000028,-109.46999999999998,-130.43,63.60000000000001,7472.333333333333,3.0,0.0,-0.5000000000000004,0.8660254037844384,0.0
RP_Talhao_Central,2025-11-03,22.90416666666667,28.3,19.1,6.3,4.33,0.4712083333333333,254.625,0.2133440909635954,2025-11,4.904166666666669,156.33749999999998,509.9916666666666,171.3,147.59,23.710000000000008,-111.49999999999999,-135.31,63.60000000000001,7481.708333333333,3.0,0.0,-0.5000000000000004,0.8660254037844384,0.0
RP_Talhao_Central,2025-11-04,24.270833333333332,30.6,19.5,4.2,5.15,0.47179166666666666,291.0833333333333,0.2133440909635954,2025-11,6.270833333333332,152.49166666666665,515.3708333333333,175.50000000000003,145.95,29.55000000000004,-113.05999999999999,-136.75,63.60000000000001,7501.375,3.0,0.0,-0.5000000000000004,0.8660254037844384,0.0
RP_Talhao_Central,2025-11-05,22.575,29.8,19.6,5.0,3.69,0.45675,210.95833333333334,0.2133440909635954,2025-11,4.574999999999999,145.5333333333333,517.075,180.50000000000003,143.4,37.10000000000002,-113.51,-138.6,63.60000000000001,7441.625,2.0,0.0,-0.5000000000000004,0.8660254037844384,0.0
RP_Talhao_Central,2025-11-06,22.770833333333332,29.1,18.0,0.0,4.69,0.44295833333333334,249.95833333333334,0.2133440909635954,2025-11,4.770833333333332,139.28333333333333,517.8625000000001,180.50000000000003,141.53,38.97000000000003,-114.64999999999999,-139.71,63.60000000000001,7437.25,1.0,0.0,-0.5000000000000004,0.8660254037844384,0.0
RP_Talhao_Central,2025-11-07,24.504166666666666,32.7,16.5,0.0,5.86,0.427125,316.375,0.2133440909635954,2025-11,6.504166666666666,139.6583333333333,524.3666666666667,170.80000000000004,141.51999999999998,29.280000000000058,-104.53,-142.07999999999998,73.30000000000001,7499.458333333333,1.0,0.0,-0.5000000000000004,0.8660254037844384,0.0
RP_Talhao_Central,2025-11-08,23.71666666666667,27.3,21.1,22.1,3.3000000000000003,0.41129166666666667,181.5,0.2133440909635954,2025-11,5.716666666666669,140.68749999999997,530.0833333333334,174.50000000000003,139.96,34.54000000000002,-84.67999999999998,-144.2,91.70000000000002,7411.041666666666,1.0,0.0,-0.5000000000000004,0.8660254037844384,0.0
RP_Talhao_Central,2025-11-09,22.325,28.5,16.7,0.4,6.07,0.3970833333333334,335.6666666666667,0.2133440909635954,2025-11,4.324999999999999,141.37083333333334,534.4083333333333,163.20000000000002,142.88,20.32000000000002,-70.56,-145.85999999999999,103.4,7568.958333333333,1.0,0.0,-0.5000000000000004,0.8660254037844384,0.0
RP_Talhao_Central,2025-11-10,21.9375,29.7,14.3,0.0,6.37,0.3832083333333334,340.5416666666667,0.2133440909635954,2025-11,3.9375,141.4375,538.3458333333333,157.60000000000002,145.55,12.050000000000011,-62.229999999999976,-148.12,109.00000000000001,7701.708333333334,1.0,0.0,-0.5000000000000004,0.8660254037844384,0.0
RP_Talhao_Central,2025-11-11,24.104166666666668,31.1,17.3,0.0,6.25,0.36591666666666667,304.5833333333333,0.2133440909635954,2025-11,6.104166666666668,142.92916666666665,542.95,150.70000000000002,147.2,3.5000000000000284,-52.97,-150.71,115.9,7750.416666666667,1.0,0.0,-0.5000000000000004,0.8660254037844384,0.0
RP_Talhao_Central,2025-11-12,26.495833333333334,34.0,19.5,0.0,6.89,0.35462499999999997,326.9166666666667,0.2133440909635954,2025-11,8.495833333333334,147.96666666666667,548.3208333333333,131.10000000000002,151.26,-20.159999999999968,-30.379999999999995,-151.53,135.5,7913.625,1.0,0.0,-0.5000000000000004,0.8660254037844384,0.0
RP_Talhao_Central,2025-11-13,25.366666666666664,28.4,22.3,0.0,3.7,0.35104166666666664,158.20833333333334,0.2133440909635954,2025-11,7.366666666666664,150.40416666666664,553.0625,130.30000000000004,150.73000000000002,-20.42999999999998,-28.22999999999999,-152.26,136.3,7824.958333333333,1.0,0.0,-0.5000000000000004,0.8660254037844384,0.0
RP_Talhao_Central,2025-11-14,25.625,31.4,21.9,0.2,4.25,0.34583333333333327,181.41666666666666,0.2133440909635954,2025-11,7.625,151.36666666666665,555.6208333333333,130.50000000000003,149.57,-19.069999999999965,-27.97,-153.10999999999999,136.3,7723.416666666667,1.0,0.0,-0.5000000000000004,0.8660254037844384,0.0
RP_Talhao_Central,2025-11-15,25.1375,31.1,19.9,2.5,5.25,0.3459999999999999,250.75,0.2133440909635954,2025-11,7.137499999999999,150.45833333333334,557.3125,133.00000000000003,149.5,-16.49999999999997,-35.34,-146.45,128.8,7694.375,1.0,0.0,-0.5000000000000004,0.8660254037844384,0.0
RP_Talhao_Central,2025-11-16,24.2625,31.1,21.9,5.8999999999999995,3.99,0.3464583333333333,207.91666666666666,0.2133440909635954,2025-11,6.262499999999999,148.60416666666666,558.0791666666667,136.3,147.91,-11.609999999999985,-32.53999999999999,-147.02999999999997,131.4,7637.916666666666,1.0,0.0,-0.5000000000000004,0.8660254037844384,0.0
RP_Talhao_Central,2025-11-17,23.870833333333334,30.1,21.1,10.1,3.87,0.35512499999999997,208.625,0.2133440909635954,2025-11,5.870833333333334,151.27499999999998,557.8166666666667,113.30000000000001,149.54999999999998,-36.24999999999997,3.9399999999999977,-146.85999999999999,164.5,7715.0,1.0,0.0,-0.5000000000000004,0.8660254037844384,0.0
RP_Talhao_Central,2025-11-18,23.133333333333336,29.4,19.3,1.9,5.03,0.351625,275.8333333333333,0.2133440909635954,2025-11,5.133333333333336,155.0583333333333,555.4125,115.10000000000002,149.73999999999998,-34.63999999999996,4.260000000000019,-146.79999999999998,164.30000000000004,7718.958333333334,1.0,0.0,-0.5000000000000004,0.8660254037844384,0.0
RP_Talhao_Central,2025-11-19,21.875,28.0,15.2,0.0,6.12,0.3415416666666667,353.5416666666667,0.2133440909635954,2025-11,3.875,158.9333333333333,551.8416666666667,115.10000000000002,150.16,-35.059999999999974,3.7800000000000296,-147.61999999999998,164.30000000000004,7750.416666666666,1.0,0.0,-0.5000000000000004,0.8660254037844384,0.0
RP_Talhao_Central,2025-11-20,24.541666666666668,32.6,16.9,0.0,7.19,0.3315,337.2083333333333,0.2133440909635954,2025-11,6.541666666666668,164.98333333333335,550.2791666666666,115.10000000000002,151.18,-36.079999999999984,-0.37999999999996703,-143.26999999999998,160.10000000000002,7760.791666666667,1.0,0.0,-0.5000000000000004,0.8660254037844384,0.0
RP_Talhao_Central,2025-11-21,27.2,34.6,19.9,0.0,7.54,0.32083333333333336,331.0833333333333,0.2133440909635954,2025-11,9.2,172.67499999999998,551.5333333333333,115.10000000000002,152.51999999999998,-37.41999999999996,-55.239999999999995,-89.04999999999997,108.50000000000001,7778.958333333333,1.0,0.0,-0.5000000000000004,0.8660254037844384,0.0
RP_Talhao_Central,2025-11-22,27.195833333333336,33.1,21.4,0.1,5.8,0.31833333333333336,283.1666666666667,0.2133440909635954,2025-11,9.195833333333336,179.21666666666664,552.9,115.20000000000002,151.64,-36.43999999999997,-57.77999999999999,-88.1,108.50000000000001,7734.416666666667,1.0,0.0,-0.5000000000000004,0.8660254037844384,0.0
RP_Talhao_Central,2025-11-23,23.537499999999998,29.0,19.7,7.4,4.39,0.307875,242.875,0.2133440909635954,2025-11,5.537499999999998,179.80833333333334,550.7208333333333,122.60000000000002,149.07000000000002,-26.47,-60.04999999999997,-87.62,108.50000000000001,7659.875,1.0,0.0,-0.5000000000000004,0.8660254037844384,0.0
RP_Talhao_Central,2025-11-24,20.954166666666666,27.0,17.9,10.1,3.82,0.30216666666666664,229.58333333333334,0.2133440909635954,2025-11,2.9541666666666657,175.29166666666666,546.1166666666667,132.70000000000002,146.09,-13.389999999999986,-61.84999999999998,-87.47999999999999,108.50000000000001,7593.041666666667,1.0,0.0,-0.5000000000000004,0.8660254037844384,0.0
RP_Talhao_Central,2025-11-25,21.7375,27.4,16.6,0.0,5.77,0.32154166666666667,332.9166666666667,0.2133440909635954,2025-11,3.7375000000000007,169.59583333333333,543.4375,132.70000000000002,145.28,-12.579999999999984,-62.929999999999964,-87.99000000000001,108.50000000000001,7634.625,0.0,0.0,-0.5000000000000004,0.8660254037844384,0.0
RP_Talhao_Central,2025-11-26,22.5,29.4,15.7,0.0,6.99,0.318125,366.0,0.2133440909635954,2025-11,4.5,167.90833333333333,540.875,130.8,148.0,-17.19999999999999,-59.16999999999997,-89.22,110.40000000000002,7806.625,0.0,0.0,-0.5000000000000004,0.8660254037844384,0.0
RP_Talhao_Central,2025-11-27,23.75,31.8,15.3,0.0,6.94,0.31054166666666666,351.4583333333333,0.2133440909635954,2025-11,5.75,167.775,544.2208333333333,126.4,150.18,-23.78,-53.199999999999974,-100.91999999999996,114.80000000000003,7908.875,0.0,0.0,-0.5000000000000004,0.8660254037844384,0.0
RP_Talhao_Central,2025-11-28,25.224999999999998,32.1,18.0,0.0,7.2299999999999995,0.31004166666666666,350.0833333333333,0.2133440909635954,2025-11,7.224999999999998,170.20416666666665,548.1083333333333,123.20000000000002,154.23000000000002,-31.03,-47.249999999999986,-102.06999999999998,118.00000000000001,8072.625,0.0,0.0,-0.5000000000000004,0.8660254037844384,0.0
RP_Talhao_Central,2025-11-29,26.820833333333336,35.4,17.9,0.0,7.08,0.3156666666666667,342.125,0.2133440909635954,2025-11,8.820833333333336,175.60416666666666,552.3666666666667,110.4,158.43,-48.03,-30.119999999999976,-103.86999999999999,130.8,8239.083333333334,1.0,0.0,-0.5000000000000004,0.8660254037844384,0.0
RP_Talhao_Central,2025-11-30,28.4875,36.0,20.3,0.0,7.26,0.318375,333.3333333333333,0.2133440909635954,2025-11,10.4875,182.30833333333334,557.5041666666667,103.4,162.0,-58.599999999999994,-19.869999999999976,-105.45,137.8,8348.833333333334,2.0,0.0,-0.5000000000000004,0.8660254037844384,0.0
RP_Talhao_Central,2025-12-01,29.6375,35.7,21.4,0.0,7.15,0.312625,317.625,0.2258013876908789,2025-12,11.6375,188.26666666666665,564.0416666666666,101.80000000000001,164.14,-62.339999999999975,-15.93999999999997,-107.76,139.40000000000003,8382.958333333334,3.0,0.0,-2.4492935982947064e-16,1.0,0.0
RP_Talhao_Central,2025-12-02,25.837500000000002,32.9,22.3,5.6,4.25,0.3095833333333333,205.04166666666666,0.2258013876908789,2025-12,7.837500000000002,192.3,566.4041666666666,81.80000000000003,166.22,-84.41999999999997,14.750000000000028,-109.46999999999998,165.00000000000003,8471.0,3.0,0.0,-2.4492935982947064e-16,1.0,0.0
RP_Talhao_Central,2025-12-03,23.8875,29.4,20.2,12.5,4.0200000000000005,0.30145833333333333,222.54166666666666,0.2258013876908789,2025-12,5.887499999999999,193.28333333333336,566.4041666666667,88.00000000000001,165.91,-77.90999999999998,23.710000000000008,-111.49999999999999,171.3,8438.916666666668,3.0,0.0,-2.4492935982947064e-16,1.0,0.0
RP_Talhao_Central,2025-12-04,25.070833333333336,30.3,19.7,0.4,5.42,0.29266666666666663,287.2916666666667,0.2258013876908789,2025-12,7.070833333333336,194.08333333333334,566.5291666666667,84.2,166.17999999999998,-81.97999999999998,29.55000000000004,-113.05999999999999,175.50000000000003,8435.125,3.0,0.0,-2.4492935982947064e-16,1.0,0.0
RP_Talhao_Central,2025-12-05,26.020833333333332,31.9,19.9,0.6,6.3100000000000005,0.290875,319.1666666666667,0.2258013876908789,2025-12,8.020833333333332,197.5291666666667,567.7583333333333,79.80000000000003,168.79999999999998,-88.99999999999996,37.10000000000002,-113.51,180.50000000000003,8543.333333333332,3.0,0.0,-2.4492935982947064e-16,1.0,0.0
RP_Talhao_Central,2025-12-06,27.941666666666666,34.1,22.0,0.5,6.68,0.28624999999999995,320.375,0.2258013876908789,2025-12,9.941666666666666,202.70000000000002,570.0583333333333,80.30000000000001,170.79,-90.48999999999998,38.97000000000003,-114.64999999999999,180.50000000000003,8613.75,3.0,0.0,-2.4492935982947064e-16,1.0,0.0
RP_Talhao_Central,2025-12-07,27.070833333333336,31.9,22.4,0.0,5.25,0.28875,262.1666666666667,0.2258013876908789,2025-12,9.070833333333336,205.26666666666668,569.5166666666667,80.30000000000001,170.18,-89.88,29.280000000000058,-104.53,170.80000000000004,8559.541666666668,3.0,0.0,-2.4492935982947064e-16,1.0,0.0
RP_Talhao_Central,2025-12-08,24.070833333333336,29.1,21.0,14.3,4.45,0.29724999999999996,251.91666666666666,0.2258013876908789,2025-12,6.070833333333336,205.62083333333334,566.8749999999999,72.50000000000001,171.32999999999998,-98.82999999999997,34.54000000000002,-84.67999999999998,174.50000000000003,8629.958333333334,3.0,0.0,-2.4492935982947064e-16,1.0,0.0
RP_Talhao_Central,2025-12-09,21.599999999999998,23.6,20.5,20.0,1.72,0.3045833333333333,94.58333333333333,0.2258013876908789,2025-12,3.599999999999998,204.89583333333337,564.1583333333333,92.10000000000001,166.98,-74.87999999999998,20.32000000000002,-70.56,163.20000000000002,8388.875,3.0,0.0,-2.4492935982947064e-16,1.0,0.0
RP_Talhao_Central,2025-12-10,23.258333333333336,27.6,20.3,15.700000000000001,4.12,0.3627916666666666,251.04166666666666,0.2258013876908789,2025-12,5.258333333333336,206.2166666666667,562.15,107.80000000000001,164.73,-56.92999999999998,12.050000000000011,-62.229999999999976,157.60000000000002,8299.375,3.0,0.0,-2.4492935982947064e-16,1.0,0.0
RP_Talhao_Central,2025-12-11,25.058333333333334,29.9,20.9,0.1,6.05,0.35670833333333335,334.2916666666667,0.2258013876908789,2025-12,7.058333333333334,207.17083333333335,561.7625,107.9,164.53,-56.629999999999995,3.5000000000000284,-52.97,150.70000000000002,8329.083333333334,3.0,0.0,-2.4492935982947064e-16,1.0,0.0
RP_Talhao_Central,2025-12-12,24.241666666666664,29.4,19.9,6.2,4.03,0.345625,225.79166666666666,0.2258013876908789,2025-12,6.241666666666664,204.91666666666666,561.6416666666667,114.10000000000001,161.67000000000002,-47.57000000000001,-20.159999999999968,-30.379999999999995,131.10000000000002,8227.958333333334,3.0,0.0,-2.4492935982947064e-16,1.0,0.0
RP_Talhao_Central,2025-12-13,22.6125,26.9,20.6,19.7,3.08,0.35754166666666665,183.625,0.2258013876908789,2025-12,4.612500000000001,202.16250000000002,559.4875,133.8,161.04999999999998,-27.24999999999997,-20.42999999999998,-28.22999999999999,130.30000000000004,8253.375,3.0,0.0,-2.4492935982947064e-16,1.0,0.0
RP_Talhao_Central,2025-12-14,22.854166666666668,25.0,21.1,6.3,2.05,0.38762500000000005,118.58333333333333,0.2258013876908789,2025-12,4.854166666666668,199.39166666666668,556.0624999999999,139.9,158.85,-18.94999999999999,-19.069999999999965,-27.97,130.50000000000003,8190.541666666666,3.0,0.0,-2.4492935982947064e-16,1.0,0.0
RP_Talhao_Central,2025-12-15,25.083333333333332,29.3,21.5,0.6,4.65,0.387875,263.875,0.2258013876908789,2025-12,7.083333333333332,199.3375,555.7416666666667,138.00000000000003,158.25,-20.24999999999997,-16.49999999999997,-35.34,133.00000000000003,8203.666666666666,3.0,0.0,-2.4492935982947064e-16,1.0,0.0
RP_Talhao_Central,2025-12-16,23.712500000000002,28.3,20.6,2.8000000000000003,2.98,0.3802083333333333,170.20833333333334,0.2258013876908789,2025-12,5.712500000000002,198.78750000000002,555.0791666666667,134.9,157.24,-22.340000000000003,-11.609999999999985,-32.53999999999999,136.3,8165.958333333334,3.0,0.0,-2.4492935982947064e-16,1.0,0.0
RP_Talhao_Central,2025-12-17,22.766666666666666,27.4,19.8,4.3,4.1899999999999995,0.3899166666666667,229.41666666666666,0.2258013876908789,2025-12,4.766666666666666,197.68333333333334,554.1999999999999,129.10000000000002,157.56,-28.45999999999998,-36.24999999999997,3.9399999999999977,113.30000000000001,8186.75,3.0,0.0,-2.4492935982947064e-16,1.0,0.0
RP_Talhao_Central,2025-12-18,22.808333333333334,27.0,18.9,0.8,4.56,0.40320833333333334,255.45833333333334,0.2258013876908789,2025-12,4.808333333333334,197.35833333333335,551.7416666666667,128.0,157.09,-29.090000000000003,-34.63999999999996,4.260000000000019,115.10000000000002,8166.375,3.0,0.0,-2.4492935982947064e-16,1.0,0.0
RP_Talhao_Central,2025-12-19,23.1125,27.5,20.4,17.7,3.9499999999999997,0.42291666666666666,238.66666666666666,0.2258013876908789,2025-12,5.112500000000001,198.59583333333336,548.8083333333333,145.70000000000002,154.92000000000002,-9.219999999999999,-35.059999999999974,3.7800000000000296,115.10000000000002,8051.5,3.0,0.0,-2.4492935982947064e-16,1.0,0.0
RP_Talhao_Central,2025-12-20,23.379166666666666,27.1,20.5,2.1999999999999997,4.36,0.46504166666666674,263.4166666666667,0.2258013876908789,2025-12,5.379166666666666,197.43333333333334,544.1791666666667,147.9,152.09,-4.189999999999998,-36.079999999999984,-0.37999999999996703,115.10000000000002,7977.708333333333,3.0,0.0,-2.4492935982947064e-16,1.0,0.0
RP_Talhao_Central,2025-12-21,25.120833333333334,30.1,20.1,1.5,5.83,0.45145833333333335,328.75,0.2258013876908789,2025-12,7.120833333333334,195.35416666666669,545.8499999999999,149.4,150.38000000000002,-0.9800000000000182,-37.41999999999996,-55.239999999999995,115.10000000000002,7975.375,3.0,0.0,-2.4492935982947064e-16,1.0,0.0
RP_Talhao_Central,2025-12-22,25.733333333333334,31.3,21.0,0.0,6.31,0.430625,334.3333333333333,0.2258013876908789,2025-12,7.733333333333334,193.89166666666668,549.8208333333333,149.3,150.89000000000001,-1.5900000000000034,-36.43999999999997,-57.77999999999999,115.20000000000002,8026.541666666666,3.0,0.0,-2.4492935982947064e-16,1.0,0.0
RP_Talhao_Central,2025-12-23,25.84583333333333,31.1,20.5,0.1,5.89,0.4074166666666667,320.6666666666667,0.2258013876908789,2025-12,7.845833333333331,196.2,553.3625,142.0,152.39,-10.389999999999986,-26.47,-60.04999999999997,122.60000000000002,8104.333333333333,3.0,0.0,-2.4492935982947064e-16,1.0,0.0
RP_Talhao_Central,2025-12-24,27.0,32.4,20.4,0.0,5.859999999999999,0.38604166666666667,321.375,0.2258013876908789,2025-12,9.0,202.24583333333334,558.9333333333333,131.9,154.43,-22.53,-13.389999999999986,-61.84999999999998,132.70000000000002,8196.125,3.0,0.0,-2.4492935982947064e-16,1.0,0.0
RP_Talhao_Central,2025-12-25,28.03333333333333,34.0,21.6,0.7,6.08,0.3754583333333333,318.9583333333333,0.2258013876908789,2025-12,10.033333333333331,208.54166666666666,566.2416666666667,132.60000000000002,154.74,-22.139999999999986,-12.579999999999984,-62.929999999999964,132.70000000000002,8182.166666666666,3.0,0.0,-2.4492935982947064e-16,1.0,0.0
RP_Talhao_Central,2025-12-26,28.45,35.1,23.2,0.2,6.25,0.36824999999999997,328.625,0.2258013876908789,2025-12,10.45,214.49166666666667,572.2083333333333,132.8,154.0,-21.19999999999999,-17.19999999999999,-59.16999999999997,130.8,8144.791666666666,4.0,0.0,-2.4492935982947064e-16,1.0,0.0
RP_Talhao_Central,2025-12-27,26.570833333333336,31.3,22.5,1.2,4.7,0.3739166666666667,255.625,0.2258013876908789,2025-12,8.570833333333336,217.3125,572.9708333333333,134.00000000000003,151.76,-17.759999999999962,-23.78,-53.199999999999974,126.4,8048.958333333333,4.0,0.0,-2.4492935982947064e-16,1.0,0.0
RP_Talhao_Central,2025-12-28,26.370833333333334,33.2,21.4,0.0,5.52,0.3798333333333333,303.0833333333333,0.2258013876908789,2025-12,8.370833333333334,218.45833333333334,572.0083333333333,134.00000000000003,150.04999999999998,-16.049999999999955,-31.03,-47.249999999999986,123.20000000000002,8001.958333333334,4.0,0.0,-2.4492935982947064e-16,1.0,0.0
RP_Talhao_Central,2025-12-29,27.02916666666667,33.7,21.2,2.1,6.12,0.38633333333333336,330.75,0.2258013876908789,2025-12,9.029166666666669,218.66666666666669,571.0125,136.10000000000002,149.09,-12.98999999999998,-48.03,-30.119999999999976,110.4,7990.583333333334,3.0,0.0,-2.4492935982947064e-16,1.0,0.0
RP_Talhao_Central,2025-12-30,28.4875,33.9,22.5,0.3,6.57,0.3685,334.0,0.2258013876908789,2025-12,10.4875,218.66666666666669,571.1875,136.4,148.4,-12.0,-58.599999999999994,-19.869999999999976,103.4,7991.25,2.0,0.0,-2.4492935982947064e-16,1.0,0.0
RP_Talhao_Central,2025-12-31,26.28333333333333,31.7,21.8,1.0,4.1000000000000005,0.35600000000000004,211.29166666666666,0.2258013876908789,2025-12,8.283333333333331,215.31250000000003,569.5,137.4,145.35,-7.949999999999989,-62.339999999999975,-15.93999999999997,101.80000000000001,7884.916666666666,1.0,0.0,-2.4492935982947064e-16,1.0,0.0
RP_Talhao_Central,2026-01-01,27.087500000000002,33.4,22.4,19.6,6.16,0.35175,311.9583333333333,0.1823386117608879,2026-01,9.087500000000002,216.5625,569.0916666666666,151.40000000000003,147.26000000000002,4.140000000000015,-84.41999999999997,14.750000000000028,81.80000000000003,7991.833333333334,1.0,0.0,0.49999999999999994,0.8660254037844387,0.0
RP_Talhao_Central,2026-01-02,23.729166666666668,29.0,21.7,15.7,3.52,0.3463333333333333,205.875,0.1823386117608879,2026-01,5.729166666666668,216.4041666666667,566.025,154.60000000000002,146.76,7.840000000000032,-77.90999999999998,23.710000000000008,88.00000000000001,7975.166666666667,1.0,0.0,0.49999999999999994,0.8660254037844387,0.0
RP_Talhao_Central,2026-01-03,24.116666666666664,28.5,20.9,4.5,3.52,0.33720833333333333,201.375,0.1823386117608879,2026-01,6.116666666666664,215.45,562.025,158.70000000000002,144.86,13.840000000000003,-81.97999999999998,29.55000000000004,84.2,7889.25,1.0,0.0,0.49999999999999994,0.8660254037844387,0.0
RP_Talhao_Central,2026-01-04,24.84583333333333,30.1,20.5,1.6,5.56,0.32925,307.7916666666667,0.1823386117608879,2026-01,6.845833333333331,214.27500000000003,557.3375,159.70000000000002,144.11,15.590000000000003,-88.99999999999996,37.10000000000002,79.80000000000003,7877.875,1.0,0.0,0.49999999999999994,0.8660254037844387,0.0
RP_Talhao_Central,2026-01-05,23.8875,30.0,19.9,0.7000000000000001,5.7299999999999995,0.32483333333333336,313.0416666666667,0.1823386117608879,2026-01,5.887499999999999,210.22083333333333,552.2041666666668,159.90000000000003,143.16,16.740000000000038,-90.48999999999998,38.97000000000003,80.30000000000001,7870.541666666667,1.0,0.0,0.49999999999999994,0.8660254037844387,0.0
RP_Talhao_Central,2026-01-06,23.75,28.8,19.8,0.30000000000000004,5.23,0.32058333333333333,256.1666666666667,0.1823386117608879,2026-01,5.75,206.9,551.825,160.20000000000002,143.14,17.06000000000003,-89.88,29.280000000000058,80.30000000000001,7864.541666666667,1.0,0.0,0.49999999999999994,0.8660254037844387,0.0
RP_Talhao_Central,2026-01-07,24.116666666666664,29.3,20.1,3.5,5.08,0.3085,275.625,0.1823386117608879,2026-01,6.116666666666664,206.94583333333333,553.2541666666666,149.4,143.77,5.6299999999999955,-98.82999999999997,34.54000000000002,72.50000000000001,7888.25,1.0,0.0,0.49999999999999994,0.8660254037844387,0.0
RP_Talhao_Central,2026-01-08,25.191666666666666,30.3,20.7,0.1,5.36,0.31145833333333334,296.0833333333333,0.1823386117608879,2026-01,7.191666666666666,210.5375,556.8041666666667,129.50000000000003,147.41000000000003,-17.909999999999997,-74.87999999999998,20.32000000000002,92.10000000000001,8089.75,1.0,0.0,0.49999999999999994,0.8660254037844387,0.0
RP_Talhao_Central,2026-01-09,27.879166666666666,35.2,21.5,0.4,6.41,0.3067083333333333,317.25,0.1823386117608879,2026-01,9.879166666666666,215.15833333333333,562.8125,114.20000000000002,149.70000000000002,-35.5,-56.92999999999998,12.050000000000011,107.80000000000001,8155.958333333333,2.0,0.0,0.49999999999999994,0.8660254037844387,0.0
RP_Talhao_Central,2026-01-10,28.370833333333334,34.3,22.1,0.0,6.3500000000000005,0.3157083333333333,315.3333333333333,0.1823386117608879,2026-01,10.370833333333334,218.47083333333333,568.5708333333333,114.10000000000002,150.0,-35.89999999999998,-56.629999999999995,3.5000000000000284,107.9,8137.0,2.0,0.0,0.49999999999999994,0.8660254037844387,0.0
RP_Talhao_Central,2026-01-11,28.233333333333334,34.3,22.0,0.0,6.51,0.3254166666666667,326.125,0.1823386117608879,2026-01,10.233333333333334,222.4625,575.3458333333333,107.90000000000002,152.48,-44.57999999999997,-47.57000000000001,-20.159999999999968,114.10000000000001,8237.333333333334,2.0,0.0,0.49999999999999994,0.8660254037844387,0.0
RP_Talhao_Central,2026-01-12,26.275000000000002,30.2,20.5,8.7,4.94,0.33187500000000003,256.8333333333333,0.1823386117608879,2026-01,8.275000000000002,226.125,578.6916666666666,96.9,154.34,-57.44,-27.24999999999997,-20.42999999999998,133.8,8310.541666666666,2.0,0.0,0.49999999999999994,0.8660254037844387,0.0
RP_Talhao_Central,2026-01-13,23.054166666666664,28.6,19.4,4.2,4.55,0.3314166666666667,263.5833333333333,0.1823386117608879,2026-01,5.054166666666664,226.32500000000002,577.0833333333334,94.80000000000001,156.84,-62.03999999999999,-18.94999999999999,-19.069999999999965,139.9,8455.541666666666,2.0,0.0,0.49999999999999994,0.8660254037844387,0.0
RP_Talhao_Central,2026-01-14,23.708333333333332,29.0,19.6,3.0,4.64,0.340125,264.4166666666667,0.1823386117608879,2026-01,5.708333333333332,224.95,574.7458333333334,97.20000000000002,156.82999999999998,-59.62999999999997,-20.24999999999997,-16.49999999999997,138.00000000000003,8456.083333333334,2.0,0.0,0.49999999999999994,0.8660254037844387,0.0
RP_Talhao_Central,2026-01-15,24.258333333333336,29.0,20.8,2.3000000000000003,4.55,0.3383333333333334,251.45833333333334,0.1823386117608879,2026-01,6.258333333333336,225.49583333333334,572.8875,96.7,158.4,-61.7,-22.340000000000003,-11.609999999999985,134.9,8537.333333333332,2.0,0.0,0.49999999999999994,0.8660254037844387,0.0
RP_Talhao_Central,2026-01-16,23.983333333333334,29.4,20.4,7.4,4.07,0.32233333333333336,231.5,0.1823386117608879,2026-01,5.983333333333334,226.7125,575.6708333333333,99.80000000000001,158.28,-58.47999999999999,-28.45999999999998,-36.24999999999997,129.10000000000002,8539.416666666666,2.0,0.0,0.49999999999999994,0.8660254037844387,0.0
RP_Talhao_Central,2026-01-17,24.116666666666664,29.3,20.8,9.9,4.97,0.32379166666666664,288.0,0.1823386117608879,2026-01,6.116666666666664,228.02083333333334,580.4375000000001,108.90000000000002,158.69,-49.78999999999998,-29.090000000000003,-34.63999999999996,128.0,8571.958333333332,2.0,0.0,0.49999999999999994,0.8660254037844387,0.0
RP_Talhao_Central,2026-01-18,23.349999999999998,28.6,20.0,5.9,4.7,0.32808333333333334,283.125,0.1823386117608879,2026-01,5.349999999999998,228.25833333333333,585.7874999999999,97.10000000000001,159.44,-62.33999999999999,-9.219999999999999,-35.059999999999974,145.70000000000002,8616.416666666668,2.0,0.0,0.49999999999999994,0.8660254037844387,0.0
RP_Talhao_Central,2026-01-19,22.724999999999998,27.5,20.1,7.3,3.81,0.38070833333333337,217.95833333333334,0.1823386117608879,2026-01,4.724999999999998,227.60416666666666,590.0208333333334,102.2,158.89000000000001,-56.69000000000001,-4.189999999999998,-36.079999999999984,147.9,8570.958333333332,2.0,0.0,0.49999999999999994,0.8660254037844387,0.0
RP_Talhao_Central,2026-01-20,22.05,26.4,18.2,0.1,5.86,0.3938333333333333,333.4583333333333,0.1823386117608879,2026-01,4.050000000000001,224.53333333333333,592.5625,100.80000000000001,158.92,-58.119999999999976,-0.9800000000000182,-37.41999999999996,149.4,8575.666666666666,2.0,0.0,0.49999999999999994,0.8660254037844387,0.0
RP_Talhao_Central,2026-01-21,22.079166666666666,27.5,17.2,0.6000000000000001,5.47,0.388875,314.25,0.1823386117608879,2026-01,4.079166666666666,220.87916666666666,593.9875000000001,101.4,158.07999999999998,-56.67999999999998,-1.5900000000000034,-36.43999999999997,149.3,8555.583333333334,2.0,0.0,0.49999999999999994,0.8660254037844387,0.0
RP_Talhao_Central,2026-01-22,20.954166666666666,26.4,18.5,8.799999999999999,3.28,0.38358333333333333,189.95833333333334,0.1823386117608879,2026-01,2.9541666666666657,215.9875,591.9958333333334,110.10000000000001,155.47,-45.36999999999999,-10.389999999999986,-26.47,142.0,8424.874999999998,2.0,0.0,0.49999999999999994,0.8660254037844387,0.0
RP_Talhao_Central,2026-01-23,21.65833333333333,26.5,17.5,0.30000000000000004,4.39,0.3838333333333333,268.8333333333333,0.1823386117608879,2026-01,3.6583333333333314,210.64583333333334,588.1833333333333,110.40000000000002,154.0,-43.59999999999998,-22.53,-13.389999999999986,131.9,8372.333333333334,2.0,0.0,0.49999999999999994,0.8660254037844387,0.0
RP_Talhao_Central,2026-01-24,23.25,28.2,18.8,0.1,5.1000000000000005,0.393125,301.5,0.1823386117608879,2026-01,5.25,205.8625,584.0,109.80000000000001,153.02,-43.22,-22.139999999999986,-12.579999999999984,132.60000000000002,8354.875,2.0,0.0,0.49999999999999994,0.8660254037844387,0.0
RP_Talhao_Central,2026-01-25,23.974999999999998,29.4,19.0,3.7,5.4399999999999995,0.3804166666666667,320.875,0.1823386117608879,2026-01,5.974999999999998,201.3875,583.7875,113.30000000000001,152.21,-38.91,-21.19999999999999,-17.19999999999999,132.8,8347.125,1.0,0.0,0.49999999999999994,0.8660254037844387,0.0
RP_Talhao_Central,2026-01-26,23.8625,29.5,20.0,5.0,5.16,0.35799999999999993,296.9166666666667,0.1823386117608879,2026-01,5.862500000000001,198.67916666666665,583.7666666666667,117.10000000000002,152.67000000000002,-35.56999999999999,-17.759999999999962,-23.78,134.00000000000003,8388.416666666666,1.0,0.0,0.49999999999999994,0.8660254037844387,0.0
RP_Talhao_Central,2026-01-27,23.870833333333334,29.9,19.5,1.1,4.9799999999999995,0.3429166666666667,284.5,0.1823386117608879,2026-01,5.870833333333334,196.17916666666665,584.8416666666667,118.20000000000002,152.13,-33.92999999999998,-16.049999999999955,-31.03,134.00000000000003,8369.833333333332,1.0,0.0,0.49999999999999994,0.8660254037844387,0.0
RP_Talhao_Central,2026-01-28,23.15833333333333,29.0,19.9,9.3,4.47,0.33408333333333334,262.0416666666667,0.1823386117608879,2026-01,5.158333333333331,192.3083333333333,586.5791666666667,125.4,150.48,-25.079999999999984,-12.98999999999998,-48.03,136.10000000000002,8301.125,1.0,0.0,0.49999999999999994,0.8660254037844387,0.0
RP_Talhao_Central,2026-01-29,23.358333333333334,29.3,19.1,7.2,5.01,0.325,291.9583333333333,0.1823386117608879,2026-01,5.358333333333334,187.17916666666665,588.1541666666667,132.3,148.92000000000002,-16.620000000000005,-12.0,-58.599999999999994,136.4,8259.083333333332,1.0,0.0,0.49999999999999994,0.8660254037844387,0.0
RP_Talhao_Central,2026-01-30,21.166666666666668,25.0,19.3,34.7,2.35,0.3607916666666666,146.0,0.1823386117608879,2026-01,3.166666666666668,182.06249999999997,585.6416666666667,166.0,147.17000000000002,18.829999999999984,-7.949999999999989,-62.339999999999975,137.4,8193.791666666666,1.0,0.0,0.49999999999999994,0.8660254037844387,0.0
RP_Talhao_Central,2026-01-31,22.829166666666666,27.8,18.8,1.8,4.6,0.41487499999999994,278.6666666666667,0.1823386117608879,2026-01,4.829166666666666,177.80416666666665,586.6666666666666,148.20000000000002,145.60999999999999,2.590000000000032,4.140000000000015,-84.41999999999997,151.40000000000003,8160.5,1.0,0.0,0.49999999999999994,0.8660254037844387,0.0
RP_Talhao_Central,2026-02-01,23.133333333333336,28.3,19.9,12.3,4.11,0.41054166666666664,254.625,0.221687646666832,2026-02,5.133333333333336,177.20833333333331,586.8958333333333,144.8,146.20000000000002,-1.4000000000000057,7.840000000000032,-77.90999999999998,154.60000000000002,8209.25,1.0,0.0,0.8660254037844386,0.5000000000000001,0.0
RP_Talhao_Central,2026-02-02,22.641666666666666,26.8,20.3,7.3,3.09,0.41691666666666666,183.625,0.221687646666832,2026-02,4.641666666666666,175.7333333333333,585.2666666666667,147.6,145.76999999999998,1.8300000000000125,13.840000000000003,-81.97999999999998,158.70000000000002,8191.5,1.0,0.0,0.8660254037844386,0.5000000000000001,0.0
RP_Talhao_Central,2026-02-03,22.633333333333336,26.2,20.5,28.5,3.5,0.447375,221.79166666666666,0.221687646666832,2026-02,4.633333333333336,173.52083333333334,585.325,174.5,143.70999999999998,30.79000000000002,15.590000000000003,-88.99999999999996,159.70000000000002,8105.5,1.0,0.0,0.8660254037844386,0.5000000000000001,0.0
RP_Talhao_Central,2026-02-04,21.84166666666667,25.5,19.7,18.8,2.29,0.4987083333333333,144.75,0.221687646666832,2026-02,3.8416666666666686,171.475,584.3958333333333,192.60000000000002,140.27,52.33000000000001,16.740000000000038,-90.48999999999998,159.90000000000003,7937.208333333333,1.0,0.0,0.8660254037844386,0.5000000000000001,0.0
RP_Talhao_Central,2026-02-05,22.433333333333334,26.7,19.6,19.6,3.23,0.498,191.33333333333334,0.221687646666832,2026-02,4.433333333333334,170.15833333333333,582.325,211.9,138.27,73.63,17.06000000000003,-89.88,160.20000000000002,7872.375,1.0,0.0,0.8660254037844386,0.5000000000000001,0.0
RP_Talhao_Central,2026-02-06,24.09166666666667,29.7,20.2,1.8,5.2299999999999995,0.4711666666666667,304.5,0.221687646666832,2026-02,6.091666666666669,170.13333333333335,582.7,210.20000000000002,138.42,71.78000000000003,5.6299999999999955,-98.82999999999997,149.4,7901.25,1.0,0.0,0.8660254037844386,0.5000000000000001,0.0
RP_Talhao_Central,2026-02-07,24.05,29.2,21.3,12.6,4.38,0.45545833333333335,256.75,0.221687646666832,2026-02,6.050000000000001,168.99166666666665,584.4250000000001,222.70000000000002,137.44,85.26000000000002,-17.909999999999997,-74.87999999999998,129.50000000000003,7861.916666666667,1.0,0.0,0.8660254037844386,0.5000000000000001,0.0
RP_Talhao_Central,2026-02-08,21.05,22.5,20.3,35.8,0.95,0.5009583333333333,51.083333333333336,0.221687646666832,2026-02,3.0500000000000007,162.1625,583.5375,258.1,131.98,126.12000000000003,-35.5,-56.92999999999998,114.20000000000002,7595.75,0.0,0.0,0.8660254037844386,0.5000000000000001,0.0
RP_Talhao_Central,2026-02-09,20.775000000000002,22.3,19.9,34.2,1.08,0.5065416666666667,59.791666666666664,0.221687646666832,2026-02,2.775000000000002,154.56666666666666,580.2083333333334,292.3,126.71,165.59000000000003,-35.89999999999998,-56.629999999999995,114.10000000000002,7340.208333333334,0.0,0.0,0.8660254037844386,0.5000000000000001,0.0
RP_Talhao_Central,2026-02-10,21.579166666666666,25.2,19.6,36.4,2.33,0.5022083333333334,144.79166666666666,0.221687646666832,2026-02,3.5791666666666657,147.9125,575.2916666666667,328.7,122.53,206.17,-44.57999999999997,-47.57000000000001,107.90000000000002,7158.875,0.0,0.0,0.8660254037844386,0.5000000000000001,0.0
RP_Talhao_Central,2026-02-11,22.45,26.4,20.3,22.3,2.91,0.49404166666666666,174.625,0.221687646666832,2026-02,4.449999999999999,144.0875,572.375,342.3,120.49999999999999,221.8,-57.44,-27.24999999999997,96.9,7076.666666666666,0.0,0.0,0.8660254037844386,0.5000000000000001,0.0
RP_Talhao_Central,2026-02-12,24.429166666666664,29.7,20.4,7.8,4.99,0.4882916666666666,282.9583333333333,0.221687646666832,2026-02,6.429166666666664,145.46249999999998,571.1791666666667,345.90000000000003,120.94,224.96000000000004,-62.03999999999999,-18.94999999999999,94.80000000000001,7096.041666666667,0.0,0.0,0.8660254037844386,0.5000000000000001,0.0
RP_Talhao_Central,2026-02-13,25.954166666666666,31.3,21.2,0.2,5.5200000000000005,0.46904166666666663,313.375,0.221687646666832,2026-02,7.954166666666666,147.70833333333334,571.9958333333333,343.1,121.82,221.28000000000003,-59.62999999999997,-20.24999999999997,97.20000000000002,7145.0,0.0,0.0,0.8660254037844386,0.5000000000000001,0.0
RP_Talhao_Central,2026-02-14,25.895833333333332,31.5,21.1,0.0,5.69,0.45379166666666665,310.625,0.221687646666832,2026-02,7.895833333333332,149.3458333333333,573.6291666666667,340.8,122.96,217.84000000000003,-61.7,-22.340000000000003,96.7,7204.166666666667,0.0,0.0,0.8660254037844386,0.5000000000000001,0.0
RP_Talhao_Central,2026-02-15,26.316666666666666,31.6,21.5,0.0,5.82,0.423,313.2083333333333,0.221687646666832,2026-02,8.316666666666666,151.67916666666667,576.075,333.4,124.71000000000001,208.68999999999997,-58.47999999999999,-28.45999999999998,99.80000000000001,7285.875,0.0,0.0,0.8660254037844386,0.5000000000000001,0.0
RP_Talhao_Central,2026-02-16,26.445833333333336,31.7,21.1,0.0,5.81,0.37483333333333335,313.6666666666667,0.221687646666832,2026-02,8.445833333333336,154.00833333333333,579.3875,323.5,125.55000000000001,197.95,-49.78999999999998,-29.090000000000003,108.90000000000002,7311.541666666667,0.0,0.0,0.8660254037844386,0.5000000000000001,0.0
RP_Talhao_Central,2026-02-17,26.616666666666664,33.3,21.1,0.0,5.75,0.3482083333333333,311.0833333333333,0.221687646666832,2026-02,8.616666666666664,157.275,584.1291666666666,317.6,126.60000000000001,191.0,-62.33999999999999,-9.219999999999999,97.10000000000001,7339.5,0.0,0.0,0.8660254037844386,0.5000000000000001,0.0
RP_Talhao_Central,2026-02-18,24.808333333333334,30.3,20.5,6.3999999999999995,4.35,0.32808333333333334,242.33333333333334,0.221687646666832,2026-02,6.808333333333334,159.35833333333335,584.3958333333334,316.70000000000005,127.14,189.56000000000006,-56.69000000000001,-4.189999999999998,102.2,7363.875,0.0,0.0,0.8660254037844386,0.5000000000000001,0.0
RP_Talhao_Central,2026-02-19,25.6375,30.9,20.5,0.6000000000000001,5.37,0.322375,309.0833333333333,0.221687646666832,2026-02,7.637499999999999,162.94583333333333,582.8333333333334,317.2,126.65,190.54999999999998,-58.119999999999976,-0.9800000000000182,100.80000000000001,7339.5,0.0,0.0,0.8660254037844386,0.5000000000000001,0.0
RP_Talhao_Central,2026-02-20,26.7375,32.7,20.9,0.7000000000000001,5.51,0.2906666666666667,303.125,0.221687646666832,2026-02,8.7375,167.60416666666669,582.375,317.3,126.69,190.61,-56.67999999999998,-1.5900000000000034,101.4,7328.375,0.0,0.0,0.8660254037844386,0.5000000000000001,0.0
RP_Talhao_Central,2026-02-21,27.0125,32.9,21.3,4.1,5.8,0.266,294.6666666666667,0.221687646666832,2026-02,9.0125,173.6625,585.85,312.6,129.21,183.39000000000001,-45.36999999999999,-10.389999999999986,110.10000000000001,7433.083333333333,0.0,0.0,0.8660254037844386,0.5000000000000001,0.0
RP_Talhao_Central,2026-02-22,24.808333333333334,30.5,22.0,5.5,5.0,0.266125,281.5,0.221687646666832,2026-02,6.808333333333334,176.8125,589.7041666666667,317.8,129.82,187.98000000000002,-43.59999999999998,-22.53,110.40000000000002,7445.75,0.0,0.0,0.8660254037844386,0.5000000000000001,0.0
RP_Talhao_Central,2026-02-23,23.145833333333332,27.9,20.6,13.5,3.52,0.2708333333333333,210.45833333333334,0.221687646666832,2026-02,5.145833333333332,176.70833333333331,591.1125000000001,331.20000000000005,128.24,202.96000000000004,-43.22,-22.139999999999986,109.80000000000001,7354.708333333334,0.0,0.0,0.8660254037844386,0.5000000000000001,0.0
RP_Talhao_Central,2026-02-24,22.883333333333336,26.8,20.4,10.6,3.15,0.27587500000000004,189.0,0.221687646666832,2026-02,4.883333333333336,175.61666666666667,591.4958333333334,338.1,125.94999999999999,212.15000000000003,-38.91,-21.19999999999999,113.30000000000001,7222.833333333334,0.0,0.0,0.8660254037844386,0.5000000000000001,0.0
RP_Talhao_Central,2026-02-25,23.1375,26.9,20.3,29.0,3.31,0.3122083333333333,202.5,0.221687646666832,2026-02,5.137499999999999,174.89166666666668,590.8833333333333,362.1,124.1,238.00000000000003,-35.56999999999999,-17.759999999999962,117.10000000000002,7128.416666666667,0.0,0.0,0.8660254037844386,0.5000000000000001,0.0
RP_Talhao_Central,2026-02-26,23.016666666666666,27.5,20.6,15.6,3.13,0.3725,183.625,0.221687646666832,2026-02,5.016666666666666,174.03750000000002,588.675,376.6,122.25,254.35000000000002,-33.92999999999998,-16.049999999999955,118.20000000000002,7027.541666666667,0.0,0.0,0.8660254037844386,0.5000000000000001,0.0
RP_Talhao_Central,2026-02-27,23.516666666666666,28.1,19.8,0.6000000000000001,4.85,0.38079166666666664,273.125,0.221687646666832,2026-02,5.516666666666666,174.39583333333334,585.3708333333334,367.90000000000003,122.63,245.27000000000004,-25.079999999999984,-12.98999999999998,125.4,7038.625,0.0,0.0,0.8660254037844386,0.5000000000000001,0.0
RP_Talhao_Central,2026-02-28,22.037499999999998,27.3,16.7,0.0,5.390000000000001,0.379125,313.0833333333333,0.221687646666832,2026-02,4.037499999999998,173.075,578.9208333333332,360.70000000000005,123.01,237.69000000000005,-16.620000000000005,-12.0,132.3,7059.75,0.0,0.0,0.8660254037844386,0.5000000000000001,0.0
RP_Talhao_Central,2026-03-01,21.825,27.7,16.7,0.0,5.56,0.3689166666666666,322.625,0.2250441629166617,2026-03,3.8249999999999993,173.73333333333335,571.1083333333333,326.0,126.22,199.78,18.829999999999984,-7.949999999999989,166.0,7236.375,0.0,0.0,1.0,6.123233995736766e-17,0.0
RP_Talhao_Central,2026-03-02,22.675,29.6,16.0,0.0,5.8,0.3586666666666667,318.2083333333333,0.2250441629166617,2026-03,4.675000000000001,173.57916666666665,567.9458333333333,324.20000000000005,127.42,196.78000000000003,2.590000000000032,4.140000000000015,148.20000000000002,7275.916666666666,0.0,0.0,1.0,6.123233995736766e-17,0.0
RP_Talhao_Central,2026-03-03,24.145833333333332,31.0,17.6,0.0,5.83,0.34991666666666665,302.0833333333333,0.2250441629166617,2026-03,6.145833333333332,174.59166666666667,568.2041666666667,311.90000000000003,129.14,182.76000000000005,-1.4000000000000057,7.840000000000032,144.8,7323.375,0.0,0.0,1.0,6.123233995736766e-17,0.0
RP_Talhao_Central,2026-03-04,25.066666666666666,31.6,18.1,0.0,6.18,0.3389583333333333,303.4166666666667,0.2250441629166617,2026-03,7.066666666666666,177.01666666666665,568.2,304.6,132.23,172.37000000000003,1.8300000000000125,13.840000000000003,147.6,7443.166666666666,0.0,0.0,1.0,6.123233995736766e-17,0.0
RP_Talhao_Central,2026-03-05,26.183333333333334,32.8,19.3,0.1,5.83,0.32879166666666665,294.2916666666667,0.2250441629166617,2026-03,8.183333333333334,180.56666666666666,568.3625,276.2,134.56,141.64,30.79000000000002,15.590000000000003,174.5,7515.666666666667,0.0,0.0,1.0,6.123233995736766e-17,0.0
RP_Talhao_Central,2026-03-06,25.125,30.9,20.8,11.6,3.52,0.31904166666666667,185.0,0.2250441629166617,2026-03,7.125,183.85,565.5458333333333,269.0,135.79,133.21,52.33000000000001,16.740000000000038,192.60000000000002,7555.916666666667,0.0,0.0,1.0,6.123233995736766e-17,0.0
RP_Talhao_Central,2026-03-07,22.925,25.9,21.0,4.3,3.55,0.31024999999999997,222.16666666666666,0.2250441629166617,2026-03,4.925000000000001,184.34166666666664,561.4,253.7,136.10999999999999,117.59,73.63,17.06000000000003,211.9,7586.75,0.0,0.0,1.0,6.123233995736766e-17,0.0
RP_Talhao_Central,2026-03-08,24.916666666666668,30.5,19.2,1.0,4.83,0.3087083333333333,276.5,0.2250441629166617,2026-03,6.916666666666668,185.16666666666666,562.2458333333334,252.9,135.71,117.19,71.78000000000003,5.6299999999999955,210.20000000000002,7558.75,0.0,0.0,1.0,6.123233995736766e-17,0.0
RP_Talhao_Central,2026-03-09,23.09166666666667,26.5,20.6,7.1,2.81,0.297875,152.79166666666666,0.2250441629166617,2026-03,5.091666666666669,184.20833333333334,563.7375000000001,247.4,134.14000000000001,113.25999999999999,85.26000000000002,-17.909999999999997,222.70000000000002,7454.791666666666,0.0,0.0,1.0,6.123233995736766e-17,0.0
RP_Talhao_Central,2026-03-10,22.520833333333332,25.7,20.1,8.6,1.74,0.297875,92.66666666666667,0.2250441629166617,2026-03,4.520833333333332,185.67916666666667,563.0,220.20000000000002,134.93,85.27000000000001,126.12000000000003,-35.5,258.1,7496.375,0.0,0.0,1.0,6.123233995736766e-17,0.0
RP_Talhao_Central,2026-03-11,22.458333333333332,23.9,20.9,11.8,1.71,0.298875,96.45833333333333,0.2250441629166617,2026-03,4.458333333333332,187.36249999999998,560.4,197.8,135.56,62.24000000000001,165.59000000000003,-35.89999999999998,292.3,7533.041666666666,0.0,0.0,1.0,6.123233995736766e-17,0.0
RP_Talhao_Central,2026-03-12,22.625,25.8,20.9,7.3,2.45,0.304125,140.29166666666666,0.2250441629166617,2026-03,4.625,188.40833333333333,558.7833333333333,168.70000000000002,135.67999999999998,33.02000000000004,206.17,-44.57999999999997,328.7,7528.541666666667,0.0,0.0,1.0,6.123233995736766e-17,0.0
RP_Talhao_Central,2026-03-13,22.087500000000002,25.4,20.0,19.2,2.5,0.34508333333333335,155.125,0.2250441629166617,2026-03,4.087500000000002,188.04583333333332,558.2583333333333,165.60000000000002,135.26999999999998,30.33000000000004,221.8,-57.44,342.3,7509.041666666667,0.0,0.0,1.0,6.123233995736766e-17,0.0
RP_Talhao_Central,2026-03-14,23.1375,28.8,19.2,0.2,4.14,0.38037499999999996,239.95833333333334,0.2250441629166617,2026-03,5.137499999999999,186.75416666666666,558.5416666666667,158.00000000000003,134.42000000000002,23.580000000000013,224.96000000000004,-62.03999999999999,345.90000000000003,7466.041666666666,0.0,0.0,1.0,6.123233995736766e-17,0.0
RP_Talhao_Central,2026-03-15,24.075,30.7,18.0,0.0,5.16,0.37354166666666666,299.6666666666667,0.2250441629166617,2026-03,6.074999999999999,184.875,557.5333333333333,157.8,134.06,23.74000000000001,221.28000000000003,-59.62999999999997,343.1,7452.333333333333,0.0,0.0,1.0,6.123233995736766e-17,0.0
RP_Talhao_Central,2026-03-16,25.15416666666667,31.8,19.3,0.0,5.41,0.36241666666666666,285.4166666666667,0.2250441629166617,2026-03,7.154166666666669,184.13333333333335,558.975,157.8,133.78,24.02000000000001,217.84000000000003,-61.7,340.8,7427.125,0.0,0.0,1.0,6.123233995736766e-17,0.0
RP_Talhao_Central,2026-03-17,24.59583333333333,30.4,20.6,2.0999999999999996,4.59,0.3555,260.0416666666667,0.2250441629166617,2026-03,6.595833333333331,182.4125,560.8041666666667,159.9,132.54999999999998,27.350000000000023,208.68999999999997,-58.47999999999999,333.4,7373.958333333333,0.0,0.0,1.0,6.123233995736766e-17,0.0
RP_Talhao_Central,2026-03-18,24.337500000000002,29.0,20.4,10.0,3.96,0.34208333333333335,224.33333333333334,0.2250441629166617,2026-03,6.337500000000002,180.30416666666667,562.3333333333333,169.9,130.7,39.20000000000002,197.95,-49.78999999999998,323.5,7284.625,0.0,0.0,1.0,6.123233995736766e-17,0.0
RP_Talhao_Central,2026-03-19,23.8125,29.8,21.0,13.9,4.17,0.3374166666666667,238.54166666666666,0.2250441629166617,2026-03,5.8125,177.5,563.0333333333333,183.8,129.12,54.68000000000001,191.0,-62.33999999999999,317.6,7212.083333333333,0.0,0.0,1.0,6.123233995736766e-17,0.0
RP_Talhao_Central,2026-03-20,24.09166666666667,28.9,20.6,0.1,3.76,0.32937500000000003,216.0,0.2250441629166617,2026-03,6.091666666666669,176.78333333333333,563.7458333333333,177.5,128.53,48.97,189.56000000000006,-56.69000000000001,316.70000000000005,7185.75,0.0,0.0,1.0,6.123233995736766e-17,0.0
RP_Talhao_Central,2026-03-21,24.45,30.8,19.5,0.30000000000000004,4.51,0.3202916666666667,261.375,0.2250441629166617,2026-03,6.449999999999999,175.59583333333333,563.075,177.20000000000002,127.66999999999999,49.53000000000003,190.54999999999998,-58.119999999999976,317.2,7138.041666666666,0.0,0.0,1.0,6.123233995736766e-17,0.0
RP_Talhao_Central,2026-03-22,25.016666666666666,31.6,19.4,0.0,4.83,0.31625,260.8333333333333,0.2250441629166617,2026-03,7.016666666666666,173.875,562.3583333333333,176.50000000000003,126.99000000000001,49.51000000000002,190.61,-56.67999999999998,317.3,7095.75,0.0,0.0,1.0,6.123233995736766e-17,0.0
RP_Talhao_Central,2026-03-23,25.1125,31.7,19.8,1.2,4.81,0.31124999999999997,261.9166666666667,0.2250441629166617,2026-03,7.112500000000001,171.975,561.625,173.60000000000002,126.0,47.60000000000002,183.39000000000001,-45.36999999999999,312.6,7063.0,0.0,0.0,1.0,6.123233995736766e-17,0.0
RP_Talhao_Central,2026-03-24,25.895833333333332,31.6,20.2,1.3,5.21,0.3035,265.8333333333333,0.2250441629166617,2026-03,7.895833333333332,173.0625,560.5208333333334,169.40000000000003,126.21000000000001,43.190000000000026,187.98000000000002,-43.59999999999998,317.8,7047.333333333334,0.0,0.0,1.0,6.123233995736766e-17,0.0
RP_Talhao_Central,2026-03-25,22.833333333333332,28.1,19.9,7.1000000000000005,3.46,0.30075,198.83333333333334,0.2250441629166617,2026-03,4.833333333333332,172.75,555.3208333333333,163.00000000000003,126.14999999999999,36.85000000000004,202.96000000000004,-43.22,331.20000000000005,7035.708333333333,0.0,0.0,1.0,6.123233995736766e-17,0.0
RP_Talhao_Central,2026-03-26,23.479166666666668,29.0,19.2,4.2,3.89,0.30120833333333336,226.375,0.2250441629166617,2026-03,5.479166666666668,173.34583333333333,550.35,156.6,126.89,29.709999999999994,212.15000000000003,-38.91,338.1,7073.083333333333,0.0,0.0,1.0,6.123233995736766e-17,0.0
RP_Talhao_Central,2026-03-27,24.395833333333332,30.1,19.4,0.1,4.74,0.30575,261.7916666666667,0.2250441629166617,2026-03,6.395833333333332,174.60416666666666,548.1750000000001,127.70000000000002,128.32,-0.6199999999999761,238.00000000000003,-35.56999999999999,362.1,7132.375,0.0,0.0,1.0,6.123233995736766e-17,0.0
RP_Talhao_Central,2026-03-28,24.03333333333333,30.5,18.8,0.0,5.18,0.30704166666666666,275.625,0.2250441629166617,2026-03,6.033333333333331,175.6208333333333,545.8375,112.10000000000001,130.37,-18.269999999999996,254.35000000000002,-33.92999999999998,376.6,7224.375,0.0,0.0,1.0,6.123233995736766e-17,0.0
RP_Talhao_Central,2026-03-29,24.28333333333333,29.9,18.8,0.0,5.0200000000000005,0.30441666666666667,268.0,0.2250441629166617,2026-03,6.283333333333331,176.3875,543.0916666666666,111.50000000000001,130.54,-19.039999999999978,245.27000000000004,-25.079999999999984,367.90000000000003,7219.25,0.0,0.0,1.0,6.123233995736766e-17,0.0
RP_Talhao_Central,2026-03-30,24.787499999999998,30.8,18.5,0.0,4.68,0.30420833333333336,264.25,0.2250441629166617,2026-03,6.787499999999998,179.1375,539.3916666666667,111.50000000000001,129.82999999999998,-18.32999999999997,237.69000000000005,-16.620000000000005,360.70000000000005,7170.416666666667,0.0,0.0,1.0,6.123233995736766e-17,0.0
RP_Talhao_Central,2026-03-31,22.945833333333336,29.3,19.3,1.7999999999999998,3.64,0.30975,203.58333333333334,0.2250441629166617,2026-03,4.945833333333336,180.25833333333333,536.0541666666667,113.30000000000001,127.91,-14.609999999999985,199.78,18.829999999999984,326.0,7051.375,0.0,0.0,1.0,6.123233995736766e-17,0.0
RP_Talhao_Central,2026-04-01,22.962500000000002,30.1,18.5,2.6,4.16,0.30816666666666664,243.5,0.2465156130065718,2026-04,4.962500000000002,180.54583333333335,531.9291666666667,115.90000000000002,126.27,-10.369999999999976,196.78000000000003,2.590000000000032,324.20000000000005,6976.666666666667,0.0,0.0,0.8660254037844388,-0.4999999999999998,0.0
RP_Talhao_Central,2026-04-02,23.745833333333334,29.3,19.5,1.7,4.45,0.3075833333333333,259.0,0.2465156130065718,2026-04,5.745833333333334,180.14583333333334,531.9458333333333,117.60000000000002,124.89,-7.289999999999978,182.76000000000005,-1.4000000000000057,311.90000000000003,6933.583333333333,0.0,0.0,0.8660254037844388,-0.4999999999999998,0.0
RP_Talhao_Central,2026-04-03,24.016666666666666,29.8,19.0,8.2,4.5600000000000005,0.27887500000000004,257.9583333333333,0.2465156130065718,2026-04,6.016666666666666,179.09583333333333,531.8458333333333,125.80000000000001,123.27000000000001,2.530000000000001,172.37000000000003,1.8300000000000125,304.6,6888.125,0.0,0.0,0.8660254037844388,-0.4999999999999998,0.0
RP_Talhao_Central,2026-04-04,24.825,31.4,20.4,8.2,4.41,0.27725000000000005,239.58333333333334,0.2465156130065718,2026-04,6.824999999999999,177.7375,531.8249999999999,133.90000000000003,121.85,12.05000000000004,141.64,30.79000000000002,276.2,6833.416666666667,0.0,0.0,0.8660254037844388,-0.4999999999999998,0.0
RP_Talhao_Central,2026-04-05,24.825,31.8,20.4,0.7,3.9800000000000004,0.278,221.54166666666666,0.2465156130065718,2026-04,6.824999999999999,177.4375,532.7624999999999,123.00000000000001,122.31,0.6900000000000119,133.21,52.33000000000001,269.0,6869.958333333333,0.0,0.0,0.8660254037844388,-0.4999999999999998,0.0
RP_Talhao_Central,2026-04-06,24.379166666666666,31.8,20.9,1.3,4.02,0.278,220.66666666666666,0.2465156130065718,2026-04,6.379166666666666,178.89166666666665,533.3916666666667,120.00000000000001,122.78,-2.779999999999987,117.59,73.63,253.7,6868.458333333333,0.0,0.0,0.8660254037844388,-0.4999999999999998,0.0
RP_Talhao_Central,2026-04-07,23.395833333333332,29.3,20.6,3.0000000000000004,3.3000000000000003,0.278,192.625,0.2465156130065718,2026-04,5.395833333333332,177.37083333333334,532.6708333333333,122.00000000000001,121.25,0.7500000000000142,117.19,71.78000000000003,252.9,6784.583333333333,0.0,0.0,0.8660254037844388,-0.4999999999999998,0.0
RP_Talhao_Central,2026-04-08,23.516666666666666,28.0,20.4,8.200000000000001,3.17,0.278,177.54166666666666,0.2465156130065718,2026-04,5.516666666666666,177.79583333333332,530.9958333333333,123.10000000000002,121.61,1.4900000000000233,113.25999999999999,85.26000000000002,247.4,6809.333333333334,0.0,0.0,0.8660254037844388,-0.4999999999999998,0.0
RP_Talhao_Central,2026-04-09,24.09166666666667,29.9,19.6,0.1,4.38,0.276,239.95833333333334,0.2465156130065718,2026-04,6.091666666666669,179.36666666666665,527.2083333333333,114.60000000000001,124.25,-9.649999999999991,85.27000000000001,126.12000000000003,220.20000000000002,6956.625,0.0,0.0,0.8660254037844388,-0.4999999999999998,0.0
RP_Talhao_Central,2026-04-10,24.150000000000002,31.1,20.1,0.6000000000000001,4.39,0.266125,234.54166666666666,0.2465156130065718,2026-04,6.150000000000002,181.05833333333334,522.9875,103.40000000000002,126.92999999999999,-23.529999999999973,62.24000000000001,165.59000000000003,197.8,7094.708333333334,0.0,0.0,0.8660254037844388,-0.4999999999999998,0.0
RP_Talhao_Central,2026-04-11,23.59166666666667,30.2,18.7,0.9,4.5600000000000005,0.2671666666666667,241.375,0.2465156130065718,2026-04,5.591666666666669,182.025,518.3458333333333,97.00000000000001,129.04,-32.03999999999998,33.02000000000004,206.17,168.70000000000002,7195.791666666667,0.0,0.0,0.8660254037844388,-0.4999999999999998,0.0
RP_Talhao_Central,2026-04-12,23.995833333333334,30.6,18.9,0.0,5.27,0.267,256.25,0.2465156130065718,2026-04,5.995833333333334,183.93333333333334,516.0666666666667,77.80000000000001,131.81,-54.00999999999999,30.33000000000004,221.8,165.60000000000002,7296.916666666667,0.0,0.0,0.8660254037844388,-0.4999999999999998,0.0
RP_Talhao_Central,2026-04-13,23.516666666666666,30.6,18.1,0.0,4.72,0.26687500000000003,232.25,0.2465156130065718,2026-04,5.516666666666666,184.3125,516.5291666666667,77.60000000000001,132.39,-54.78999999999998,23.580000000000013,224.96000000000004,158.00000000000003,7289.208333333334,0.0,0.0,0.8660254037844388,-0.4999999999999998,0.0
RP_Talhao_Central,2026-04-14,23.3,29.9,17.1,0.0,4.84,0.26475,250.54166666666666,0.2465156130065718,2026-04,5.300000000000001,183.5375,516.1208333333334,77.60000000000001,132.07,-54.469999999999985,23.74000000000001,221.28000000000003,157.8,7240.083333333333,0.0,0.0,0.8660254037844388,-0.4999999999999998,0.0
RP_Talhao_Central,2026-04-15,23.579166666666666,29.8,18.1,0.0,4.77,0.264,238.83333333333334,0.2465156130065718,2026-04,5.579166666666666,181.96249999999998,515.4416666666667,77.60000000000001,131.43,-53.83,24.02000000000001,217.84000000000003,157.8,7193.5,0.0,0.0,0.8660254037844388,-0.4999999999999998,0.0
RP_Talhao_Central,2026-04-16,23.3,30.0,16.7,0.0,4.91,0.262625,254.95833333333334,0.2465156130065718,2026-04,5.300000000000001,180.66666666666666,514.7583333333333,75.50000000000001,131.75,-56.249999999999986,27.350000000000023,208.68999999999997,159.9,7188.416666666667,0.0,0.0,0.8660254037844388,-0.4999999999999998,0.0
RP_Talhao_Central,2026-04-17,23.77916666666667,30.3,16.9,0.0,4.53,0.261,249.75,0.2465156130065718,2026-04,5.779166666666669,180.10833333333332,514.4208333333333,65.50000000000001,132.32,-66.81999999999998,39.20000000000002,197.95,169.9,7213.833333333333,0.0,0.0,0.8660254037844388,-0.4999999999999998,0.0
RP_Talhao_Central,2026-04-18,23.829166666666666,29.9,17.7,0.0,3.89,0.261,217.04166666666666,0.2465156130065718,2026-04,5.829166666666666,180.125,514.9,51.600000000000016,132.04,-80.43999999999997,54.68000000000001,191.0,183.8,7192.333333333334,0.0,0.0,0.8660254037844388,-0.4999999999999998,0.0
RP_Talhao_Central,2026-04-19,24.879166666666666,30.8,19.2,0.1,4.56,0.261,232.83333333333334,0.2465156130065718,2026-04,6.879166666666666,180.9125,517.0541666666667,51.60000000000001,132.84,-81.24,48.97,189.56000000000006,177.5,7209.166666666667,0.0,0.0,0.8660254037844388,-0.4999999999999998,0.0
RP_Talhao_Central,2026-04-20,24.287499999999998,31.5,18.1,0.0,5.17,0.261,248.75,0.2465156130065718,2026-04,6.287499999999998,180.75,519.2916666666666,51.30000000000001,133.5,-82.19999999999999,49.53000000000003,190.54999999999998,177.20000000000002,7196.541666666667,0.0,0.0,0.8660254037844388,-0.4999999999999998,0.0
RP_Talhao_Central,2026-04-21,23.59583333333333,31.2,16.6,0.0,5.06,0.261,245.54166666666666,0.2465156130065718,2026-04,5.595833333333331,179.32916666666668,520.8083333333333,51.30000000000001,133.73,-82.42999999999998,49.51000000000002,190.61,176.50000000000003,7181.25,0.0,0.0,0.8660254037844388,-0.4999999999999998,0.0
RP_Talhao_Central,2026-04-22,24.504166666666666,31.7,18.3,0.0,4.97,0.261,239.66666666666666,0.2465156130065718,2026-04,6.504166666666666,178.72083333333333,524.3583333333333,50.10000000000001,133.89,-83.78999999999998,47.60000000000002,183.39000000000001,173.60000000000002,7159.0,0.0,0.0,0.8660254037844388,-0.4999999999999998,0.0
RP_Talhao_Central,2026-04-23,24.7,31.1,18.8,0.0,5.18,0.26025000000000004,232.16666666666666,0.2465156130065718,2026-04,6.699999999999999,177.52499999999998,527.4,48.80000000000001,133.86,-85.06,43.190000000000026,187.98000000000002,169.40000000000003,7125.333333333333,0.0,0.0,0.8660254037844388,-0.4999999999999998,0.0
RP_Talhao_Central,2026-04-24,24.59583333333333,30.3,19.7,0.0,4.04,0.26,204.625,0.2465156130065718,2026-04,6.595833333333331,179.2875,528.7458333333333,41.70000000000001,134.44,-92.73999999999998,36.85000000000004,202.96000000000004,163.00000000000003,7131.125,0.0,0.0,0.8660254037844388,-0.4999999999999998,0.0
RP_Talhao_Central,2026-04-25,25.02916666666667,31.1,18.4,0.0,4.15,0.26,218.25,0.2465156130065718,2026-04,7.029166666666669,180.83749999999998,529.8,37.500000000000014,134.7,-97.19999999999997,29.709999999999994,212.15000000000003,156.6,7123.0,0.0,0.0,0.8660254037844388,-0.4999999999999998,0.0
RP_Talhao_Central,2026-04-26,25.541666666666668,32.0,18.9,0.0,4.92,0.26,231.54166666666666,0.2465156130065718,2026-04,7.541666666666668,181.98333333333335,531.4791666666667,37.40000000000001,134.88,-97.47999999999999,-0.6199999999999761,238.00000000000003,127.70000000000002,7092.75,0.0,0.0,0.8660254037844388,-0.4999999999999998,0.0
RP_Talhao_Central,2026-04-27,25.058333333333334,30.9,19.5,1.2,4.09,0.26,207.29166666666666,0.2465156130065718,2026-04,7.058333333333334,183.00833333333335,532.6666666666666,38.600000000000016,133.79,-95.18999999999997,-18.269999999999996,254.35000000000002,112.10000000000001,7024.416666666666,0.0,0.0,0.8660254037844388,-0.4999999999999998,0.0
RP_Talhao_Central,2026-04-28,26.22083333333333,32.7,20.7,0.2,4.56,0.26,217.29166666666666,0.2465156130065718,2026-04,8.220833333333331,184.94583333333335,535.7291666666666,38.80000000000002,133.32999999999998,-94.52999999999997,-19.039999999999978,245.27000000000004,111.50000000000001,6973.708333333333,0.0,0.0,0.8660254037844388,-0.4999999999999998,0.0
RP_Talhao_Central,2026-04-29,26.075,31.9,20.7,0.1,4.24,0.26,209.29166666666666,0.2465156130065718,2026-04,8.075,186.23333333333335,538.4458333333333,38.90000000000001,132.89000000000001,-93.99000000000001,-18.32999999999997,237.69000000000005,111.50000000000001,6918.75,0.0,0.0,0.8660254037844388,-0.4999999999999998,0.0
RP_Talhao_Central,2026-04-30,25.3625,31.4,19.9,0.0,4.43,0.26,222.79166666666666,0.2465156130065718,2026-04,7.362500000000001,188.65,542.6416666666667,37.10000000000001,133.68,-96.58,-14.609999999999985,199.78,113.30000000000001,6937.958333333333,0.0,0.0,0.8660254037844388,-0.4999999999999998,0.0
RP_Talhao_Central,2026-05-01,25.054166666666664,30.8,20.2,0.0,4.5,0.26,211.25,0.2348740841665869,2026-05,7.054166666666664,190.74166666666665,544.8666666666667,34.500000000000014,134.02,-99.52,-10.369999999999976,196.78000000000003,115.90000000000002,6905.708333333333,0.0,0.0,0.49999999999999994,-0.8660254037844387,0.0
RP_Talhao_Central,2026-05-02,24.5125,30.3,18.8,0.0,4.73,0.26,226.70833333333334,0.2348740841665869,2026-05,6.512499999999999,191.50833333333333,546.2458333333334,32.80000000000001,134.3,-101.5,-7.289999999999978,182.76000000000005,117.60000000000002,6873.416666666667,0.0,0.0,0.49999999999999994,-0.8660254037844387,0.0
RP_Talhao_Central,2026-05-03,23.0125,29.2,18.4,0.0,4.72,0.26,224.54166666666666,0.2348740841665869,2026-05,5.012499999999999,190.50416666666666,546.6166666666667,24.600000000000016,134.46,-109.85999999999999,2.530000000000001,172.37000000000003,125.80000000000001,6840.0,0.0,0.0,0.49999999999999994,-0.8660254037844387,0.0
RP_Talhao_Central,2026-05-04,23.758333333333336,30.8,17.9,0.0,4.31,0.26,211.29166666666666,0.2348740841665869,2026-05,5.758333333333336,189.4375,547.7416666666666,16.400000000000016,134.35999999999999,-117.95999999999997,12.05000000000004,141.64,133.90000000000003,6811.708333333333,0.0,0.0,0.49999999999999994,-0.8660254037844387,0.0
RP_Talhao_Central,2026-05-05,24.666666666666668,30.6,19.3,0.0,4.49,0.26,208.45833333333334,0.2348740841665869,2026-05,6.666666666666668,189.27916666666667,550.5666666666667,15.700000000000015,134.87,-119.16999999999999,0.6900000000000119,133.21,123.00000000000001,6798.625,0.0,0.0,0.49999999999999994,-0.8660254037844387,0.0
RP_Talhao_Central,2026-05-06,24.766666666666666,31.3,18.9,0.0,5.13,0.25975,220.95833333333334,0.2348740841665869,2026-05,6.766666666666666,189.66666666666666,552.9,14.400000000000015,135.98,-121.57999999999997,-2.779999999999987,117.59,120.00000000000001,6798.916666666667,0.0,0.0,0.49999999999999994,-0.8660254037844387,0.0
RP_Talhao_Central,2026-05-07,24.954166666666666,31.7,18.5,0.0,4.98,0.259,207.83333333333334,0.2348740841665869,2026-05,6.954166666666666,191.225,553.7624999999999,11.400000000000015,137.66,-126.25999999999998,0.7500000000000142,117.19,122.00000000000001,6814.125,0.0,0.0,0.49999999999999994,-0.8660254037844387,0.0
RP_Talhao_Central,2026-05-08,25.7,31.7,20.8,0.0,5.03,0.259,206.45833333333334,0.2348740841665869,2026-05,7.699999999999999,193.40833333333333,555.4125,3.2000000000000144,139.51999999999998,-136.31999999999996,1.4900000000000233,113.25999999999999,123.10000000000002,6843.041666666666,0.0,0.0,0.49999999999999994,-0.8660254037844387,0.0
RP_Talhao_Central,2026-05-09,25.9375,31.6,20.9,0.0,4.86,0.259,198.5,0.2348740841665869,2026-05,7.9375,195.25416666666666,560.3000000000001,3.1000000000000143,140.0,-136.89999999999998,-9.649999999999991,85.27000000000001,114.60000000000001,6801.583333333333,0.0,0.0,0.49999999999999994,-0.8660254037844387,0.0
RP_Talhao_Central,2026-05-10,20.045833333333334,24.4,15.7,0.2,2.19,0.259,106.125,0.2348740841665869,2026-05,2.0458333333333343,191.15,559.5708333333332,2.7000000000000144,137.8,-135.1,-23.529999999999973,62.24000000000001,103.40000000000002,6673.166666666666,0.0,0.0,0.49999999999999994,-0.8660254037844387,0.0
RP_Talhao_Central,2026-05-11,16.920833333333334,21.6,13.8,1.0,3.03,0.259,187.54166666666666,0.2348740841665869,2026-05,0.0,185.55833333333334,555.9916666666666,2.800000000000014,136.27,-133.47,-32.03999999999998,33.02000000000004,97.00000000000001,6619.333333333333,0.0,0.0,0.49999999999999994,-0.8660254037844387,0.0
RP_Talhao_Central,2026-05-12,17.491666666666667,26.7,9.5,0.0,3.72,0.29391666666666666,223.29166666666666,0.2348740841665869,2026-05,0.0,179.5625,551.5416666666667,2.800000000000014,134.72,-131.92,-54.00999999999999,30.33000000000004,77.80000000000001,6586.375,0.0,1.0,0.49999999999999994,-0.8660254037844387,0.0
RP_Talhao_Central,2026-05-13,20.791666666666668,29.0,12.8,0.0,4.07,0.2977083333333333,211.75,0.2348740841665869,2026-05,2.791666666666668,176.8375,547.9041666666667,2.800000000000014,134.07,-131.26999999999998,-54.78999999999998,23.580000000000013,77.60000000000001,6565.875,0.0,1.0,0.49999999999999994,-0.8660254037844387,0.0
RP_Talhao_Central,2026-05-14,22.583333333333332,29.2,15.9,0.0,3.64,0.297,188.08333333333334,0.2348740841665869,2026-05,4.583333333333332,176.12083333333334,544.5333333333333,2.800000000000014,132.87,-130.07,-54.469999999999985,23.74000000000001,77.60000000000001,6503.416666666667,0.0,1.0,0.49999999999999994,-0.8660254037844387,0.0
RP_Talhao_Central,2026-05-15,20.858333333333334,26.8,18.3,3.1,2.27,0.296375,111.70833333333333,0.2348740841665869,2026-05,2.8583333333333343,173.4,539.4958333333333,5.900000000000015,130.37,-124.46999999999998,-53.83,24.02000000000001,77.60000000000001,6376.291666666666,0.0,1.0,0.49999999999999994,-0.8660254037844387,0.0
RP_Talhao_Central,2026-05-16,22.108333333333334,28.8,16.0,0.1,3.2399999999999998,0.29624999999999996,182.5,0.2348740841665869,2026-05,4.108333333333334,172.20833333333334,535.2874999999999,6.000000000000014,128.7,-122.69999999999997,-56.249999999999986,27.350000000000023,75.50000000000001,6303.833333333333,0.0,1.0,0.49999999999999994,-0.8660254037844387,0.0
RP_Talhao_Central,2026-05-17,21.5625,30.2,18.0,2.9000000000000004,3.1,0.30191666666666667,172.66666666666666,0.2348740841665869,2026-05,3.5625,169.99166666666667,530.4041666666666,8.900000000000015,127.27,-118.36999999999998,-66.81999999999998,39.20000000000002,65.50000000000001,6226.75,0.0,1.0,0.49999999999999994,-0.8660254037844387,0.0
RP_Talhao_Central,2026-05-18,20.670833333333334,25.1,17.5,1.5,2.07,0.3005,117.79166666666667,0.2348740841665869,2026-05,2.6708333333333343,166.83333333333331,524.4583333333333,10.400000000000015,125.45,-115.04999999999998,-80.43999999999997,54.68000000000001,51.600000000000016,6127.5,0.0,1.0,0.49999999999999994,-0.8660254037844387,0.0
RP_Talhao_Central,2026-05-19,20.654166666666665,24.8,18.9,2.5,1.98,0.30245833333333333,121.0,0.2348740841665869,2026-05,2.654166666666665,162.60833333333332,520.3041666666667,12.800000000000015,122.86999999999999,-110.06999999999998,-81.24,48.97,51.60000000000001,6015.666666666667,0.0,1.0,0.49999999999999994,-0.8660254037844387,0.0
RP_Talhao_Central,2026-05-20,19.833333333333332,23.8,16.9,2.6,2.4000000000000004,0.3097083333333333,156.16666666666666,0.2348740841665869,2026-05,1.8333333333333321,158.15416666666667,514.5,15.400000000000016,120.1,-104.69999999999997,-82.19999999999999,49.53000000000003,51.30000000000001,5923.083333333333,0.0,1.0,0.49999999999999994,-0.8660254037844387,0.0
RP_Talhao_Central,2026-05-21,19.337500000000002,24.5,15.6,0.0,2.81,0.31925,172.08333333333334,0.2348740841665869,2026-05,1.3375000000000021,153.89583333333331,507.09999999999997,15.400000000000016,117.85000000000001,-102.44999999999999,-82.42999999999998,49.51000000000002,51.30000000000001,5849.625,0.0,1.0,0.49999999999999994,-0.8660254037844387,0.0
RP_Talhao_Central,2026-05-22,19.6125,25.7,14.6,0.2,2.89,0.3160833333333333,176.75,0.2348740841665869,2026-05,1.6125000000000007,149.00416666666666,499.7,15.600000000000016,115.77000000000001,-100.16999999999999,-83.78999999999998,47.60000000000002,50.10000000000001,5786.708333333334,0.0,1.0,0.49999999999999994,-0.8660254037844387,0.0
RP_Talhao_Central,2026-05-23,20.837500000000002,25.8,17.8,0.8,2.45,0.311875,149.41666666666666,0.2348740841665869,2026-05,2.837500000000002,145.14166666666668,495.7291666666667,16.400000000000016,113.04,-96.63999999999999,-85.06,43.190000000000026,48.80000000000001,5703.958333333333,0.0,1.0,0.49999999999999994,-0.8660254037844387,0.0
RP_Talhao_Central,2026-05-24,21.583333333333332,27.4,17.0,0.2,2.77,0.311375,168.04166666666666,0.2348740841665869,2026-05,3.583333333333332,142.1291666666667,494.1666666666667,16.600000000000016,111.77000000000001,-95.16999999999999,-92.73999999999998,36.85000000000004,41.70000000000001,5667.375,0.0,1.0,0.49999999999999994,-0.8660254037844387,0.0
RP_Talhao_Central,2026-05-25,22.366666666666664,27.7,19.0,0.2,2.71,0.30724999999999997,157.91666666666666,0.2348740841665869,2026-05,4.366666666666664,139.46666666666667,493.65,16.800000000000015,110.33,-93.52999999999999,-97.19999999999997,29.709999999999994,37.500000000000014,5607.041666666667,0.0,1.0,0.49999999999999994,-0.8660254037844387,0.0
RP_Talhao_Central,2026-05-26,22.650000000000002,29.0,17.6,0.0,3.04,0.30475,175.75,0.2348740841665869,2026-05,4.650000000000002,136.575,493.16249999999997,16.800000000000015,108.45,-91.64999999999999,-97.47999999999999,-0.6199999999999761,37.40000000000001,5551.25,0.0,1.0,0.49999999999999994,-0.8660254037844387,0.0
RP_Talhao_Central,2026-05-27,22.954166666666666,28.5,18.1,0.0,3.37,0.30554166666666666,185.20833333333334,0.2348740841665869,2026-05,4.954166666666666,134.47083333333333,493.1,15.600000000000014,107.73,-92.13,-95.18999999999997,-18.269999999999996,38.600000000000016,5529.166666666667,0.0,1.0,0.49999999999999994,-0.8660254037844387,0.0
RP_Talhao_Central,2026-05-28,20.845833333333335,26.8,16.1,0.0,3.42,0.3105,197.29166666666666,0.2348740841665869,2026-05,2.845833333333335,129.09583333333333,490.4291666666667,15.400000000000015,106.59,-91.18999999999998,-94.52999999999997,-19.039999999999978,38.80000000000002,5509.166666666667,0.0,1.0,0.49999999999999994,-0.8660254037844387,0.0
RP_Talhao_Central,2026-05-29,20.4375,27.9,14.1,0.0,3.3,0.3145833333333333,191.625,0.2348740841665869,2026-05,2.4375,123.45833333333334,488.82916666666665,15.300000000000015,105.65,-90.35,-93.99000000000001,-18.32999999999997,38.90000000000001,5491.5,0.0,1.0,0.49999999999999994,-0.8660254037844387,0.0
RP_Talhao_Central,2026-05-30,21.224999999999998,27.2,15.9,0.1,3.13,0.31904166666666667,185.0,0.2348740841665869,2026-05,3.224999999999998,119.32083333333334,488.2291666666667,15.400000000000016,104.35000000000001,-88.94999999999999,-96.58,-14.609999999999985,37.10000000000001,5453.708333333334,0.0,1.0,0.49999999999999994,-0.8660254037844387,0.0
RP_Talhao_Central,2026-05-31,20.179166666666667,26.7,14.6,0.0,3.41,0.319,197.08333333333334,0.2348740841665869,2026-05,2.179166666666667,114.44583333333334,485.73333333333335,15.400000000000016,103.26,-87.85999999999999,-99.52,-10.369999999999976,34.500000000000014,5439.541666666667,0.0,1.0,0.49999999999999994,-0.8660254037844387,0.0
RP_Talhao_Central,2026-06-01,19.479166666666668,26.0,14.2,0.0,3.33,0.32408333333333333,193.375,0.2354551999163852,2026-06,1.4791666666666679,109.41250000000001,481.06666666666666,15.400000000000016,101.86,-86.45999999999998,-101.5,-7.289999999999978,32.80000000000001,5406.208333333333,0.0,1.0,1.2246467991473532e-16,-1.0,0.0
RP_Talhao_Central,2026-06-02,18.175,24.8,12.4,0.0,3.23,0.3317083333333333,196.54166666666666,0.2354551999163852,2026-06,0.1750000000000007,104.575,474.175,15.400000000000016,100.37,-84.96999999999998,-109.85999999999999,2.530000000000001,24.600000000000016,5378.208333333334,0.0,1.0,1.2246467991473532e-16,-1.0,0.0
RP_Talhao_Central,2026-06-03,19.429166666666667,26.0,14.3,0.0,3.46,0.33283333333333337,187.66666666666666,0.2354551999163852,2026-06,1.4291666666666671,100.24583333333334,467.42083333333335,15.400000000000016,99.52,-84.11999999999998,-117.95999999999997,12.05000000000004,16.400000000000016,5354.583333333333,0.0,1.0,1.2246467991473532e-16,-1.0,0.0
RP_Talhao_Central,2026-06-04,19.720833333333335,25.9,14.9,0.0,3.73,0.33058333333333334,194.54166666666666,0.2354551999163852,2026-06,1.720833333333335,95.30000000000001,462.01666666666665,15.400000000000016,98.76,-83.35999999999999,-119.16999999999999,0.6900000000000119,15.700000000000015,5340.666666666667,0.0,1.0,1.2246467991473532e-16,-1.0,0.0
RP_Talhao_Central,2026-06-05,18.466666666666665,24.2,13.4,0.0,3.35,0.32879166666666665,195.41666666666666,0.2354551999163852,2026-06,0.466666666666665,89.0,457.55833333333334,15.400000000000016,96.98,-81.57999999999998,-121.57999999999997,-2.779999999999987,14.400000000000015,5315.125,0.0,1.0,1.2246467991473532e-16,-1.0,0.0
RP_Talhao_Central,2026-06-06,17.816666666666666,24.6,11.5,0.0,3.17,0.3270416666666667,198.625,0.2354551999163852,2026-06,0.0,82.04583333333335,450.64166666666665,15.400000000000016,95.17,-79.76999999999998,-126.25999999999998,0.7500000000000142,11.400000000000015,5305.916666666667,0.0,1.0,1.2246467991473532e-16,-1.0,0.0
RP_Talhao_Central,2026-06-07,17.8875,25.1,10.9,0.0,3.21,0.32516666666666666,200.0,0.2354551999163852,2026-06,0.0,74.34583333333335,445.55,15.400000000000016,93.35000000000001,-77.94999999999999,-136.31999999999996,1.4900000000000233,3.2000000000000144,5299.458333333334,0.0,1.0,1.2246467991473532e-16,-1.0,0.0
RP_Talhao_Central,2026-06-08,18.9375,26.6,11.7,0.0,3.53,0.3235,195.41666666666666,0.2354551999163852,2026-06,0.9375,67.34583333333335,441.9666666666667,15.400000000000016,92.02000000000001,-76.61999999999999,-136.89999999999998,-9.649999999999991,3.1000000000000143,5296.375,0.0,1.0,1.2246467991473532e-16,-1.0,0.0
RP_Talhao_Central,2026-06-09,19.508333333333333,26.4,13.1,0.0,3.23,0.32175000000000004,174.95833333333334,0.2354551999163852,2026-06,1.5083333333333329,66.80833333333334,439.01666666666665,15.200000000000015,93.06,-77.85999999999999,-135.1,-23.529999999999973,2.7000000000000144,5365.208333333334,0.0,1.0,1.2246467991473532e-16,-1.0,0.0
RP_Talhao_Central,2026-06-10,20.341666666666665,27.4,13.8,0.0,3.08,0.32033333333333336,169.5,0.2354551999163852,2026-06,2.341666666666665,69.15,436.7333333333333,14.200000000000015,93.11,-78.90999999999998,-133.47,-32.03999999999998,2.800000000000014,5347.166666666667,0.0,1.0,1.2246467991473532e-16,-1.0,0.0
RP_Talhao_Central,2026-06-11,18.462500000000002,22.4,15.7,4.1,1.79,0.320875,101.54166666666667,0.2354551999163852,2026-06,0.46250000000000213,69.61250000000001,433.10833333333335,18.300000000000015,91.17999999999999,-72.87999999999998,-131.92,-54.00999999999999,2.800000000000014,5225.416666666666,0.0,0.0,1.2246467991473532e-16,-1.0,0.0
RP_Talhao_Central,2026-06-12,18.4375,23.2,14.8,4.0,1.83,0.3212916666666667,111.0,0.2354551999163852,2026-06,0.4375,67.25833333333334,428.40833333333336,22.300000000000015,88.94,-66.63999999999999,-131.26999999999998,-54.78999999999998,2.800000000000014,5124.666666666666,0.0,0.0,1.2246467991473532e-16,-1.0,0.0
RP_Talhao_Central,2026-06-13,17.5625,19.4,16.4,15.6,1.11,0.3153333333333333,76.75,0.2354551999163852,2026-06,0.0,62.67500000000001,422.3333333333333,37.90000000000001,86.41,-48.509999999999984,-130.07,-54.469999999999985,2.800000000000014,5013.333333333333,0.0,0.0,1.2246467991473532e-16,-1.0,0.0
RP_Talhao_Central,2026-06-14,18.170833333333334,21.8,16.0,4.8,1.52,0.32837500000000003,97.91666666666667,0.2354551999163852,2026-06,0.17083333333333428,59.98750000000001,415.35,39.60000000000001,85.66000000000001,-46.06,-124.46999999999998,-53.83,5.900000000000015,4999.541666666667,0.0,0.0,1.2246467991473532e-16,-1.0,0.0
RP_Talhao_Central,2026-06-15,18.383333333333333,23.1,15.2,13.6,1.77,0.3562083333333333,121.54166666666667,0.2354551999163852,2026-06,0.38333333333333286,56.2625,409.1375,53.10000000000001,84.19,-31.08999999999999,-122.69999999999997,-56.249999999999986,6.000000000000014,4938.583333333334,0.0,0.0,1.2246467991473532e-16,-1.0,0.0
RP_Talhao_Central,2026-06-16,18.320833333333333,22.3,14.7,0.0,2.55,0.4040416666666667,171.0,0.2354551999163852,2026-06,0.32083333333333286,53.02083333333334,403.12083333333334,50.20000000000001,83.64,-33.43999999999999,-118.36999999999998,-66.81999999999998,8.900000000000015,4936.916666666667,0.0,0.0,1.2246467991473532e-16,-1.0,0.0
RP_Talhao_Central,2026-06-17,15.833333333333334,22.2,11.1,0.0,2.67,0.41654166666666664,181.04166666666666,0.2354551999163852,2026-06,0.0,50.35000000000001,397.30833333333334,48.70000000000001,84.24,-35.539999999999985,-115.04999999999998,-80.43999999999997,10.400000000000015,5000.166666666666,0.0,0.0,1.2246467991473532e-16,-1.0,0.0
RP_Talhao_Central,2026-06-18,16.037499999999998,24.0,10.1,0.0,3.07,0.407375,193.75,0.2354551999163852,2026-06,0.0,47.69583333333334,391.2166666666667,46.20000000000001,85.33,-39.12999999999999,-110.06999999999998,-81.24,12.800000000000015,5072.916666666666,0.0,0.0,1.2246467991473532e-16,-1.0,0.0
RP_Talhao_Central,2026-06-19,18.691666666666666,26.4,13.2,0.0,3.21,0.3921666666666667,190.625,0.2354551999163852,2026-06,0.6916666666666664,46.554166666666674,385.4583333333333,43.60000000000001,86.14,-42.53999999999999,-104.69999999999997,-82.19999999999999,15.400000000000016,5107.375,0.0,0.0,1.2246467991473532e-16,-1.0,0.0
RP_Talhao_Central,2026-06-20,18.879166666666666,24.2,14.4,0.7,2.33,0.3695,133.0,0.2354551999163852,2026-06,0.8791666666666664,46.09583333333333,379.3208333333333,44.30000000000001,85.66,-41.359999999999985,-102.44999999999999,-82.42999999999998,15.400000000000016,5068.291666666666,0.0,0.0,1.2246467991473532e-16,-1.0,0.0
RP_Talhao_Central,2026-06-21,18.2625,24.4,14.2,0.0,2.83,0.363375,188.33333333333334,0.2354551999163852,2026-06,0.2624999999999993,44.74583333333334,372.4708333333333,44.100000000000016,85.6,-41.49999999999998,-100.16999999999999,-83.78999999999998,15.600000000000016,5079.875,0.0,0.0,1.2246467991473532e-16,-1.0,0.0
RP_Talhao_Central,2026-06-22,20.116666666666667,28.2,12.6,0.0,3.57,0.3581666666666667,192.125,0.2354551999163852,2026-06,2.116666666666667,44.025,366.69166666666666,43.30000000000001,86.72,-43.41999999999999,-96.63999999999999,-85.06,16.400000000000016,5122.583333333334,0.0,0.0,1.2246467991473532e-16,-1.0,0.0
RP_Talhao_Central,2026-06-23,18.837500000000002,20.7,16.7,22.0,1.43,0.3565833333333333,89.5,0.2354551999163852,2026-06,0.8375000000000021,41.27916666666667,362.6958333333333,65.10000000000001,85.38,-20.279999999999987,-95.16999999999999,-92.73999999999998,16.600000000000016,5044.041666666667,0.0,0.0,1.2246467991473532e-16,-1.0,0.0
RP_Talhao_Central,2026-06-24,15.833333333333334,17.8,12.9,16.7,0.9500000000000001,0.40770833333333334,65.33333333333333,0.2354551999163852,2026-06,0.0,36.91250000000001,357.2166666666667,81.60000000000001,83.62,-2.019999999999996,-93.52999999999999,-97.19999999999997,16.800000000000015,4951.458333333333,0.0,0.0,1.2246467991473532e-16,-1.0,0.0
RP_Talhao_Central,2026-06-25,15.608333333333334,18.5,13.0,11.5,1.53,0.46399999999999997,109.0,0.2354551999163852,2026-06,0.0,32.2625,350.8208333333333,93.10000000000001,82.11,10.990000000000009,-91.64999999999999,-97.47999999999999,16.800000000000015,4884.708333333333,0.0,0.0,1.2246467991473532e-16,-1.0,0.0
RP_Talhao_Central,2026-06-26,18.875,24.4,14.8,0.0,2.48,0.47741666666666666,160.58333333333334,0.2354551999163852,2026-06,0.875,28.183333333333337,345.6625,93.10000000000001,81.22,11.88000000000001,-92.13,-95.18999999999997,15.600000000000014,4860.083333333333,0.0,0.0,1.2246467991473532e-16,-1.0,0.0
RP_Talhao_Central,2026-06-27,19.954166666666666,26.7,15.3,0.0,2.97,0.46854166666666663,182.66666666666666,0.2354551999163852,2026-06,1.9541666666666657,27.291666666666668,341.33333333333337,93.10000000000001,80.77000000000001,12.329999999999998,-91.18999999999998,-94.52999999999997,15.400000000000015,4845.458333333333,0.0,0.0,1.2246467991473532e-16,-1.0,0.0
RP_Talhao_Central,2026-06-28,20.3,26.8,15.2,0.0,2.98,0.45937500000000003,187.91666666666666,0.2354551999163852,2026-06,2.3000000000000007,27.15416666666667,336.84583333333336,93.10000000000001,80.44999999999999,12.65000000000002,-90.35,-93.99000000000001,15.300000000000015,4841.75,0.0,0.0,1.2246467991473532e-16,-1.0,0.0
RP_Talhao_Central,2026-06-29,20.875,27.0,15.7,0.0,3.11,0.4504166666666667,186.83333333333334,0.2354551999163852,2026-06,2.875,26.80416666666667,334.77500000000003,93.00000000000001,80.42999999999999,12.570000000000022,-88.94999999999999,-96.58,15.400000000000016,4843.583333333333,0.0,0.0,1.2246467991473532e-16,-1.0,0.0
RP_Talhao_Central,2026-06-30,20.4375,26.9,15.0,0.0,3.15,0.43933333333333335,188.70833333333334,0.2354551999163852,2026-06,2.4375,27.062500000000004,332.25,93.00000000000001,80.17,12.830000000000013,-87.85999999999999,-99.52,15.400000000000016,4835.208333333333,0.0,0.0,1.2246467991473532e-16,-1.0,0.0
RP_Talhao_Central,2026-07-01,20.683333333333334,26.8,15.4,0.0,3.14,0.42924999999999996,188.29166666666666,0.2378814392429888,2026-07,2.6833333333333336,28.26666666666667,329.1875,93.00000000000001,79.98,13.02000000000001,-86.45999999999998,-101.5,15.400000000000016,4830.125,0.0,0.0,-0.4999999999999998,-0.8660254037844388,0.0
RP_Talhao_Central,2026-07-02,20.141666666666666,26.5,14.5,0.0,2.97,0.41312499999999996,192.33333333333334,0.2378814392429888,2026-07,2.1416666666666657,30.233333333333334,325.3125,93.00000000000001,79.72,13.280000000000015,-84.96999999999998,-109.85999999999999,15.400000000000016,4825.916666666666,0.0,0.0,-0.4999999999999998,-0.8660254037844388,0.0
RP_Talhao_Central,2026-07-03,19.7,26.4,13.9,0.0,2.92,0.39254166666666673,190.375,0.2378814392429888,2026-07,1.6999999999999993,30.504166666666666,320.1875,93.00000000000001,79.18,13.820000000000007,-84.11999999999998,-117.95999999999997,15.400000000000016,4828.625,0.0,0.0,-0.4999999999999998,-0.8660254037844388,0.0
RP_Talhao_Central,2026-07-04,19.966666666666665,26.8,14.6,0.0,3.16,0.38225,187.375,0.2378814392429888,2026-07,1.966666666666665,30.749999999999996,315.32916666666665,93.00000000000001,78.61,14.390000000000015,-83.35999999999999,-119.16999999999999,15.400000000000016,4821.458333333333,0.0,0.0,-0.4999999999999998,-0.8660254037844388,0.0
RP_Talhao_Central,2026-07-05,19.916666666666668,25.9,15.3,0.0,3.08,0.381,185.54166666666666,0.2378814392429888,2026-07,1.9166666666666679,32.2,310.8666666666667,93.00000000000001,78.33999999999999,14.660000000000025,-81.57999999999998,-121.57999999999997,15.400000000000016,4811.583333333333,0.0,0.0,-0.4999999999999998,-0.8660254037844388,0.0
RP_Talhao_Central,2026-07-06,19.974999999999998,26.1,15.1,0.0,3.05,0.384125,183.75,0.2378814392429888,2026-07,1.9749999999999979,34.175,307.4458333333333,93.00000000000001,78.22000000000001,14.780000000000001,-79.76999999999998,-126.25999999999998,15.400000000000016,4796.708333333333,0.0,0.0,-0.4999999999999998,-0.8660254037844388,0.0
RP_Talhao_Central,2026-07-07,18.75,24.7,12.5,0.1,3.04,0.3992083333333334,187.5,0.2378814392429888,2026-07,0.75,34.925,302.6791666666667,93.10000000000001,78.05,15.050000000000011,-77.94999999999999,-136.31999999999996,15.400000000000016,4784.208333333333,0.0,0.0,-0.4999999999999998,-0.8660254037844388,0.0
RP_Talhao_Central,2026-07-08,18.133333333333333,23.6,12.7,0.0,2.75,0.40116666666666667,186.08333333333334,0.2378814392429888,2026-07,0.13333333333333286,34.12083333333333,296.72083333333336,93.10000000000001,77.27,15.830000000000013,-76.61999999999999,-136.89999999999998,15.400000000000016,4774.875,0.0,0.0,-0.4999999999999998,-0.8660254037844388,0.0
RP_Talhao_Central,2026-07-09,17.570833333333333,25.1,11.6,0.0,3.07,0.40841666666666665,201.375,0.2378814392429888,2026-07,0.0,32.6125,290.5708333333333,93.10000000000001,77.11,15.990000000000009,-77.85999999999999,-135.1,15.200000000000015,4801.291666666666,0.0,0.0,-0.4999999999999998,-0.8660254037844388,0.0
RP_Talhao_Central,2026-07-10,18.337500000000002,26.7,10.7,0.0,3.16,0.40970833333333334,198.66666666666666,0.2378814392429888,2026-07,0.33750000000000213,30.608333333333334,285.31666666666666,93.10000000000001,77.19,15.91000000000001,-78.90999999999998,-133.47,14.200000000000015,4830.458333333333,0.0,0.0,-0.4999999999999998,-0.8660254037844388,0.0
RP_Talhao_Central,2026-07-11,20.241666666666667,28.5,13.6,0.0,3.69,0.4048333333333333,196.54166666666666,0.2378814392429888,2026-07,2.241666666666667,32.3875,281.5625,89.0,79.09,9.909999999999997,-72.87999999999998,-131.92,18.300000000000015,4925.458333333334,0.0,0.0,-0.4999999999999998,-0.8660254037844388,0.0
RP_Talhao_Central,2026-07-12,19.629166666666666,26.0,14.5,2.3,2.65,0.4137916666666666,152.125,0.2378814392429888,2026-07,1.6291666666666664,33.579166666666666,277.675,87.30000000000001,79.91000000000001,7.390000000000001,-66.63999999999999,-131.26999999999998,22.300000000000015,4966.583333333334,0.0,0.0,-0.4999999999999998,-0.8660254037844388,0.0
RP_Talhao_Central,2026-07-13,17.724999999999998,22.6,13.4,0.4,3.06,0.388875,194.625,0.2378814392429888,2026-07,0.0,33.579166666666666,272.375,72.10000000000001,81.86,-9.759999999999991,-48.509999999999984,-130.07,37.90000000000001,5084.458333333334,0.0,0.0,-0.4999999999999998,-0.8660254037844388,0.0
RP_Talhao_Central,2026-07-14,14.799999999999999,22.7,8.3,0.0,3.2600000000000002,0.38599999999999995,206.83333333333334,0.2378814392429888,2026-07,0.0,33.40833333333333,266.79583333333335,67.30000000000001,83.6,-16.299999999999983,-46.06,-124.46999999999998,39.60000000000001,5193.375,0.0,1.0,-0.4999999999999998,-0.8660254037844388,0.0
RP_Talhao_Central,2026-07-15,17.05,25.0,11.5,0.0,3.82,0.39125000000000004,207.375,0.2378814392429888,2026-07,0.0,33.025,261.49583333333334,53.70000000000001,85.65,-31.949999999999996,-31.08999999999999,-122.69999999999997,53.10000000000001,5279.208333333333,0.0,1.0,-0.4999999999999998,-0.8660254037844388,0.0
RP_Talhao_Central,2026-07-16,18.587500000000002,26.6,13.2,0.0,3.92,0.39799999999999996,204.04166666666666,0.2378814392429888,2026-07,0.5875000000000021,33.29166666666667,256.3041666666667,53.70000000000001,87.02,-33.319999999999986,-33.43999999999999,-118.36999999999998,50.20000000000001,5312.25,0.0,1.0,-0.4999999999999998,-0.8660254037844388,0.0
RP_Talhao_Central,2026-07-17,17.804166666666667,25.2,12.5,0.0,3.88,0.40441666666666665,207.45833333333334,0.2378814392429888,2026-07,0.0,33.29166666666667,250.475,53.70000000000001,88.23,-34.529999999999994,-35.539999999999985,-115.04999999999998,48.70000000000001,5338.666666666667,0.0,1.0,-0.4999999999999998,-0.8660254037844388,0.0
RP_Talhao_Central,2026-07-18,17.875,25.4,11.9,0.0,3.57,0.4123333333333333,207.20833333333334,0.2378814392429888,2026-07,0.0,33.29166666666667,243.59583333333333,53.70000000000001,88.73,-35.029999999999994,-39.12999999999999,-110.06999999999998,46.20000000000001,5352.125,0.0,1.0,-0.4999999999999998,-0.8660254037844388,0.0
RP_Talhao_Central,2026-07-19,19.295833333333334,26.1,13.3,0.0,3.95,0.41100000000000003,206.91666666666666,0.2378814392429888,2026-07,1.2958333333333343,33.89583333333334,238.60416666666669,53.70000000000001,89.47,-35.76999999999999,-42.53999999999999,-104.69999999999997,43.60000000000001,5368.416666666667,0.0,1.0,-0.4999999999999998,-0.8660254037844388,0.0
RP_Talhao_Central,2026-07-20,20.3,26.9,14.7,0.0,3.65,0.39995833333333336,204.75,0.2378814392429888,2026-07,2.3000000000000007,35.31666666666667,235.30833333333334,53.00000000000001,90.79,-37.79,-41.359999999999985,-102.44999999999999,44.30000000000001,5440.166666666667,0.0,1.0,-0.4999999999999998,-0.8660254037844388,0.0
RP_Talhao_Central,2026-07-21,20.212500000000002,27.3,14.4,0.0,3.58,0.38625,206.66666666666666,0.2378814392429888,2026-07,2.212500000000002,37.26666666666668,231.01666666666668,53.00000000000001,91.54,-38.54,-41.49999999999998,-100.16999999999999,44.100000000000016,5458.5,0.0,1.0,-0.4999999999999998,-0.8660254037844388,0.0
RP_Talhao_Central,2026-07-22,20.629166666666666,28.3,13.8,0.0,3.6799999999999997,0.38025,201.29166666666666,0.2378814392429888,2026-07,2.6291666666666664,37.77916666666667,226.94583333333333,53.00000000000001,91.64999999999999,-38.649999999999984,-43.41999999999999,-96.63999999999999,43.30000000000001,5467.666666666666,0.0,1.0,-0.4999999999999998,-0.8660254037844388,0.0
RP_Talhao_Central,2026-07-23,21.016666666666666,28.1,15.8,0.0,3.35,0.37483333333333335,185.5,0.2378814392429888,2026-07,3.0166666666666657,39.958333333333336,223.36666666666667,31.000000000000014,93.57000000000001,-62.56999999999999,-20.279999999999987,-95.16999999999999,65.10000000000001,5563.666666666666,0.0,1.0,-0.4999999999999998,-0.8660254037844388,0.0
RP_Talhao_Central,2026-07-24,17.233333333333334,22.0,15.1,10.4,1.84,0.371125,121.70833333333333,0.2378814392429888,2026-07,0.0,39.958333333333336,216.3375,24.700000000000017,94.46,-69.75999999999998,-2.019999999999996,-93.52999999999999,81.60000000000001,5620.041666666667,0.0,1.0,-0.4999999999999998,-0.8660254037844388,0.0
RP_Talhao_Central,2026-07-25,16.92083333333333,22.2,14.4,7.600000000000001,2.3000000000000003,0.38158333333333333,157.0,0.2378814392429888,2026-07,0.0,39.958333333333336,208.79583333333335,20.80000000000002,95.23,-74.42999999999998,10.990000000000009,-91.64999999999999,93.10000000000001,5668.041666666667,0.0,1.0,-0.4999999999999998,-0.8660254037844388,0.0
RP_Talhao_Central,2026-07-26,18.0,25.4,12.6,0.0,3.0300000000000002,0.376125,201.33333333333334,0.2378814392429888,2026-07,0.0,39.083333333333336,201.7375,20.80000000000002,95.78,-74.97999999999999,11.88000000000001,-92.13,93.10000000000001,5708.791666666667,0.0,1.0,-0.4999999999999998,-0.8660254037844388,0.0
RP_Talhao_Central,2026-07-27,19.6375,27.4,13.4,0.0,3.36,0.3717083333333333,209.66666666666666,0.2378814392429888,2026-07,1.6374999999999993,38.766666666666666,195.15416666666667,20.80000000000002,96.17,-75.36999999999998,12.329999999999998,-91.18999999999998,93.10000000000001,5735.791666666667,0.0,1.0,-0.4999999999999998,-0.8660254037844388,0.0
RP_Talhao_Central,2026-07-28,20.654166666666665,28.8,13.7,0.0,3.52,0.3645,212.125,0.2378814392429888,2026-07,2.654166666666665,39.12083333333334,189.73333333333335,20.80000000000002,96.71000000000001,-75.91,12.65000000000002,-90.35,93.10000000000001,5760.0,0.0,1.0,-0.4999999999999998,-0.8660254037844388,0.0
RP_Talhao_Central,2026-07-29,21.53333333333333,30.4,14.4,0.0,3.92,0.3605833333333333,200.0,0.2378814392429888,2026-07,3.5333333333333314,39.77916666666667,185.90416666666667,20.80000000000002,97.52000000000001,-76.72,12.570000000000022,-88.94999999999999,93.00000000000001,5773.166666666667,0.0,1.0,-0.4999999999999998,-0.8660254037844388,0.0
RP_Talhao_Central,2026-07-30,20.916666666666668,27.1,15.5,0.0,3.2,0.35641666666666666,166.25,0.2378814392429888,2026-07,2.916666666666668,40.25833333333334,181.76666666666665,20.80000000000002,97.57000000000001,-76.76999999999998,12.830000000000013,-87.85999999999999,93.00000000000001,5750.708333333334,0.0,1.0,-0.4999999999999998,-0.8660254037844388,0.0
RP_Talhao_Central,2026-07-31,20.858333333333334,27.9,15.7,0.0,4.33,0.3622916666666667,218.5,0.2378814392429888,2026-07,2.8583333333333343,40.43333333333334,178.1125,20.80000000000002,98.76,-77.95999999999998,13.02000000000001,-86.45999999999998,93.00000000000001,5780.916666666667,0.0,1.0,-0.4999999999999998,-0.8660254037844388,0.0
RP_Talhao_Central,2026-08-01,20.733333333333334,27.2,15.6,0.0,4.08,0.3645833333333333,216.83333333333334,0.2106968991467145,2026-08,2.7333333333333343,41.025000000000006,175.83333333333334,20.80000000000002,99.87,-79.07,13.280000000000015,-84.96999999999998,93.00000000000001,5805.416666666667,0.0,1.0,-0.8660254037844384,-0.5000000000000004,0.0
RP_Talhao_Central,2026-08-02,21.0,28.3,14.7,0.0,4.0200000000000005,0.3619583333333333,221.04166666666666,0.2106968991467145,2026-08,3.0,42.325,173.075,20.80000000000002,100.97,-80.16999999999999,13.820000000000007,-84.11999999999998,93.00000000000001,5836.083333333334,0.0,1.0,-0.8660254037844384,-0.5000000000000004,0.0
RP_Talhao_Central,2026-08-03,20.191666666666666,27.0,14.5,0.0,3.56,0.3746666666666667,188.79166666666666,0.2106968991467145,2026-08,2.1916666666666664,42.550000000000004,168.60000000000002,20.80000000000002,101.37,-80.57,14.390000000000015,-83.35999999999999,93.00000000000001,5837.5,0.0,1.0,-0.8660254037844384,-0.5000000000000004,0.0
RP_Talhao_Central,2026-08-04,20.779166666666665,27.6,15.9,0.0,3.35,0.381375,167.25,0.2106968991467145,2026-08,2.779166666666665,43.41250000000001,164.61249999999998,20.80000000000002,101.64,-80.83999999999997,14.660000000000025,-81.57999999999998,93.00000000000001,5819.208333333333,0.0,1.0,-0.8660254037844384,-0.5000000000000004,0.0
RP_Talhao_Central,2026-08-05,21.875,28.7,15.5,0.2,4.08,0.3786666666666667,212.08333333333334,0.2106968991467145,2026-08,3.875,45.3125,161.53333333333333,21.000000000000018,102.66999999999999,-81.66999999999997,14.780000000000001,-79.76999999999998,93.00000000000001,5847.541666666667,0.0,1.0,-0.8660254037844384,-0.5000000000000004,0.0
RP_Talhao_Central,2026-08-06,21.645833333333332,27.9,16.6,1.5,3.46,0.37633333333333335,195.29166666666666,0.2106968991467145,2026-08,3.645833333333332,48.208333333333336,157.47916666666666,22.400000000000016,103.09,-80.68999999999998,15.050000000000011,-77.94999999999999,93.10000000000001,5855.333333333333,0.0,1.0,-0.8660254037844384,-0.5000000000000004,0.0
RP_Talhao_Central,2026-08-07,21.791666666666668,26.6,17.6,0.0,3.0500000000000003,0.380625,154.45833333333334,0.2106968991467145,2026-08,3.791666666666668,51.866666666666674,153.33333333333334,22.400000000000016,103.39,-80.98999999999998,15.830000000000013,-76.61999999999999,93.10000000000001,5823.708333333334,0.0,1.0,-0.8660254037844384,-0.5000000000000004,0.0
RP_Talhao_Central,2026-08-08,22.90416666666667,29.7,16.4,0.0,4.109999999999999,0.384125,210.5,0.2106968991467145,2026-08,4.904166666666669,56.77083333333334,156.19166666666666,22.400000000000016,104.42999999999999,-82.02999999999997,15.990000000000009,-77.85999999999999,93.10000000000001,5832.833333333334,0.0,1.0,-0.8660254037844384,-0.5000000000000004,0.0
RP_Talhao_Central,2026-08-09,24.675,30.9,19.6,0.1,4.14,0.38929166666666665,205.83333333333334,0.2106968991467145,2026-08,6.675000000000001,63.108333333333334,162.86666666666667,22.500000000000014,105.41,-82.90999999999998,15.91000000000001,-78.90999999999998,93.10000000000001,5840.0,0.0,1.0,-0.8660254037844384,-0.5000000000000004,0.0
RP_Talhao_Central,2026-08-10,22.53333333333333,29.9,17.8,0.0,4.21,0.3913333333333333,213.58333333333334,0.2106968991467145,2026-08,4.533333333333331,65.4,167.4,22.500000000000014,105.93,-83.42999999999999,9.909999999999997,-72.87999999999998,89.0,5857.041666666666,0.0,1.0,-0.8660254037844384,-0.5000000000000004,0.0
RP_Talhao_Central,2026-08-11,21.34583333333333,29.2,15.5,0.0,4.15,0.38825,220.20833333333334,0.2106968991467145,2026-08,3.3458333333333314,67.11666666666667,167.95416666666668,20.200000000000017,107.42999999999999,-87.22999999999998,7.390000000000001,-66.63999999999999,87.30000000000001,5925.125,0.0,1.0,-0.8660254037844384,-0.5000000000000004,0.0
RP_Talhao_Central,2026-08-12,22.875,30.0,17.4,0.1,3.89,0.3834166666666667,213.625,0.2106968991467145,2026-08,4.875,71.99166666666667,168.24583333333334,19.900000000000016,108.26,-88.35999999999999,-9.759999999999991,-48.509999999999984,72.10000000000001,5944.125,0.0,1.0,-0.8660254037844384,-0.5000000000000004,0.0
